Council,Region,Year,PropertyType,NumSales,MedianPrice,MeanPrice,YoY_Median_Growth_Pct,Median_Index_2004base,IsAggregate,IsPreliminary
Alpine Shire,Regional Victoria,2004,House,215,175000,193221,,100,FALSE,FALSE
Alpine Shire,Regional Victoria,2005,House,232,212500,234846,21.43,121.4,FALSE,FALSE
Alpine Shire,Regional Victoria,2006,House,222,240000,261349,12.94,137.1,FALSE,FALSE
Alpine Shire,Regional Victoria,2007,House,240,250000,284654,4.17,142.9,FALSE,FALSE
Alpine Shire,Regional Victoria,2008,House,135,235000,257562,-6,134.3,FALSE,FALSE
Alpine Shire,Regional Victoria,2009,House,166,240000,260268,2.13,137.1,FALSE,FALSE
Alpine Shire,Regional Victoria,2010,House,90,243500,279688,1.46,139.1,FALSE,FALSE
Alpine Shire,Regional Victoria,2011,House,144,263500,282726,8.21,150.6,FALSE,FALSE
Alpine Shire,Regional Victoria,2012,House,162,260000,283762,-1.33,148.6,FALSE,FALSE
Alpine Shire,Regional Victoria,2013,House,171,272500,293760,4.81,155.7,FALSE,FALSE
Alpine Shire,Regional Victoria,2014,House,185,270000,294889,-0.92,154.3,FALSE,FALSE
Alpine Shire,Regional Victoria,2015,House,208,307000,315481,13.7,175.4,FALSE,FALSE
Alpine Shire,Regional Victoria,2016,House,233,325000,351412,5.86,185.7,FALSE,FALSE
Alpine Shire,Regional Victoria,2017,House,247,350000,374240,7.69,200,FALSE,FALSE
Alpine Shire,Regional Victoria,2018,House,218,372000,408328,6.29,212.6,FALSE,FALSE
Alpine Shire,Regional Victoria,2019,House,214,443750,458745,19.29,253.6,FALSE,FALSE
Alpine Shire,Regional Victoria,2020,House,242,482500,527112,8.73,275.7,FALSE,FALSE
Alpine Shire,Regional Victoria,2021,House,250,645500,705464,33.78,368.9,FALSE,FALSE
Alpine Shire,Regional Victoria,2022,House,185,768000,852054,18.98,438.9,FALSE,FALSE
Alpine Shire,Regional Victoria,2023,House,131,680000,791992,-11.46,388.6,FALSE,FALSE
Alpine Shire,Regional Victoria,2024,House,168,722500,775842,6.25,412.9,FALSE,FALSE
Alpine Shire,Regional Victoria,2025,House,18,722500,811083,0,412.9,FALSE,TRUE
Alpine Shire,Regional Victoria,2004,Unit/Apartment,56,189500,190079,,100,FALSE,FALSE
Alpine Shire,Regional Victoria,2005,Unit/Apartment,61,225000,218625,18.73,118.7,FALSE,FALSE
Alpine Shire,Regional Victoria,2006,Unit/Apartment,59,230000,259181,2.22,121.4,FALSE,FALSE
Alpine Shire,Regional Victoria,2007,Unit/Apartment,57,190000,242856,-17.39,100.3,FALSE,FALSE
Alpine Shire,Regional Victoria,2008,Unit/Apartment,32,260000,265696,36.84,137.2,FALSE,FALSE
Alpine Shire,Regional Victoria,2009,Unit/Apartment,44,242000,242142,-6.92,127.7,FALSE,FALSE
Alpine Shire,Regional Victoria,2010,Unit/Apartment,26,253000,259288,4.55,133.5,FALSE,FALSE
Alpine Shire,Regional Victoria,2011,Unit/Apartment,39,225000,225384,-11.07,118.7,FALSE,FALSE
Alpine Shire,Regional Victoria,2012,Unit/Apartment,42,218750,219047,-2.78,115.4,FALSE,FALSE
Alpine Shire,Regional Victoria,2013,Unit/Apartment,31,209000,219043,-4.46,110.3,FALSE,FALSE
Alpine Shire,Regional Victoria,2014,Unit/Apartment,50,210000,216646,0.48,110.8,FALSE,FALSE
Alpine Shire,Regional Victoria,2015,Unit/Apartment,49,190000,239234,-9.52,100.3,FALSE,FALSE
Alpine Shire,Regional Victoria,2016,Unit/Apartment,50,293000,294020,54.21,154.6,FALSE,FALSE
Alpine Shire,Regional Victoria,2017,Unit/Apartment,56,295000,293146,0.68,155.7,FALSE,FALSE
Alpine Shire,Regional Victoria,2018,Unit/Apartment,60,302500,294797,2.54,159.6,FALSE,FALSE
Alpine Shire,Regional Victoria,2019,Unit/Apartment,43,405000,386244,33.88,213.7,FALSE,FALSE
Alpine Shire,Regional Victoria,2020,Unit/Apartment,46,385000,394036,-4.94,203.2,FALSE,FALSE
Alpine Shire,Regional Victoria,2021,Unit/Apartment,65,490000,498458,27.27,258.6,FALSE,FALSE
Alpine Shire,Regional Victoria,2022,Unit/Apartment,30,597500,619166,21.94,315.3,FALSE,FALSE
Alpine Shire,Regional Victoria,2023,Unit/Apartment,27,555000,548148,-7.11,292.9,FALSE,FALSE
Alpine Shire,Regional Victoria,2024,Unit/Apartment,29,580000,512534,4.5,306.1,FALSE,FALSE
Alpine Shire,Regional Victoria,2025,Unit/Apartment,4,620000,611250,6.9,327.2,FALSE,TRUE
Alpine Shire,Regional Victoria,2004,Vacant Land,74,78500,74515,,100,FALSE,FALSE
Alpine Shire,Regional Victoria,2005,Vacant Land,70,110000,106686,40.13,140.1,FALSE,FALSE
Alpine Shire,Regional Victoria,2006,Vacant Land,72,120000,127890,9.09,152.9,FALSE,FALSE
Alpine Shire,Regional Victoria,2007,Vacant Land,68,138000,160531,15,175.8,FALSE,FALSE
Alpine Shire,Regional Victoria,2008,Vacant Land,35,105000,119595,-23.91,133.8,FALSE,FALSE
Alpine Shire,Regional Victoria,2009,Vacant Land,49,115000,149989,9.52,146.5,FALSE,FALSE
Alpine Shire,Regional Victoria,2010,Vacant Land,35,128500,120850,11.74,163.7,FALSE,FALSE
Alpine Shire,Regional Victoria,2011,Vacant Land,57,110000,120217,-14.4,140.1,FALSE,FALSE
Alpine Shire,Regional Victoria,2012,Vacant Land,49,112000,112310,1.82,142.7,FALSE,FALSE
Alpine Shire,Regional Victoria,2013,Vacant Land,62,96200,103464,-14.11,122.5,FALSE,FALSE
Alpine Shire,Regional Victoria,2014,Vacant Land,69,117500,131173,22.14,149.7,FALSE,FALSE
Alpine Shire,Regional Victoria,2015,Vacant Land,74,129250,127792,10,164.6,FALSE,FALSE
Alpine Shire,Regional Victoria,2016,Vacant Land,84,141000,145598,9.09,179.6,FALSE,FALSE
Alpine Shire,Regional Victoria,2017,Vacant Land,109,150000,163962,6.38,191.1,FALSE,FALSE
Alpine Shire,Regional Victoria,2018,Vacant Land,106,163500,171440,9,208.3,FALSE,FALSE
Alpine Shire,Regional Victoria,2019,Vacant Land,69,175000,193728,7.03,222.9,FALSE,FALSE
Alpine Shire,Regional Victoria,2020,Vacant Land,97,190000,217389,8.57,242,FALSE,FALSE
Alpine Shire,Regional Victoria,2021,Vacant Land,74,240000,253005,26.32,305.7,FALSE,FALSE
Alpine Shire,Regional Victoria,2022,Vacant Land,42,350000,390654,45.83,445.9,FALSE,FALSE
Alpine Shire,Regional Victoria,2023,Vacant Land,20,370000,412250,5.71,471.3,FALSE,FALSE
Alpine Shire,Regional Victoria,2024,Vacant Land,21,400000,489857,8.11,509.6,FALSE,FALSE
Alpine Shire,Regional Victoria,2025,Vacant Land,2,240000,240000,-40,305.7,FALSE,TRUE
Ararat Rural City,Regional Victoria,2004,House,191,125000,125960,,100,FALSE,FALSE
Ararat Rural City,Regional Victoria,2005,House,214,140000,146016,12,112,FALSE,FALSE
Ararat Rural City,Regional Victoria,2006,House,153,137000,148871,-2.14,109.6,FALSE,FALSE
Ararat Rural City,Regional Victoria,2007,House,201,145000,151856,5.84,116,FALSE,FALSE
Ararat Rural City,Regional Victoria,2008,House,139,137000,148592,-5.52,109.6,FALSE,FALSE
Ararat Rural City,Regional Victoria,2009,House,205,150000,161640,9.49,120,FALSE,FALSE
Ararat Rural City,Regional Victoria,2010,House,187,169000,179064,12.67,135.2,FALSE,FALSE
Ararat Rural City,Regional Victoria,2011,House,152,165000,181191,-2.37,132,FALSE,FALSE
Ararat Rural City,Regional Victoria,2012,House,139,160000,172991,-3.03,128,FALSE,FALSE
Ararat Rural City,Regional Victoria,2013,House,171,168000,186820,5,134.4,FALSE,FALSE
Ararat Rural City,Regional Victoria,2014,House,156,191500,200452,13.99,153.2,FALSE,FALSE
Ararat Rural City,Regional Victoria,2015,House,123,210000,219761,9.66,168,FALSE,FALSE
Ararat Rural City,Regional Victoria,2016,House,166,190000,203307,-9.52,152,FALSE,FALSE
Ararat Rural City,Regional Victoria,2017,House,172,192500,207351,1.32,154,FALSE,FALSE
Ararat Rural City,Regional Victoria,2018,House,209,190000,210758,-1.3,152,FALSE,FALSE
Ararat Rural City,Regional Victoria,2019,House,194,203750,222632,7.24,163,FALSE,FALSE
Ararat Rural City,Regional Victoria,2020,House,192,240000,250774,17.79,192,FALSE,FALSE
Ararat Rural City,Regional Victoria,2021,House,226,310000,337669,29.17,248,FALSE,FALSE
Ararat Rural City,Regional Victoria,2022,House,201,370000,369935,19.35,296,FALSE,FALSE
Ararat Rural City,Regional Victoria,2023,House,171,360000,373002,-2.7,288,FALSE,FALSE
Ararat Rural City,Regional Victoria,2024,House,182,365000,384995,1.39,292,FALSE,FALSE
Ararat Rural City,Regional Victoria,2025,House,25,335000,371080,-8.22,268,FALSE,TRUE
Ararat Rural City,Regional Victoria,2004,Unit/Apartment,17,90000,90968,,100,FALSE,FALSE
Ararat Rural City,Regional Victoria,2005,Unit/Apartment,18,111775,110169,24.19,124.2,FALSE,FALSE
Ararat Rural City,Regional Victoria,2006,Unit/Apartment,8,187500,175312,67.75,208.3,FALSE,FALSE
Ararat Rural City,Regional Victoria,2007,Unit/Apartment,37,120000,137229,-36,133.3,FALSE,FALSE
Ararat Rural City,Regional Victoria,2008,Unit/Apartment,19,153000,155381,27.5,170,FALSE,FALSE
Ararat Rural City,Regional Victoria,2009,Unit/Apartment,28,135000,146062,-11.76,150,FALSE,FALSE
Ararat Rural City,Regional Victoria,2010,Unit/Apartment,27,126000,139827,-6.67,140,FALSE,FALSE
Ararat Rural City,Regional Victoria,2011,Unit/Apartment,16,231250,212921,83.53,256.9,FALSE,FALSE
Ararat Rural City,Regional Victoria,2012,Unit/Apartment,11,250000,225454,8.11,277.8,FALSE,FALSE
Ararat Rural City,Regional Victoria,2013,Unit/Apartment,14,168500,169357,-32.6,187.2,FALSE,FALSE
Ararat Rural City,Regional Victoria,2014,Unit/Apartment,9,185000,195777,9.79,205.6,FALSE,FALSE
Ararat Rural City,Regional Victoria,2015,Unit/Apartment,10,170000,196900,-8.11,188.9,FALSE,FALSE
Ararat Rural City,Regional Victoria,2016,Unit/Apartment,11,162000,182172,-4.71,180,FALSE,FALSE
Ararat Rural City,Regional Victoria,2017,Unit/Apartment,11,120000,151500,-25.93,133.3,FALSE,FALSE
Ararat Rural City,Regional Victoria,2018,Unit/Apartment,22,208840,203440,74.03,232,FALSE,FALSE
Ararat Rural City,Regional Victoria,2019,Unit/Apartment,20,207000,218375,-0.88,230,FALSE,FALSE
Ararat Rural City,Regional Victoria,2020,Unit/Apartment,22,207500,225779,0.24,230.6,FALSE,FALSE
Ararat Rural City,Regional Victoria,2021,Unit/Apartment,28,238500,252785,14.94,265,FALSE,FALSE
Ararat Rural City,Regional Victoria,2022,Unit/Apartment,20,248500,252674,4.19,276.1,FALSE,FALSE
Ararat Rural City,Regional Victoria,2023,Unit/Apartment,22,315000,340954,26.76,350,FALSE,FALSE
Ararat Rural City,Regional Victoria,2024,Unit/Apartment,14,302500,325214,-3.97,336.1,FALSE,FALSE
Ararat Rural City,Regional Victoria,2025,Unit/Apartment,4,300000,300250,-0.83,333.3,FALSE,TRUE
Ararat Rural City,Regional Victoria,2004,Vacant Land,41,36000,33554,,100,FALSE,FALSE
Ararat Rural City,Regional Victoria,2005,Vacant Land,35,45000,40205,25,125,FALSE,FALSE
Ararat Rural City,Regional Victoria,2006,Vacant Land,32,51250,51806,13.89,142.4,FALSE,FALSE
Ararat Rural City,Regional Victoria,2007,Vacant Land,23,42500,47669,-17.07,118.1,FALSE,FALSE
Ararat Rural City,Regional Victoria,2008,Vacant Land,23,50000,52804,17.65,138.9,FALSE,FALSE
Ararat Rural City,Regional Victoria,2009,Vacant Land,24,68000,59625,36,188.9,FALSE,FALSE
Ararat Rural City,Regional Victoria,2010,Vacant Land,24,71250,68375,4.78,197.9,FALSE,FALSE
Ararat Rural City,Regional Victoria,2011,Vacant Land,17,70000,63976,-1.75,194.4,FALSE,FALSE
Ararat Rural City,Regional Victoria,2012,Vacant Land,19,80000,68002,14.29,222.2,FALSE,FALSE
Ararat Rural City,Regional Victoria,2013,Vacant Land,23,53500,61530,-33.13,148.6,FALSE,FALSE
Ararat Rural City,Regional Victoria,2014,Vacant Land,18,80250,74833,50,222.9,FALSE,FALSE
Ararat Rural City,Regional Victoria,2015,Vacant Land,27,71600,66995,-10.78,198.9,FALSE,FALSE
Ararat Rural City,Regional Victoria,2016,Vacant Land,19,48000,52503,-32.96,133.3,FALSE,FALSE
Ararat Rural City,Regional Victoria,2017,Vacant Land,10,58625,67475,22.14,162.8,FALSE,FALSE
Ararat Rural City,Regional Victoria,2018,Vacant Land,25,60000,70024,2.35,166.7,FALSE,FALSE
Ararat Rural City,Regional Victoria,2019,Vacant Land,15,55000,76103,-8.33,152.8,FALSE,FALSE
Ararat Rural City,Regional Victoria,2020,Vacant Land,42,73500,72778,33.64,204.2,FALSE,FALSE
Ararat Rural City,Regional Victoria,2021,Vacant Land,54,155000,138925,110.88,430.6,FALSE,FALSE
Ararat Rural City,Regional Victoria,2022,Vacant Land,45,153000,150785,-1.29,425,FALSE,FALSE
Ararat Rural City,Regional Victoria,2023,Vacant Land,32,151500,161815,-0.98,420.8,FALSE,FALSE
Ararat Rural City,Regional Victoria,2024,Vacant Land,23,131400,152952,-13.27,365,FALSE,FALSE
Ararat Rural City,Regional Victoria,2025,Vacant Land,4,168750,263375,28.42,468.8,FALSE,TRUE
Ballarat City,Regional Victoria,2004,House,2056,195000,214605,,100,FALSE,FALSE
Ballarat City,Regional Victoria,2005,House,1960,210000,230893,7.69,107.7,FALSE,FALSE
Ballarat City,Regional Victoria,2006,House,1890,212000,234493,0.95,108.7,FALSE,FALSE
Ballarat City,Regional Victoria,2007,House,1981,220000,244673,3.77,112.8,FALSE,FALSE
Ballarat City,Regional Victoria,2008,House,1816,225000,251035,2.27,115.4,FALSE,FALSE
Ballarat City,Regional Victoria,2009,House,2201,238000,261822,5.78,122.1,FALSE,FALSE
Ballarat City,Regional Victoria,2010,House,2124,265000,297011,11.34,135.9,FALSE,FALSE
Ballarat City,Regional Victoria,2011,House,2071,280000,309973,5.66,143.6,FALSE,FALSE
Ballarat City,Regional Victoria,2012,House,1929,285000,314021,1.79,146.2,FALSE,FALSE
Ballarat City,Regional Victoria,2013,House,2086,295000,325847,3.51,151.3,FALSE,FALSE
Ballarat City,Regional Victoria,2014,House,2085,295000,335969,0,151.3,FALSE,FALSE
Ballarat City,Regional Victoria,2015,House,2122,305000,334881,3.39,156.4,FALSE,FALSE
Ballarat City,Regional Victoria,2016,House,2126,320000,353829,4.92,164.1,FALSE,FALSE
Ballarat City,Regional Victoria,2017,House,2451,340000,375240,6.25,174.4,FALSE,FALSE
Ballarat City,Regional Victoria,2018,House,2479,370000,412600,8.82,189.7,FALSE,FALSE
Ballarat City,Regional Victoria,2019,House,2146,403000,447214,8.92,206.7,FALSE,FALSE
Ballarat City,Regional Victoria,2020,House,2146,440000,488668,9.18,225.6,FALSE,FALSE
Ballarat City,Regional Victoria,2021,House,2500,530000,588720,20.45,271.8,FALSE,FALSE
Ballarat City,Regional Victoria,2022,House,2025,590000,647632,11.32,302.6,FALSE,FALSE
Ballarat City,Regional Victoria,2023,House,1936,567500,618608,-3.81,291,FALSE,FALSE
Ballarat City,Regional Victoria,2024,House,2376,530000,583619,-6.61,271.8,FALSE,FALSE
Ballarat City,Regional Victoria,2025,House,440,514000,540552,-3.02,263.6,FALSE,TRUE
Ballarat City,Regional Victoria,2004,Unit/Apartment,371,162000,175968,,100,FALSE,FALSE
Ballarat City,Regional Victoria,2005,Unit/Apartment,331,177500,186090,9.57,109.6,FALSE,FALSE
Ballarat City,Regional Victoria,2006,Unit/Apartment,361,173500,176906,-2.25,107.1,FALSE,FALSE
Ballarat City,Regional Victoria,2007,Unit/Apartment,428,183250,188933,5.62,113.1,FALSE,FALSE
Ballarat City,Regional Victoria,2008,Unit/Apartment,364,185000,194511,0.95,114.2,FALSE,FALSE
Ballarat City,Regional Victoria,2009,Unit/Apartment,578,202500,201398,9.46,125,FALSE,FALSE
Ballarat City,Regional Victoria,2010,Unit/Apartment,435,220000,237924,8.64,135.8,FALSE,FALSE
Ballarat City,Regional Victoria,2011,Unit/Apartment,424,226750,236634,3.07,140,FALSE,FALSE
Ballarat City,Regional Victoria,2012,Unit/Apartment,461,247500,254960,9.15,152.8,FALSE,FALSE
Ballarat City,Regional Victoria,2013,Unit/Apartment,400,230500,234253,-6.87,142.3,FALSE,FALSE
Ballarat City,Regional Victoria,2014,Unit/Apartment,419,245000,248837,6.29,151.2,FALSE,FALSE
Ballarat City,Regional Victoria,2015,Unit/Apartment,407,245000,248420,0,151.2,FALSE,FALSE
Ballarat City,Regional Victoria,2016,Unit/Apartment,423,238000,252923,-2.86,146.9,FALSE,FALSE
Ballarat City,Regional Victoria,2017,Unit/Apartment,504,253975,261858,6.71,156.8,FALSE,FALSE
Ballarat City,Regional Victoria,2018,Unit/Apartment,555,265000,273145,4.34,163.6,FALSE,FALSE
Ballarat City,Regional Victoria,2019,Unit/Apartment,417,285000,297294,7.55,175.9,FALSE,FALSE
Ballarat City,Regional Victoria,2020,Unit/Apartment,465,315000,328427,10.53,194.4,FALSE,FALSE
Ballarat City,Regional Victoria,2021,Unit/Apartment,490,358500,368420,13.81,221.3,FALSE,FALSE
Ballarat City,Regional Victoria,2022,Unit/Apartment,403,400000,408889,11.58,246.9,FALSE,FALSE
Ballarat City,Regional Victoria,2023,Unit/Apartment,383,385000,395680,-3.75,237.7,FALSE,FALSE
Ballarat City,Regional Victoria,2024,Unit/Apartment,480,365000,393063,-5.19,225.3,FALSE,FALSE
Ballarat City,Regional Victoria,2025,Unit/Apartment,88,364500,374238,-0.14,225,FALSE,TRUE
Ballarat City,Regional Victoria,2004,Vacant Land,655,80000,85768,,100,FALSE,FALSE
Ballarat City,Regional Victoria,2005,Vacant Land,584,87000,96922,8.75,108.7,FALSE,FALSE
Ballarat City,Regional Victoria,2006,Vacant Land,565,88000,98695,1.15,110,FALSE,FALSE
Ballarat City,Regional Victoria,2007,Vacant Land,705,88000,96555,0,110,FALSE,FALSE
Ballarat City,Regional Victoria,2008,Vacant Land,571,97000,101186,10.23,121.2,FALSE,FALSE
Ballarat City,Regional Victoria,2009,Vacant Land,848,95000,105748,-2.06,118.8,FALSE,FALSE
Ballarat City,Regional Victoria,2010,Vacant Land,813,117000,123966,23.16,146.2,FALSE,FALSE
Ballarat City,Regional Victoria,2011,Vacant Land,706,132000,140671,12.82,165,FALSE,FALSE
Ballarat City,Regional Victoria,2012,Vacant Land,543,135000,144158,2.27,168.8,FALSE,FALSE
Ballarat City,Regional Victoria,2013,Vacant Land,673,135000,148962,0,168.8,FALSE,FALSE
Ballarat City,Regional Victoria,2014,Vacant Land,703,142000,153953,5.19,177.5,FALSE,FALSE
Ballarat City,Regional Victoria,2015,Vacant Land,666,135500,152776,-4.58,169.4,FALSE,FALSE
Ballarat City,Regional Victoria,2016,Vacant Land,678,136000,157875,0.37,170,FALSE,FALSE
Ballarat City,Regional Victoria,2017,Vacant Land,940,139700,156350,2.72,174.6,FALSE,FALSE
Ballarat City,Regional Victoria,2018,Vacant Land,1880,146000,156304,4.51,182.5,FALSE,FALSE
Ballarat City,Regional Victoria,2019,Vacant Land,1505,167000,176429,14.38,208.8,FALSE,FALSE
Ballarat City,Regional Victoria,2020,Vacant Land,2057,195000,206722,16.77,243.8,FALSE,FALSE
Ballarat City,Regional Victoria,2021,Vacant Land,2163,250000,259890,28.21,312.5,FALSE,FALSE
Ballarat City,Regional Victoria,2022,Vacant Land,811,305000,314028,22,381.2,FALSE,FALSE
Ballarat City,Regional Victoria,2023,Vacant Land,377,300000,321672,-1.64,375,FALSE,FALSE
Ballarat City,Regional Victoria,2024,Vacant Land,348,285000,308358,-5,356.2,FALSE,FALSE
Ballarat City,Regional Victoria,2025,Vacant Land,34,295000,327413,3.51,368.8,FALSE,TRUE
Banyule City,Metro Melbourne,2004,House,1537,335000,388596,,100,FALSE,FALSE
Banyule City,Metro Melbourne,2005,House,1540,345000,407201,2.99,103,FALSE,FALSE
Banyule City,Metro Melbourne,2006,House,1520,368500,428209,6.81,110,FALSE,FALSE
Banyule City,Metro Melbourne,2007,House,1738,410000,490189,11.26,122.4,FALSE,FALSE
Banyule City,Metro Melbourne,2008,House,1344,445000,539262,8.54,132.8,FALSE,FALSE
Banyule City,Metro Melbourne,2009,House,1481,474388,577492,6.6,141.6,FALSE,FALSE
Banyule City,Metro Melbourne,2010,House,1349,585000,689212,23.32,174.6,FALSE,FALSE
Banyule City,Metro Melbourne,2011,House,1282,564100,675652,-3.57,168.4,FALSE,FALSE
Banyule City,Metro Melbourne,2012,House,1228,540000,647133,-4.27,161.2,FALSE,FALSE
Banyule City,Metro Melbourne,2013,House,1421,580000,689614,7.41,173.1,FALSE,FALSE
Banyule City,Metro Melbourne,2014,House,1541,627000,758588,8.1,187.2,FALSE,FALSE
Banyule City,Metro Melbourne,2015,House,1691,718000,851457,14.51,214.3,FALSE,FALSE
Banyule City,Metro Melbourne,2016,House,1460,790250,939152,10.06,235.9,FALSE,FALSE
Banyule City,Metro Melbourne,2017,House,1399,900000,1070705,13.89,268.7,FALSE,FALSE
Banyule City,Metro Melbourne,2018,House,1277,880000,1038328,-2.22,262.7,FALSE,FALSE
Banyule City,Metro Melbourne,2019,House,1253,855000,999871,-2.84,255.2,FALSE,FALSE
Banyule City,Metro Melbourne,2020,House,1056,890500,1080190,4.15,265.8,FALSE,FALSE
Banyule City,Metro Melbourne,2021,House,1626,1085000,1276049,21.84,323.9,FALSE,FALSE
Banyule City,Metro Melbourne,2022,House,1347,1061000,1260612,-2.21,316.7,FALSE,FALSE
Banyule City,Metro Melbourne,2023,House,1232,1060000,1233641,-0.09,316.4,FALSE,FALSE
Banyule City,Metro Melbourne,2024,House,1341,1110000,1277974,4.72,331.3,FALSE,FALSE
Banyule City,Metro Melbourne,2025,House,116,1035500,1163998,-6.71,309.1,FALSE,TRUE
Banyule City,Metro Melbourne,2004,Unit/Apartment,592,275000,291746,,100,FALSE,FALSE
Banyule City,Metro Melbourne,2005,Unit/Apartment,695,284000,312002,3.27,103.3,FALSE,FALSE
Banyule City,Metro Melbourne,2006,Unit/Apartment,722,297000,322086,4.58,108,FALSE,FALSE
Banyule City,Metro Melbourne,2007,Unit/Apartment,1011,340500,364187,14.65,123.8,FALSE,FALSE
Banyule City,Metro Melbourne,2008,Unit/Apartment,673,370000,395964,8.66,134.5,FALSE,FALSE
Banyule City,Metro Melbourne,2009,Unit/Apartment,855,410500,438516,10.95,149.3,FALSE,FALSE
Banyule City,Metro Melbourne,2010,Unit/Apartment,726,470000,495490,14.49,170.9,FALSE,FALSE
Banyule City,Metro Melbourne,2011,Unit/Apartment,647,460000,494794,-2.13,167.3,FALSE,FALSE
Banyule City,Metro Melbourne,2012,Unit/Apartment,681,447000,471197,-2.83,162.5,FALSE,FALSE
Banyule City,Metro Melbourne,2013,Unit/Apartment,855,469500,503142,5.03,170.7,FALSE,FALSE
Banyule City,Metro Melbourne,2014,Unit/Apartment,1028,488000,523167,3.94,177.5,FALSE,FALSE
Banyule City,Metro Melbourne,2015,Unit/Apartment,1134,552000,582642,13.11,200.7,FALSE,FALSE
Banyule City,Metro Melbourne,2016,Unit/Apartment,1110,570000,595062,3.26,207.3,FALSE,FALSE
Banyule City,Metro Melbourne,2017,Unit/Apartment,1144,640000,680592,12.28,232.7,FALSE,FALSE
Banyule City,Metro Melbourne,2018,Unit/Apartment,869,632000,659654,-1.25,229.8,FALSE,FALSE
Banyule City,Metro Melbourne,2019,Unit/Apartment,947,621000,666238,-1.74,225.8,FALSE,FALSE
Banyule City,Metro Melbourne,2020,Unit/Apartment,813,675000,708098,8.7,245.5,FALSE,FALSE
Banyule City,Metro Melbourne,2021,Unit/Apartment,1527,710000,762700,5.19,258.2,FALSE,FALSE
Banyule City,Metro Melbourne,2022,Unit/Apartment,1007,719000,766044,1.27,261.5,FALSE,FALSE
Banyule City,Metro Melbourne,2023,Unit/Apartment,1016,760500,801368,5.77,276.5,FALSE,FALSE
Banyule City,Metro Melbourne,2024,Unit/Apartment,1212,735000,794676,-3.35,267.3,FALSE,FALSE
Banyule City,Metro Melbourne,2025,Unit/Apartment,146,717500,756570,-2.38,260.9,FALSE,TRUE
Banyule City,Metro Melbourne,2004,Vacant Land,75,230000,234682,,100,FALSE,FALSE
Banyule City,Metro Melbourne,2005,Vacant Land,76,230125,221080,0.05,100.1,FALSE,FALSE
Banyule City,Metro Melbourne,2006,Vacant Land,68,241750,253922,5.05,105.1,FALSE,FALSE
Banyule City,Metro Melbourne,2007,Vacant Land,96,250000,240287,3.41,108.7,FALSE,FALSE
Banyule City,Metro Melbourne,2008,Vacant Land,42,282000,272921,12.8,122.6,FALSE,FALSE
Banyule City,Metro Melbourne,2009,Vacant Land,38,258476,245468,-8.34,112.4,FALSE,FALSE
Banyule City,Metro Melbourne,2010,Vacant Land,37,350000,348142,35.41,152.2,FALSE,FALSE
Banyule City,Metro Melbourne,2011,Vacant Land,33,380000,367324,8.57,165.2,FALSE,FALSE
Banyule City,Metro Melbourne,2012,Vacant Land,30,382500,367966,0.66,166.3,FALSE,FALSE
Banyule City,Metro Melbourne,2013,Vacant Land,30,363500,355706,-4.97,158,FALSE,FALSE
Banyule City,Metro Melbourne,2014,Vacant Land,39,357000,395398,-1.79,155.2,FALSE,FALSE
Banyule City,Metro Melbourne,2015,Vacant Land,25,604480,509364,69.32,262.8,FALSE,FALSE
Banyule City,Metro Melbourne,2016,Vacant Land,18,454250,545222,-24.85,197.5,FALSE,FALSE
Banyule City,Metro Melbourne,2017,Vacant Land,26,660000,591273,45.29,287,FALSE,FALSE
Banyule City,Metro Melbourne,2018,Vacant Land,19,625000,615699,-5.3,271.7,FALSE,FALSE
Banyule City,Metro Melbourne,2019,Vacant Land,26,500000,666464,-20,217.4,FALSE,FALSE
Banyule City,Metro Melbourne,2020,Vacant Land,19,708000,681684,41.6,307.8,FALSE,FALSE
Banyule City,Metro Melbourne,2021,Vacant Land,24,759500,876653,7.27,330.2,FALSE,FALSE
Banyule City,Metro Melbourne,2022,Vacant Land,12,652000,731801,-14.15,283.5,FALSE,FALSE
Banyule City,Metro Melbourne,2023,Vacant Land,12,880000,843690,34.97,382.6,FALSE,FALSE
Banyule City,Metro Melbourne,2024,Vacant Land,20,730000,936180,-17.05,317.4,FALSE,FALSE
Banyule City,Metro Melbourne,2025,Vacant Land,0,0,0,-100,0,FALSE,TRUE
Bass Coast Shire,Regional Victoria,2004,House,1040,225000,245217,,100,FALSE,FALSE
Bass Coast Shire,Regional Victoria,2005,House,996,240000,266855,6.67,106.7,FALSE,FALSE
Bass Coast Shire,Regional Victoria,2006,House,988,254500,283123,6.04,113.1,FALSE,FALSE
Bass Coast Shire,Regional Victoria,2007,House,1347,263000,294778,3.34,116.9,FALSE,FALSE
Bass Coast Shire,Regional Victoria,2008,House,1011,275000,312504,4.56,122.2,FALSE,FALSE
Bass Coast Shire,Regional Victoria,2009,House,1139,290000,323466,5.45,128.9,FALSE,FALSE
Bass Coast Shire,Regional Victoria,2010,House,1081,332500,369084,14.66,147.8,FALSE,FALSE
Bass Coast Shire,Regional Victoria,2011,House,803,350000,383377,5.26,155.6,FALSE,FALSE
Bass Coast Shire,Regional Victoria,2012,House,780,330000,352094,-5.71,146.7,FALSE,FALSE
Bass Coast Shire,Regional Victoria,2013,House,975,332500,368200,0.76,147.8,FALSE,FALSE
Bass Coast Shire,Regional Victoria,2014,House,1001,340000,372235,2.26,151.1,FALSE,FALSE
Bass Coast Shire,Regional Victoria,2015,House,1168,340000,366889,0,151.1,FALSE,FALSE
Bass Coast Shire,Regional Victoria,2016,House,1353,350000,378916,2.94,155.6,FALSE,FALSE
Bass Coast Shire,Regional Victoria,2017,House,1440,395000,419028,12.86,175.6,FALSE,FALSE
Bass Coast Shire,Regional Victoria,2018,House,1148,450000,486271,13.92,200,FALSE,FALSE
Bass Coast Shire,Regional Victoria,2019,House,958,480000,512286,6.67,213.3,FALSE,FALSE
Bass Coast Shire,Regional Victoria,2020,House,1166,540000,583758,12.5,240,FALSE,FALSE
Bass Coast Shire,Regional Victoria,2021,House,1365,699000,776154,29.44,310.7,FALSE,FALSE
Bass Coast Shire,Regional Victoria,2022,House,924,772500,848759,10.52,343.3,FALSE,FALSE
Bass Coast Shire,Regional Victoria,2023,House,821,740000,798500,-4.21,328.9,FALSE,FALSE
Bass Coast Shire,Regional Victoria,2024,House,844,685000,747806,-7.43,304.4,FALSE,FALSE
Bass Coast Shire,Regional Victoria,2025,House,178,633000,667449,-7.59,281.3,FALSE,TRUE
Bass Coast Shire,Regional Victoria,2004,Unit/Apartment,160,228500,261528,,100,FALSE,FALSE
Bass Coast Shire,Regional Victoria,2005,Unit/Apartment,204,253750,284222,11.05,111.1,FALSE,FALSE
Bass Coast Shire,Regional Victoria,2006,Unit/Apartment,209,250000,282427,-1.48,109.4,FALSE,FALSE
Bass Coast Shire,Regional Victoria,2007,Unit/Apartment,262,278250,317387,11.3,121.8,FALSE,FALSE
Bass Coast Shire,Regional Victoria,2008,Unit/Apartment,196,280000,307529,0.63,122.5,FALSE,FALSE
Bass Coast Shire,Regional Victoria,2009,Unit/Apartment,277,259950,298262,-7.16,113.8,FALSE,FALSE
Bass Coast Shire,Regional Victoria,2010,Unit/Apartment,236,305000,324800,17.33,133.5,FALSE,FALSE
Bass Coast Shire,Regional Victoria,2011,Unit/Apartment,151,310000,393258,1.64,135.7,FALSE,FALSE
Bass Coast Shire,Regional Victoria,2012,Unit/Apartment,177,270000,306493,-12.9,118.2,FALSE,FALSE
Bass Coast Shire,Regional Victoria,2013,Unit/Apartment,155,295000,312313,9.26,129.1,FALSE,FALSE
Bass Coast Shire,Regional Victoria,2014,Unit/Apartment,137,280000,318271,-5.08,122.5,FALSE,FALSE
Bass Coast Shire,Regional Victoria,2015,Unit/Apartment,167,286000,315065,2.14,125.2,FALSE,FALSE
Bass Coast Shire,Regional Victoria,2016,Unit/Apartment,230,289500,318484,1.22,126.7,FALSE,FALSE
Bass Coast Shire,Regional Victoria,2017,Unit/Apartment,287,320000,355671,10.54,140,FALSE,FALSE
Bass Coast Shire,Regional Victoria,2018,Unit/Apartment,209,349000,371987,9.06,152.7,FALSE,FALSE
Bass Coast Shire,Regional Victoria,2019,Unit/Apartment,168,370000,391824,6.02,161.9,FALSE,FALSE
Bass Coast Shire,Regional Victoria,2020,Unit/Apartment,167,399000,441288,7.84,174.6,FALSE,FALSE
Bass Coast Shire,Regional Victoria,2021,Unit/Apartment,256,525000,572852,31.58,229.8,FALSE,FALSE
Bass Coast Shire,Regional Victoria,2022,Unit/Apartment,162,580000,628273,10.48,253.8,FALSE,FALSE
Bass Coast Shire,Regional Victoria,2023,Unit/Apartment,106,550000,608770,-5.17,240.7,FALSE,FALSE
Bass Coast Shire,Regional Victoria,2024,Unit/Apartment,135,569000,692811,3.45,249,FALSE,FALSE
Bass Coast Shire,Regional Victoria,2025,Unit/Apartment,26,522250,565173,-8.22,228.6,FALSE,TRUE
Bass Coast Shire,Regional Victoria,2004,Vacant Land,320,125000,126422,,100,FALSE,FALSE
Bass Coast Shire,Regional Victoria,2005,Vacant Land,287,130000,131987,4,104,FALSE,FALSE
Bass Coast Shire,Regional Victoria,2006,Vacant Land,369,136000,142461,4.62,108.8,FALSE,FALSE
Bass Coast Shire,Regional Victoria,2007,Vacant Land,469,140000,139000,2.94,112,FALSE,FALSE
Bass Coast Shire,Regional Victoria,2008,Vacant Land,286,140000,146705,0,112,FALSE,FALSE
Bass Coast Shire,Regional Victoria,2009,Vacant Land,392,147900,153474,5.64,118.3,FALSE,FALSE
Bass Coast Shire,Regional Victoria,2010,Vacant Land,697,148500,146458,0.41,118.8,FALSE,FALSE
Bass Coast Shire,Regional Victoria,2011,Vacant Land,352,162950,185070,9.73,130.4,FALSE,FALSE
Bass Coast Shire,Regional Victoria,2012,Vacant Land,258,160000,178164,-1.81,128,FALSE,FALSE
Bass Coast Shire,Regional Victoria,2013,Vacant Land,283,161000,175132,0.63,128.8,FALSE,FALSE
Bass Coast Shire,Regional Victoria,2014,Vacant Land,240,154450,170733,-4.07,123.6,FALSE,FALSE
Bass Coast Shire,Regional Victoria,2015,Vacant Land,303,141000,167473,-8.71,112.8,FALSE,FALSE
Bass Coast Shire,Regional Victoria,2016,Vacant Land,447,155000,175986,9.93,124,FALSE,FALSE
Bass Coast Shire,Regional Victoria,2017,Vacant Land,950,164900,189270,6.39,131.9,FALSE,FALSE
Bass Coast Shire,Regional Victoria,2018,Vacant Land,879,185000,205656,12.19,148,FALSE,FALSE
Bass Coast Shire,Regional Victoria,2019,Vacant Land,464,246500,259441,33.24,197.2,FALSE,FALSE
Bass Coast Shire,Regional Victoria,2020,Vacant Land,883,256000,273902,3.85,204.8,FALSE,FALSE
Bass Coast Shire,Regional Victoria,2021,Vacant Land,770,320000,349253,25,256,FALSE,FALSE
Bass Coast Shire,Regional Victoria,2022,Vacant Land,298,435000,469679,35.94,348,FALSE,FALSE
Bass Coast Shire,Regional Victoria,2023,Vacant Land,164,414000,471965,-4.83,331.2,FALSE,FALSE
Bass Coast Shire,Regional Victoria,2024,Vacant Land,173,385000,406697,-7,308,FALSE,FALSE
Bass Coast Shire,Regional Victoria,2025,Vacant Land,20,394000,389875,2.34,315.2,FALSE,TRUE
Baw Baw Shire,Regional Victoria,2004,House,563,187500,199531,,100,FALSE,FALSE
Baw Baw Shire,Regional Victoria,2005,House,640,204750,209198,9.2,109.2,FALSE,FALSE
Baw Baw Shire,Regional Victoria,2006,House,568,206000,216677,0.61,109.9,FALSE,FALSE
Baw Baw Shire,Regional Victoria,2007,House,693,225000,240820,9.22,120,FALSE,FALSE
Baw Baw Shire,Regional Victoria,2008,House,664,225000,230452,0,120,FALSE,FALSE
Baw Baw Shire,Regional Victoria,2009,House,826,240000,242127,6.67,128,FALSE,FALSE
Baw Baw Shire,Regional Victoria,2010,House,759,265468,277616,10.61,141.6,FALSE,FALSE
Baw Baw Shire,Regional Victoria,2011,House,687,280000,288127,5.47,149.3,FALSE,FALSE
Baw Baw Shire,Regional Victoria,2012,House,662,287500,299861,2.68,153.3,FALSE,FALSE
Baw Baw Shire,Regional Victoria,2013,House,730,295000,310442,2.61,157.3,FALSE,FALSE
Baw Baw Shire,Regional Victoria,2014,House,752,305000,314509,3.39,162.7,FALSE,FALSE
Baw Baw Shire,Regional Victoria,2015,House,851,320000,334365,4.92,170.7,FALSE,FALSE
Baw Baw Shire,Regional Victoria,2016,House,937,334000,344071,4.37,178.1,FALSE,FALSE
Baw Baw Shire,Regional Victoria,2017,House,1103,366500,370928,9.73,195.5,FALSE,FALSE
Baw Baw Shire,Regional Victoria,2018,House,990,425000,436109,15.96,226.7,FALSE,FALSE
Baw Baw Shire,Regional Victoria,2019,House,808,435000,444078,2.35,232,FALSE,FALSE
Baw Baw Shire,Regional Victoria,2020,House,877,470000,490674,8.05,250.7,FALSE,FALSE
Baw Baw Shire,Regional Victoria,2021,House,1182,555250,581901,18.14,296.1,FALSE,FALSE
Baw Baw Shire,Regional Victoria,2022,House,981,620000,653811,11.66,330.7,FALSE,FALSE
Baw Baw Shire,Regional Victoria,2023,House,889,620000,638335,0,330.7,FALSE,FALSE
Baw Baw Shire,Regional Victoria,2024,House,942,610000,639275,-1.61,325.3,FALSE,FALSE
Baw Baw Shire,Regional Victoria,2025,House,135,612000,607206,0.33,326.4,FALSE,TRUE
Baw Baw Shire,Regional Victoria,2004,Unit/Apartment,85,162000,179011,,100,FALSE,FALSE
Baw Baw Shire,Regional Victoria,2005,Unit/Apartment,97,188000,186594,16.05,116,FALSE,FALSE
Baw Baw Shire,Regional Victoria,2006,Unit/Apartment,96,205000,223677,9.04,126.5,FALSE,FALSE
Baw Baw Shire,Regional Victoria,2007,Unit/Apartment,131,219000,288840,6.83,135.2,FALSE,FALSE
Baw Baw Shire,Regional Victoria,2008,Unit/Apartment,104,220000,227317,0.46,135.8,FALSE,FALSE
Baw Baw Shire,Regional Victoria,2009,Unit/Apartment,139,212000,241885,-3.64,130.9,FALSE,FALSE
Baw Baw Shire,Regional Victoria,2010,Unit/Apartment,146,229577,252701,8.29,141.7,FALSE,FALSE
Baw Baw Shire,Regional Victoria,2011,Unit/Apartment,129,238500,240071,3.89,147.2,FALSE,FALSE
Baw Baw Shire,Regional Victoria,2012,Unit/Apartment,90,227500,228313,-4.61,140.4,FALSE,FALSE
Baw Baw Shire,Regional Victoria,2013,Unit/Apartment,106,235000,245504,3.3,145.1,FALSE,FALSE
Baw Baw Shire,Regional Victoria,2014,Unit/Apartment,149,245000,253631,4.26,151.2,FALSE,FALSE
Baw Baw Shire,Regional Victoria,2015,Unit/Apartment,160,245000,242095,0,151.2,FALSE,FALSE
Baw Baw Shire,Regional Victoria,2016,Unit/Apartment,157,261500,266857,6.73,161.4,FALSE,FALSE
Baw Baw Shire,Regional Victoria,2017,Unit/Apartment,191,286000,298941,9.37,176.5,FALSE,FALSE
Baw Baw Shire,Regional Victoria,2018,Unit/Apartment,152,324975,333832,13.63,200.6,FALSE,FALSE
Baw Baw Shire,Regional Victoria,2019,Unit/Apartment,122,331800,334920,2.1,204.8,FALSE,FALSE
Baw Baw Shire,Regional Victoria,2020,Unit/Apartment,144,342750,342122,3.3,211.6,FALSE,FALSE
Baw Baw Shire,Regional Victoria,2021,Unit/Apartment,169,380000,381930,10.87,234.6,FALSE,FALSE
Baw Baw Shire,Regional Victoria,2022,Unit/Apartment,117,430000,416905,13.16,265.4,FALSE,FALSE
Baw Baw Shire,Regional Victoria,2023,Unit/Apartment,137,445000,438975,3.49,274.7,FALSE,FALSE
Baw Baw Shire,Regional Victoria,2024,Unit/Apartment,146,450000,445837,1.12,277.8,FALSE,FALSE
Baw Baw Shire,Regional Victoria,2025,Unit/Apartment,24,465000,459395,3.33,287,FALSE,TRUE
Baw Baw Shire,Regional Victoria,2004,Vacant Land,548,70000,71126,,100,FALSE,FALSE
Baw Baw Shire,Regional Victoria,2005,Vacant Land,433,75000,79026,7.14,107.1,FALSE,FALSE
Baw Baw Shire,Regional Victoria,2006,Vacant Land,295,76500,90769,2,109.3,FALSE,FALSE
Baw Baw Shire,Regional Victoria,2007,Vacant Land,352,82000,88730,7.19,117.1,FALSE,FALSE
Baw Baw Shire,Regional Victoria,2008,Vacant Land,471,84000,88770,2.44,120,FALSE,FALSE
Baw Baw Shire,Regional Victoria,2009,Vacant Land,707,90000,96089,7.14,128.6,FALSE,FALSE
Baw Baw Shire,Regional Victoria,2010,Vacant Land,888,112250,117911,24.72,160.4,FALSE,FALSE
Baw Baw Shire,Regional Victoria,2011,Vacant Land,526,135000,138555,20.27,192.9,FALSE,FALSE
Baw Baw Shire,Regional Victoria,2012,Vacant Land,402,133250,136445,-1.3,190.4,FALSE,FALSE
Baw Baw Shire,Regional Victoria,2013,Vacant Land,374,136500,144738,2.44,195,FALSE,FALSE
Baw Baw Shire,Regional Victoria,2014,Vacant Land,391,139500,136273,2.2,199.3,FALSE,FALSE
Baw Baw Shire,Regional Victoria,2015,Vacant Land,395,132000,137227,-5.38,188.6,FALSE,FALSE
Baw Baw Shire,Regional Victoria,2016,Vacant Land,413,142000,148892,7.58,202.9,FALSE,FALSE
Baw Baw Shire,Regional Victoria,2017,Vacant Land,904,165000,166746,16.2,235.7,FALSE,FALSE
Baw Baw Shire,Regional Victoria,2018,Vacant Land,807,200000,196203,21.21,285.7,FALSE,FALSE
Baw Baw Shire,Regional Victoria,2019,Vacant Land,450,210000,214264,5,300,FALSE,FALSE
Baw Baw Shire,Regional Victoria,2020,Vacant Land,1017,220000,237452,4.76,314.3,FALSE,FALSE
Baw Baw Shire,Regional Victoria,2021,Vacant Land,920,275000,285623,25,392.9,FALSE,FALSE
Baw Baw Shire,Regional Victoria,2022,Vacant Land,275,328000,338527,19.27,468.6,FALSE,FALSE
Baw Baw Shire,Regional Victoria,2023,Vacant Land,188,320000,335482,-2.44,457.1,FALSE,FALSE
Baw Baw Shire,Regional Victoria,2024,Vacant Land,229,322500,340609,0.78,460.7,FALSE,FALSE
Baw Baw Shire,Regional Victoria,2025,Vacant Land,25,312000,314698,-3.26,445.7,FALSE,TRUE
Bayside City,Metro Melbourne,2004,House,1290,699000,830479,,100,FALSE,FALSE
Bayside City,Metro Melbourne,2005,House,1439,720000,890106,3,103,FALSE,FALSE
Bayside City,Metro Melbourne,2006,House,1501,820000,1019432,13.89,117.3,FALSE,FALSE
Bayside City,Metro Melbourne,2007,House,1655,994000,1263601,21.22,142.2,FALSE,FALSE
Bayside City,Metro Melbourne,2008,House,1171,1050000,1292204,5.63,150.2,FALSE,FALSE
Bayside City,Metro Melbourne,2009,House,1370,1075000,1309825,2.38,153.8,FALSE,FALSE
Bayside City,Metro Melbourne,2010,House,1252,1257250,1489569,16.95,179.9,FALSE,FALSE
Bayside City,Metro Melbourne,2011,House,1127,1171267,1381320,-6.84,167.6,FALSE,FALSE
Bayside City,Metro Melbourne,2012,House,1097,1125000,1363237,-3.95,160.9,FALSE,FALSE
Bayside City,Metro Melbourne,2013,House,1347,1210000,1453241,7.56,173.1,FALSE,FALSE
Bayside City,Metro Melbourne,2014,House,1562,1285000,1547208,6.2,183.8,FALSE,FALSE
Bayside City,Metro Melbourne,2015,House,1561,1525000,1809911,18.68,218.2,FALSE,FALSE
Bayside City,Metro Melbourne,2016,House,1418,1670000,1998822,9.51,238.9,FALSE,FALSE
Bayside City,Metro Melbourne,2017,House,1308,1850000,2238925,10.78,264.7,FALSE,FALSE
Bayside City,Metro Melbourne,2018,House,1152,1857500,2278277,0.41,265.7,FALSE,FALSE
Bayside City,Metro Melbourne,2019,House,1208,1727500,2078530,-7,247.1,FALSE,FALSE
Bayside City,Metro Melbourne,2020,House,1076,1875000,2284062,8.54,268.2,FALSE,FALSE
Bayside City,Metro Melbourne,2021,House,1579,2320000,2769996,23.73,331.9,FALSE,FALSE
Bayside City,Metro Melbourne,2022,House,1148,2300000,2731668,-0.86,329,FALSE,FALSE
Bayside City,Metro Melbourne,2023,House,1048,2250033,2693196,-2.17,321.9,FALSE,FALSE
Bayside City,Metro Melbourne,2024,House,1195,2200000,2664852,-2.22,314.7,FALSE,FALSE
Bayside City,Metro Melbourne,2025,House,70,2087500,2592427,-5.11,298.6,FALSE,TRUE
Bayside City,Metro Melbourne,2004,Unit/Apartment,795,400000,501694,,100,FALSE,FALSE
Bayside City,Metro Melbourne,2005,Unit/Apartment,784,420000,513025,5,105,FALSE,FALSE
Bayside City,Metro Melbourne,2006,Unit/Apartment,902,450000,570642,7.14,112.5,FALSE,FALSE
Bayside City,Metro Melbourne,2007,Unit/Apartment,1090,515000,639528,14.44,128.8,FALSE,FALSE
Bayside City,Metro Melbourne,2008,Unit/Apartment,798,510000,652502,-0.97,127.5,FALSE,FALSE
Bayside City,Metro Melbourne,2009,Unit/Apartment,896,555000,671198,8.82,138.8,FALSE,FALSE
Bayside City,Metro Melbourne,2010,Unit/Apartment,910,655000,787655,18.02,163.8,FALSE,FALSE
Bayside City,Metro Melbourne,2011,Unit/Apartment,973,605000,717322,-7.63,151.2,FALSE,FALSE
Bayside City,Metro Melbourne,2012,Unit/Apartment,1094,593500,697439,-1.9,148.4,FALSE,FALSE
Bayside City,Metro Melbourne,2013,Unit/Apartment,1194,656250,757932,10.57,164.1,FALSE,FALSE
Bayside City,Metro Melbourne,2014,Unit/Apartment,1477,661600,761966,0.82,165.4,FALSE,FALSE
Bayside City,Metro Melbourne,2015,Unit/Apartment,1217,730000,887292,10.34,182.5,FALSE,FALSE
Bayside City,Metro Melbourne,2016,Unit/Apartment,1143,790000,939080,8.22,197.5,FALSE,FALSE
Bayside City,Metro Melbourne,2017,Unit/Apartment,1188,835500,991256,5.76,208.9,FALSE,FALSE
Bayside City,Metro Melbourne,2018,Unit/Apartment,853,840000,1011716,0.54,210,FALSE,FALSE
Bayside City,Metro Melbourne,2019,Unit/Apartment,879,830000,1025677,-1.19,207.5,FALSE,FALSE
Bayside City,Metro Melbourne,2020,Unit/Apartment,833,865000,1047480,4.22,216.2,FALSE,FALSE
Bayside City,Metro Melbourne,2021,Unit/Apartment,1256,1020000,1232465,17.92,255,FALSE,FALSE
Bayside City,Metro Melbourne,2022,Unit/Apartment,1078,1065000,1284375,4.41,266.2,FALSE,FALSE
Bayside City,Metro Melbourne,2023,Unit/Apartment,1002,1057000,1288324,-0.75,264.2,FALSE,FALSE
Bayside City,Metro Melbourne,2024,Unit/Apartment,1052,1000000,1196117,-5.39,250,FALSE,FALSE
Bayside City,Metro Melbourne,2025,Unit/Apartment,121,845000,1035210,-15.5,211.2,FALSE,TRUE
Bayside City,Metro Melbourne,2004,Vacant Land,3,103125,116185,,100,FALSE,FALSE
Bayside City,Metro Melbourne,2005,Vacant Land,0,0,0,-100,0,FALSE,FALSE
Bayside City,Metro Melbourne,2006,Vacant Land,0,0,0,,0,FALSE,FALSE
Bayside City,Metro Melbourne,2007,Vacant Land,3,317700,745900,inf,308.1,FALSE,FALSE
Bayside City,Metro Melbourne,2008,Vacant Land,0,0,0,-100,0,FALSE,FALSE
Bayside City,Metro Melbourne,2009,Vacant Land,2,701000,701000,inf,679.8,FALSE,FALSE
Bayside City,Metro Melbourne,2010,Vacant Land,2,1005000,1005000,43.37,974.5,FALSE,FALSE
Bayside City,Metro Melbourne,2011,Vacant Land,2,1213750,1213750,20.77,1177,FALSE,FALSE
Bayside City,Metro Melbourne,2012,Vacant Land,2,1013500,1013500,-16.5,982.8,FALSE,FALSE
Bayside City,Metro Melbourne,2013,Vacant Land,0,0,0,-100,0,FALSE,FALSE
Bayside City,Metro Melbourne,2014,Vacant Land,3,749750,654916,inf,727,FALSE,FALSE
Bayside City,Metro Melbourne,2015,Vacant Land,6,1036665,1120535,38.27,1005.3,FALSE,FALSE
Bayside City,Metro Melbourne,2016,Vacant Land,11,1225000,1565716,18.17,1187.9,FALSE,FALSE
Bayside City,Metro Melbourne,2017,Vacant Land,20,1400000,1870779,14.29,1357.6,FALSE,FALSE
Bayside City,Metro Melbourne,2018,Vacant Land,12,1642500,1793708,17.32,1592.7,FALSE,FALSE
Bayside City,Metro Melbourne,2019,Vacant Land,4,1667500,1601250,1.52,1617,FALSE,FALSE
Bayside City,Metro Melbourne,2020,Vacant Land,16,800000,2308937,-52.02,775.8,FALSE,FALSE
Bayside City,Metro Melbourne,2021,Vacant Land,14,1492500,2912671,86.56,1447.3,FALSE,FALSE
Bayside City,Metro Melbourne,2022,Vacant Land,12,1210000,3107500,-18.93,1173.3,FALSE,FALSE
Bayside City,Metro Melbourne,2023,Vacant Land,22,2347500,2663601,94.01,2276.4,FALSE,FALSE
Bayside City,Metro Melbourne,2024,Vacant Land,11,2200000,2005886,-6.28,2133.3,FALSE,FALSE
Bayside City,Metro Melbourne,2025,Vacant Land,0,0,0,-100,0,FALSE,TRUE
Benalla Rural City,Regional Victoria,2004,House,208,171000,179537,,100,FALSE,FALSE
Benalla Rural City,Regional Victoria,2005,House,200,183500,189997,7.31,107.3,FALSE,FALSE
Benalla Rural City,Regional Victoria,2006,House,181,200000,211091,8.99,117,FALSE,FALSE
Benalla Rural City,Regional Victoria,2007,House,186,200500,221672,0.25,117.3,FALSE,FALSE
Benalla Rural City,Regional Victoria,2008,House,159,208000,210971,3.74,121.6,FALSE,FALSE
Benalla Rural City,Regional Victoria,2009,House,178,210000,220154,0.96,122.8,FALSE,FALSE
Benalla Rural City,Regional Victoria,2010,House,137,220000,230193,4.76,128.7,FALSE,FALSE
Benalla Rural City,Regional Victoria,2011,House,155,227000,236938,3.18,132.7,FALSE,FALSE
Benalla Rural City,Regional Victoria,2012,House,131,215000,238492,-5.29,125.7,FALSE,FALSE
Benalla Rural City,Regional Victoria,2013,House,151,224000,236849,4.19,131,FALSE,FALSE
Benalla Rural City,Regional Victoria,2014,House,165,235000,251148,4.91,137.4,FALSE,FALSE
Benalla Rural City,Regional Victoria,2015,House,190,220000,238475,-6.38,128.7,FALSE,FALSE
Benalla Rural City,Regional Victoria,2016,House,220,230000,247343,4.55,134.5,FALSE,FALSE
Benalla Rural City,Regional Victoria,2017,House,265,250000,265662,8.7,146.2,FALSE,FALSE
Benalla Rural City,Regional Victoria,2018,House,236,281750,292200,12.7,164.8,FALSE,FALSE
Benalla Rural City,Regional Victoria,2019,House,215,290000,304368,2.93,169.6,FALSE,FALSE
Benalla Rural City,Regional Victoria,2020,House,225,300000,318133,3.45,175.4,FALSE,FALSE
Benalla Rural City,Regional Victoria,2021,House,257,390000,415304,30,228.1,FALSE,FALSE
Benalla Rural City,Regional Victoria,2022,House,222,427000,459084,9.49,249.7,FALSE,FALSE
Benalla Rural City,Regional Victoria,2023,House,189,415000,466877,-2.81,242.7,FALSE,FALSE
Benalla Rural City,Regional Victoria,2024,House,205,435000,458951,4.82,254.4,FALSE,FALSE
Benalla Rural City,Regional Victoria,2025,House,33,417500,456257,-4.02,244.2,FALSE,TRUE
Benalla Rural City,Regional Victoria,2004,Unit/Apartment,29,150000,158810,,100,FALSE,FALSE
Benalla Rural City,Regional Victoria,2005,Unit/Apartment,51,146000,154431,-2.67,97.3,FALSE,FALSE
Benalla Rural City,Regional Victoria,2006,Unit/Apartment,35,170000,154557,16.44,113.3,FALSE,FALSE
Benalla Rural City,Regional Victoria,2007,Unit/Apartment,31,142500,160709,-16.18,95,FALSE,FALSE
Benalla Rural City,Regional Victoria,2008,Unit/Apartment,27,178000,168500,24.91,118.7,FALSE,FALSE
Benalla Rural City,Regional Victoria,2009,Unit/Apartment,24,158000,167854,-11.24,105.3,FALSE,FALSE
Benalla Rural City,Regional Victoria,2010,Unit/Apartment,31,180000,186661,13.92,120,FALSE,FALSE
Benalla Rural City,Regional Victoria,2011,Unit/Apartment,18,168750,174608,-6.25,112.5,FALSE,FALSE
Benalla Rural City,Regional Victoria,2012,Unit/Apartment,37,176000,176855,4.3,117.3,FALSE,FALSE
Benalla Rural City,Regional Victoria,2013,Unit/Apartment,30,167500,166233,-4.83,111.7,FALSE,FALSE
Benalla Rural City,Regional Victoria,2014,Unit/Apartment,30,182500,180161,8.96,121.7,FALSE,FALSE
Benalla Rural City,Regional Victoria,2015,Unit/Apartment,39,186000,187064,1.92,124,FALSE,FALSE
Benalla Rural City,Regional Victoria,2016,Unit/Apartment,26,181500,179307,-2.42,121,FALSE,FALSE
Benalla Rural City,Regional Victoria,2017,Unit/Apartment,42,185000,193392,1.93,123.3,FALSE,FALSE
Benalla Rural City,Regional Victoria,2018,Unit/Apartment,60,184000,189604,-0.54,122.7,FALSE,FALSE
Benalla Rural City,Regional Victoria,2019,Unit/Apartment,34,209500,238294,13.86,139.7,FALSE,FALSE
Benalla Rural City,Regional Victoria,2020,Unit/Apartment,36,209500,217326,0,139.7,FALSE,FALSE
Benalla Rural City,Regional Victoria,2021,Unit/Apartment,29,253000,236730,20.76,168.7,FALSE,FALSE
Benalla Rural City,Regional Victoria,2022,Unit/Apartment,32,321000,308828,26.88,214,FALSE,FALSE
Benalla Rural City,Regional Victoria,2023,Unit/Apartment,33,302500,308241,-5.76,201.7,FALSE,FALSE
Benalla Rural City,Regional Victoria,2024,Unit/Apartment,36,308750,316944,2.07,205.8,FALSE,FALSE
Benalla Rural City,Regional Victoria,2025,Unit/Apartment,4,312500,296750,1.21,208.3,FALSE,TRUE
Benalla Rural City,Regional Victoria,2004,Vacant Land,33,62000,57281,,100,FALSE,FALSE
Benalla Rural City,Regional Victoria,2005,Vacant Land,49,78000,79908,25.81,125.8,FALSE,FALSE
Benalla Rural City,Regional Victoria,2006,Vacant Land,32,75250,79609,-3.53,121.4,FALSE,FALSE
Benalla Rural City,Regional Victoria,2007,Vacant Land,30,83250,88533,10.63,134.3,FALSE,FALSE
Benalla Rural City,Regional Victoria,2008,Vacant Land,22,85250,89836,2.4,137.5,FALSE,FALSE
Benalla Rural City,Regional Victoria,2009,Vacant Land,69,83000,79941,-2.64,133.9,FALSE,FALSE
Benalla Rural City,Regional Victoria,2010,Vacant Land,37,86000,85702,3.61,138.7,FALSE,FALSE
Benalla Rural City,Regional Victoria,2011,Vacant Land,29,85500,92189,-0.58,137.9,FALSE,FALSE
Benalla Rural City,Regional Victoria,2012,Vacant Land,21,87000,91476,1.75,140.3,FALSE,FALSE
Benalla Rural City,Regional Victoria,2013,Vacant Land,13,95000,79793,9.2,153.2,FALSE,FALSE
Benalla Rural City,Regional Victoria,2014,Vacant Land,34,87000,89554,-8.42,140.3,FALSE,FALSE
Benalla Rural City,Regional Victoria,2015,Vacant Land,23,100500,99043,15.52,162.1,FALSE,FALSE
Benalla Rural City,Regional Victoria,2016,Vacant Land,33,100000,103606,-0.5,161.3,FALSE,FALSE
Benalla Rural City,Regional Victoria,2017,Vacant Land,49,93500,95224,-6.5,150.8,FALSE,FALSE
Benalla Rural City,Regional Victoria,2018,Vacant Land,44,112750,115388,20.59,181.9,FALSE,FALSE
Benalla Rural City,Regional Victoria,2019,Vacant Land,50,129000,128410,14.41,208.1,FALSE,FALSE
Benalla Rural City,Regional Victoria,2020,Vacant Land,62,136000,150766,5.43,219.4,FALSE,FALSE
Benalla Rural City,Regional Victoria,2021,Vacant Land,161,145000,153430,6.62,233.9,FALSE,FALSE
Benalla Rural City,Regional Victoria,2022,Vacant Land,46,178550,194980,23.14,288,FALSE,FALSE
Benalla Rural City,Regional Victoria,2023,Vacant Land,39,187000,210410,4.73,301.6,FALSE,FALSE
Benalla Rural City,Regional Victoria,2024,Vacant Land,64,175000,190007,-6.42,282.3,FALSE,FALSE
Benalla Rural City,Regional Victoria,2025,Vacant Land,3,195000,208333,11.43,314.5,FALSE,TRUE
Boroondara City,Metro Melbourne,2004,House,1913,660000,776474,,100,FALSE,FALSE
Boroondara City,Metro Melbourne,2005,House,2065,701000,843435,6.21,106.2,FALSE,FALSE
Boroondara City,Metro Melbourne,2006,House,2073,793000,949197,13.12,120.2,FALSE,FALSE
Boroondara City,Metro Melbourne,2007,House,2330,1050000,1257584,32.41,159.1,FALSE,FALSE
Boroondara City,Metro Melbourne,2008,House,1715,1042500,1248806,-0.71,158,FALSE,FALSE
Boroondara City,Metro Melbourne,2009,House,2012,1125000,1310224,7.91,170.5,FALSE,FALSE
Boroondara City,Metro Melbourne,2010,House,1955,1335000,1529905,18.67,202.3,FALSE,FALSE
Boroondara City,Metro Melbourne,2011,House,1772,1265000,1475360,-5.24,191.7,FALSE,FALSE
Boroondara City,Metro Melbourne,2012,House,1821,1230000,1442905,-2.77,186.4,FALSE,FALSE
Boroondara City,Metro Melbourne,2013,House,2219,1415000,1614730,15.04,214.4,FALSE,FALSE
Boroondara City,Metro Melbourne,2014,House,2383,1600000,1795041,13.07,242.4,FALSE,FALSE
Boroondara City,Metro Melbourne,2015,House,2516,1900000,2184515,18.75,287.9,FALSE,FALSE
Boroondara City,Metro Melbourne,2016,House,2033,1963000,2247284,3.32,297.4,FALSE,FALSE
Boroondara City,Metro Melbourne,2017,House,1964,2200000,2543412,12.07,333.3,FALSE,FALSE
Boroondara City,Metro Melbourne,2018,House,1615,2090000,2428809,-5,316.7,FALSE,FALSE
Boroondara City,Metro Melbourne,2019,House,1659,2005000,2359804,-4.07,303.8,FALSE,FALSE
Boroondara City,Metro Melbourne,2020,House,1407,2100000,2387288,4.74,318.2,FALSE,FALSE
Boroondara City,Metro Melbourne,2021,House,2316,2515500,2838999,19.79,381.1,FALSE,FALSE
Boroondara City,Metro Melbourne,2022,House,1889,2520000,2893243,0.18,381.8,FALSE,FALSE
Boroondara City,Metro Melbourne,2023,House,1836,2620000,3028193,3.97,397,FALSE,FALSE
Boroondara City,Metro Melbourne,2024,House,1855,2515000,2989646,-4.01,381.1,FALSE,FALSE
Boroondara City,Metro Melbourne,2025,House,80,2227500,2629870,-11.43,337.5,FALSE,TRUE
Boroondara City,Metro Melbourne,2004,Unit/Apartment,1381,345000,392187,,100,FALSE,FALSE
Boroondara City,Metro Melbourne,2005,Unit/Apartment,1605,340000,391933,-1.45,98.6,FALSE,FALSE
Boroondara City,Metro Melbourne,2006,Unit/Apartment,1635,363000,431760,6.76,105.2,FALSE,FALSE
Boroondara City,Metro Melbourne,2007,Unit/Apartment,1925,460000,538051,26.72,133.3,FALSE,FALSE
Boroondara City,Metro Melbourne,2008,Unit/Apartment,1402,449000,502409,-2.39,130.1,FALSE,FALSE
Boroondara City,Metro Melbourne,2009,Unit/Apartment,1905,485000,538389,8.02,140.6,FALSE,FALSE
Boroondara City,Metro Melbourne,2010,Unit/Apartment,1709,600000,680567,23.71,173.9,FALSE,FALSE
Boroondara City,Metro Melbourne,2011,Unit/Apartment,1625,570000,615321,-5,165.2,FALSE,FALSE
Boroondara City,Metro Melbourne,2012,Unit/Apartment,1455,545000,635334,-4.39,158,FALSE,FALSE
Boroondara City,Metro Melbourne,2013,Unit/Apartment,2190,569000,647036,4.4,164.9,FALSE,FALSE
Boroondara City,Metro Melbourne,2014,Unit/Apartment,2429,600000,680743,5.45,173.9,FALSE,FALSE
Boroondara City,Metro Melbourne,2015,Unit/Apartment,2135,655000,793111,9.17,189.9,FALSE,FALSE
Boroondara City,Metro Melbourne,2016,Unit/Apartment,1924,675000,842502,3.05,195.7,FALSE,FALSE
Boroondara City,Metro Melbourne,2017,Unit/Apartment,1827,708892,898956,5.02,205.5,FALSE,FALSE
Boroondara City,Metro Melbourne,2018,Unit/Apartment,1553,720000,868827,1.57,208.7,FALSE,FALSE
Boroondara City,Metro Melbourne,2019,Unit/Apartment,1376,745000,906992,3.47,215.9,FALSE,FALSE
Boroondara City,Metro Melbourne,2020,Unit/Apartment,1223,750000,942953,0.67,217.4,FALSE,FALSE
Boroondara City,Metro Melbourne,2021,Unit/Apartment,2076,798340,979617,6.45,231.4,FALSE,FALSE
Boroondara City,Metro Melbourne,2022,Unit/Apartment,1673,781000,970155,-2.17,226.4,FALSE,FALSE
Boroondara City,Metro Melbourne,2023,Unit/Apartment,1857,755000,998076,-3.33,218.8,FALSE,FALSE
Boroondara City,Metro Melbourne,2024,Unit/Apartment,2023,738000,944033,-2.25,213.9,FALSE,FALSE
Boroondara City,Metro Melbourne,2025,Unit/Apartment,250,647125,750810,-12.31,187.6,FALSE,TRUE
Boroondara City,Metro Melbourne,2004,Vacant Land,10,245000,260150,,100,FALSE,FALSE
Boroondara City,Metro Melbourne,2005,Vacant Land,20,159975,147272,-34.7,65.3,FALSE,FALSE
Boroondara City,Metro Melbourne,2006,Vacant Land,24,212886,228774,33.07,86.9,FALSE,FALSE
Boroondara City,Metro Melbourne,2007,Vacant Land,21,200000,240307,-6.05,81.6,FALSE,FALSE
Boroondara City,Metro Melbourne,2008,Vacant Land,2,184750,184750,-7.63,75.4,FALSE,FALSE
Boroondara City,Metro Melbourne,2009,Vacant Land,2,209825,209825,13.57,85.6,FALSE,FALSE
Boroondara City,Metro Melbourne,2010,Vacant Land,0,0,0,-100,0,FALSE,FALSE
Boroondara City,Metro Melbourne,2011,Vacant Land,0,0,0,,0,FALSE,FALSE
Boroondara City,Metro Melbourne,2012,Vacant Land,1,265000,265000,inf,108.2,FALSE,FALSE
Boroondara City,Metro Melbourne,2013,Vacant Land,1,110000,110000,-58.49,44.9,FALSE,FALSE
Boroondara City,Metro Melbourne,2014,Vacant Land,5,1150000,1110000,945.45,469.4,FALSE,FALSE
Boroondara City,Metro Melbourne,2015,Vacant Land,8,739500,768000,-35.7,301.8,FALSE,FALSE
Boroondara City,Metro Melbourne,2016,Vacant Land,8,763000,1117700,3.18,311.4,FALSE,FALSE
Boroondara City,Metro Melbourne,2017,Vacant Land,9,3000000,2815333,293.18,1224.5,FALSE,FALSE
Boroondara City,Metro Melbourne,2018,Vacant Land,24,1635500,1412338,-45.48,667.6,FALSE,FALSE
Boroondara City,Metro Melbourne,2019,Vacant Land,20,1680000,1784713,2.72,685.7,FALSE,FALSE
Boroondara City,Metro Melbourne,2020,Vacant Land,18,1737500,1717000,3.42,709.2,FALSE,FALSE
Boroondara City,Metro Melbourne,2021,Vacant Land,26,2029444,2728764,16.8,828.3,FALSE,FALSE
Boroondara City,Metro Melbourne,2022,Vacant Land,14,1384655,1306692,-31.77,565.2,FALSE,FALSE
Boroondara City,Metro Melbourne,2023,Vacant Land,23,2200000,2234277,58.88,898,FALSE,FALSE
Boroondara City,Metro Melbourne,2024,Vacant Land,15,2288000,2529633,4,933.9,FALSE,FALSE
Boroondara City,Metro Melbourne,2025,Vacant Land,3,2495000,2415000,9.05,1018.4,FALSE,TRUE
Borough of Queenscliffe,Regional Victoria,2004,House,71,465000,496816,,100,FALSE,FALSE
Borough of Queenscliffe,Regional Victoria,2005,House,88,500000,673956,7.53,107.5,FALSE,FALSE
Borough of Queenscliffe,Regional Victoria,2006,House,101,530000,644465,6,114,FALSE,FALSE
Borough of Queenscliffe,Regional Victoria,2007,House,158,522944,601844,-1.33,112.5,FALSE,FALSE
Borough of Queenscliffe,Regional Victoria,2008,House,82,525000,616829,0.39,112.9,FALSE,FALSE
Borough of Queenscliffe,Regional Victoria,2009,House,89,595000,637210,13.33,128,FALSE,FALSE
Borough of Queenscliffe,Regional Victoria,2010,House,87,732000,826607,23.03,157.4,FALSE,FALSE
Borough of Queenscliffe,Regional Victoria,2011,House,65,645000,841756,-11.89,138.7,FALSE,FALSE
Borough of Queenscliffe,Regional Victoria,2012,House,84,700000,787023,8.53,150.5,FALSE,FALSE
Borough of Queenscliffe,Regional Victoria,2013,House,76,732500,798717,4.64,157.5,FALSE,FALSE
Borough of Queenscliffe,Regional Victoria,2014,House,94,750000,917565,2.39,161.3,FALSE,FALSE
Borough of Queenscliffe,Regional Victoria,2015,House,104,721001,836776,-3.87,155.1,FALSE,FALSE
Borough of Queenscliffe,Regional Victoria,2016,House,90,790000,902422,9.57,169.9,FALSE,FALSE
Borough of Queenscliffe,Regional Victoria,2017,House,94,817500,953482,3.48,175.8,FALSE,FALSE
Borough of Queenscliffe,Regional Victoria,2018,House,71,930000,1088622,13.76,200,FALSE,FALSE
Borough of Queenscliffe,Regional Victoria,2019,House,74,950000,1073337,2.15,204.3,FALSE,FALSE
Borough of Queenscliffe,Regional Victoria,2020,House,86,1055000,1296416,11.05,226.9,FALSE,FALSE
Borough of Queenscliffe,Regional Victoria,2021,House,93,1500000,1733221,42.18,322.6,FALSE,FALSE
Borough of Queenscliffe,Regional Victoria,2022,House,54,1847500,2088384,23.17,397.3,FALSE,FALSE
Borough of Queenscliffe,Regional Victoria,2023,House,51,1650000,1922710,-10.69,354.8,FALSE,FALSE
Borough of Queenscliffe,Regional Victoria,2024,House,53,1300000,1678556,-21.21,279.6,FALSE,FALSE
Borough of Queenscliffe,Regional Victoria,2025,House,7,1050000,1133571,-19.23,225.8,FALSE,TRUE
Borough of Queenscliffe,Regional Victoria,2004,Unit/Apartment,20,415000,567550,,100,FALSE,FALSE
Borough of Queenscliffe,Regional Victoria,2005,Unit/Apartment,13,330000,406300,-20.48,79.5,FALSE,FALSE
Borough of Queenscliffe,Regional Victoria,2006,Unit/Apartment,34,327500,408046,-0.76,78.9,FALSE,FALSE
Borough of Queenscliffe,Regional Victoria,2007,Unit/Apartment,47,389396,447886,18.9,93.8,FALSE,FALSE
Borough of Queenscliffe,Regional Victoria,2008,Unit/Apartment,20,375000,381675,-3.7,90.4,FALSE,FALSE
Borough of Queenscliffe,Regional Victoria,2009,Unit/Apartment,23,440000,488326,17.33,106,FALSE,FALSE
Borough of Queenscliffe,Regional Victoria,2010,Unit/Apartment,21,530000,587047,20.45,127.7,FALSE,FALSE
Borough of Queenscliffe,Regional Victoria,2011,Unit/Apartment,23,455000,519913,-14.15,109.6,FALSE,FALSE
Borough of Queenscliffe,Regional Victoria,2012,Unit/Apartment,11,430000,426568,-5.49,103.6,FALSE,FALSE
Borough of Queenscliffe,Regional Victoria,2013,Unit/Apartment,20,430000,428300,0,103.6,FALSE,FALSE
Borough of Queenscliffe,Regional Victoria,2014,Unit/Apartment,20,401000,437895,-6.74,96.6,FALSE,FALSE
Borough of Queenscliffe,Regional Victoria,2015,Unit/Apartment,25,475000,613340,18.45,114.5,FALSE,FALSE
Borough of Queenscliffe,Regional Victoria,2016,Unit/Apartment,25,590000,582960,24.21,142.2,FALSE,FALSE
Borough of Queenscliffe,Regional Victoria,2017,Unit/Apartment,25,545000,529440,-7.63,131.3,FALSE,FALSE
Borough of Queenscliffe,Regional Victoria,2018,Unit/Apartment,20,627500,734775,15.14,151.2,FALSE,FALSE
Borough of Queenscliffe,Regional Victoria,2019,Unit/Apartment,16,597750,690531,-4.74,144,FALSE,FALSE
Borough of Queenscliffe,Regional Victoria,2020,Unit/Apartment,20,600000,602100,0.38,144.6,FALSE,FALSE
Borough of Queenscliffe,Regional Victoria,2021,Unit/Apartment,21,616000,856571,2.67,148.4,FALSE,FALSE
Borough of Queenscliffe,Regional Victoria,2022,Unit/Apartment,16,840000,845812,36.36,202.4,FALSE,FALSE
Borough of Queenscliffe,Regional Victoria,2023,Unit/Apartment,9,700000,759444,-16.67,168.7,FALSE,FALSE
Borough of Queenscliffe,Regional Victoria,2024,Unit/Apartment,8,777500,1195000,11.07,187.3,FALSE,FALSE
Borough of Queenscliffe,Regional Victoria,2025,Unit/Apartment,0,0,0,-100,0,FALSE,TRUE
Borough of Queenscliffe,Regional Victoria,2004,Vacant Land,0,0,0,,,FALSE,FALSE
Borough of Queenscliffe,Regional Victoria,2005,Vacant Land,4,258750,235625,inf,inf,FALSE,FALSE
Borough of Queenscliffe,Regional Victoria,2006,Vacant Land,7,400000,345714,54.59,inf,FALSE,FALSE
Borough of Queenscliffe,Regional Victoria,2007,Vacant Land,10,299000,325768,-25.25,inf,FALSE,FALSE
Borough of Queenscliffe,Regional Victoria,2008,Vacant Land,4,302500,278750,1.17,inf,FALSE,FALSE
Borough of Queenscliffe,Regional Victoria,2009,Vacant Land,1,340000,340000,12.4,inf,FALSE,FALSE
Borough of Queenscliffe,Regional Victoria,2010,Vacant Land,5,295000,286800,-13.24,inf,FALSE,FALSE
Borough of Queenscliffe,Regional Victoria,2011,Vacant Land,4,325000,313750,10.17,inf,FALSE,FALSE
Borough of Queenscliffe,Regional Victoria,2012,Vacant Land,3,259000,306333,-20.31,inf,FALSE,FALSE
Borough of Queenscliffe,Regional Victoria,2013,Vacant Land,3,340000,371666,31.27,inf,FALSE,FALSE
Borough of Queenscliffe,Regional Victoria,2014,Vacant Land,8,326500,304125,-3.97,inf,FALSE,FALSE
Borough of Queenscliffe,Regional Victoria,2015,Vacant Land,4,361500,435750,10.72,inf,FALSE,FALSE
Borough of Queenscliffe,Regional Victoria,2016,Vacant Land,5,410000,406800,13.42,inf,FALSE,FALSE
Borough of Queenscliffe,Regional Victoria,2017,Vacant Land,9,555308,701145,35.44,inf,FALSE,FALSE
Borough of Queenscliffe,Regional Victoria,2018,Vacant Land,6,547500,650833,-1.41,inf,FALSE,FALSE
Borough of Queenscliffe,Regional Victoria,2019,Vacant Land,2,835000,835000,52.51,inf,FALSE,FALSE
Borough of Queenscliffe,Regional Victoria,2020,Vacant Land,9,540000,593277,-35.33,inf,FALSE,FALSE
Borough of Queenscliffe,Regional Victoria,2021,Vacant Land,5,800000,801200,48.15,inf,FALSE,FALSE
Borough of Queenscliffe,Regional Victoria,2022,Vacant Land,3,1490000,1419166,86.25,inf,FALSE,FALSE
Borough of Queenscliffe,Regional Victoria,2023,Vacant Land,3,812000,1440666,-45.5,inf,FALSE,FALSE
Borough of Queenscliffe,Regional Victoria,2024,Vacant Land,3,650000,658333,-19.95,inf,FALSE,FALSE
Borough of Queenscliffe,Regional Victoria,2025,Vacant Land,0,0,0,-100,,FALSE,TRUE
Brimbank City,Metro Melbourne,2004,House,2172,240000,258085,,100,FALSE,FALSE
Brimbank City,Metro Melbourne,2005,House,2491,240000,261317,0,100,FALSE,FALSE
Brimbank City,Metro Melbourne,2006,House,2221,240000,263088,0,100,FALSE,FALSE
Brimbank City,Metro Melbourne,2007,House,2998,262000,287035,9.17,109.2,FALSE,FALSE
Brimbank City,Metro Melbourne,2008,House,2518,300000,320643,14.5,125,FALSE,FALSE
Brimbank City,Metro Melbourne,2009,House,2859,335200,354137,11.73,139.7,FALSE,FALSE
Brimbank City,Metro Melbourne,2010,House,2429,400000,420695,19.33,166.7,FALSE,FALSE
Brimbank City,Metro Melbourne,2011,House,1855,399208,417353,-0.2,166.3,FALSE,FALSE
Brimbank City,Metro Melbourne,2012,House,1794,378000,397623,-5.31,157.5,FALSE,FALSE
Brimbank City,Metro Melbourne,2013,House,2135,385000,405457,1.85,160.4,FALSE,FALSE
Brimbank City,Metro Melbourne,2014,House,2278,405000,435683,5.19,168.8,FALSE,FALSE
Brimbank City,Metro Melbourne,2015,House,2699,442500,472094,9.26,184.4,FALSE,FALSE
Brimbank City,Metro Melbourne,2016,House,2463,515000,544272,16.38,214.6,FALSE,FALSE
Brimbank City,Metro Melbourne,2017,House,2335,620000,650323,20.39,258.3,FALSE,FALSE
Brimbank City,Metro Melbourne,2018,House,1937,635000,663468,2.42,264.6,FALSE,FALSE
Brimbank City,Metro Melbourne,2019,House,1785,610000,641549,-3.94,254.2,FALSE,FALSE
Brimbank City,Metro Melbourne,2020,House,1450,635000,663853,4.1,264.6,FALSE,FALSE
Brimbank City,Metro Melbourne,2021,House,2347,710000,760353,11.81,295.8,FALSE,FALSE
Brimbank City,Metro Melbourne,2022,House,1804,731000,801752,2.96,304.6,FALSE,FALSE
Brimbank City,Metro Melbourne,2023,House,1638,700250,756523,-4.21,291.8,FALSE,FALSE
Brimbank City,Metro Melbourne,2024,House,1975,705000,756651,0.68,293.8,FALSE,FALSE
Brimbank City,Metro Melbourne,2025,House,230,670000,717109,-4.96,279.2,FALSE,TRUE
Brimbank City,Metro Melbourne,2004,Unit/Apartment,547,200000,203345,,100,FALSE,FALSE
Brimbank City,Metro Melbourne,2005,Unit/Apartment,498,206500,212993,3.25,103.2,FALSE,FALSE
Brimbank City,Metro Melbourne,2006,Unit/Apartment,457,206000,233840,-0.24,103,FALSE,FALSE
Brimbank City,Metro Melbourne,2007,Unit/Apartment,787,212000,237733,2.91,106,FALSE,FALSE
Brimbank City,Metro Melbourne,2008,Unit/Apartment,651,240000,247846,13.21,120,FALSE,FALSE
Brimbank City,Metro Melbourne,2009,Unit/Apartment,711,270000,276962,12.5,135,FALSE,FALSE
Brimbank City,Metro Melbourne,2010,Unit/Apartment,668,310000,323150,14.81,155,FALSE,FALSE
Brimbank City,Metro Melbourne,2011,Unit/Apartment,471,317000,337557,2.26,158.5,FALSE,FALSE
Brimbank City,Metro Melbourne,2012,Unit/Apartment,562,312000,319306,-1.58,156,FALSE,FALSE
Brimbank City,Metro Melbourne,2013,Unit/Apartment,639,309000,310165,-0.96,154.5,FALSE,FALSE
Brimbank City,Metro Melbourne,2014,Unit/Apartment,684,320000,327852,3.56,160,FALSE,FALSE
Brimbank City,Metro Melbourne,2015,Unit/Apartment,814,330250,340128,3.2,165.1,FALSE,FALSE
Brimbank City,Metro Melbourne,2016,Unit/Apartment,906,365000,373457,10.52,182.5,FALSE,FALSE
Brimbank City,Metro Melbourne,2017,Unit/Apartment,765,405000,414010,10.96,202.5,FALSE,FALSE
Brimbank City,Metro Melbourne,2018,Unit/Apartment,565,440000,441522,8.64,220,FALSE,FALSE
Brimbank City,Metro Melbourne,2019,Unit/Apartment,527,435000,440088,-1.14,217.5,FALSE,FALSE
Brimbank City,Metro Melbourne,2020,Unit/Apartment,483,480000,505000,10.34,240,FALSE,FALSE
Brimbank City,Metro Melbourne,2021,Unit/Apartment,824,510000,521352,6.25,255,FALSE,FALSE
Brimbank City,Metro Melbourne,2022,Unit/Apartment,667,502000,497480,-1.57,251,FALSE,FALSE
Brimbank City,Metro Melbourne,2023,Unit/Apartment,676,500000,511125,-0.4,250,FALSE,FALSE
Brimbank City,Metro Melbourne,2024,Unit/Apartment,837,520000,520360,4,260,FALSE,FALSE
Brimbank City,Metro Melbourne,2025,Unit/Apartment,101,520000,522463,0,260,FALSE,TRUE
Brimbank City,Metro Melbourne,2004,Vacant Land,630,145000,144655,,100,FALSE,FALSE
Brimbank City,Metro Melbourne,2005,Vacant Land,696,141000,149024,-2.76,97.2,FALSE,FALSE
Brimbank City,Metro Melbourne,2006,Vacant Land,818,140000,150202,-0.71,96.6,FALSE,FALSE
Brimbank City,Metro Melbourne,2007,Vacant Land,1307,142000,155536,1.43,97.9,FALSE,FALSE
Brimbank City,Metro Melbourne,2008,Vacant Land,1051,154000,156809,8.45,106.2,FALSE,FALSE
Brimbank City,Metro Melbourne,2009,Vacant Land,1120,171000,183048,11.04,117.9,FALSE,FALSE
Brimbank City,Metro Melbourne,2010,Vacant Land,498,229900,237168,34.44,158.6,FALSE,FALSE
Brimbank City,Metro Melbourne,2011,Vacant Land,200,255000,264216,10.92,175.9,FALSE,FALSE
Brimbank City,Metro Melbourne,2012,Vacant Land,136,274250,277291,7.55,189.1,FALSE,FALSE
Brimbank City,Metro Melbourne,2013,Vacant Land,208,268500,268579,-2.1,185.2,FALSE,FALSE
Brimbank City,Metro Melbourne,2014,Vacant Land,222,285000,292662,6.15,196.6,FALSE,FALSE
Brimbank City,Metro Melbourne,2015,Vacant Land,158,276250,285385,-3.07,190.5,FALSE,FALSE
Brimbank City,Metro Melbourne,2016,Vacant Land,132,389500,381928,41,268.6,FALSE,FALSE
Brimbank City,Metro Melbourne,2017,Vacant Land,91,440000,417834,12.97,303.4,FALSE,FALSE
Brimbank City,Metro Melbourne,2018,Vacant Land,62,466500,537615,6.02,321.7,FALSE,FALSE
Brimbank City,Metro Melbourne,2019,Vacant Land,197,480000,526877,2.89,331,FALSE,FALSE
Brimbank City,Metro Melbourne,2020,Vacant Land,164,450000,472707,-6.25,310.3,FALSE,FALSE
Brimbank City,Metro Melbourne,2021,Vacant Land,162,551500,545324,22.56,380.3,FALSE,FALSE
Brimbank City,Metro Melbourne,2022,Vacant Land,65,580000,560685,5.17,400,FALSE,FALSE
Brimbank City,Metro Melbourne,2023,Vacant Land,66,552500,557613,-4.74,381,FALSE,FALSE
Brimbank City,Metro Melbourne,2024,Vacant Land,67,620000,726893,12.22,427.6,FALSE,FALSE
Brimbank City,Metro Melbourne,2025,Vacant Land,4,687500,648750,10.89,474.1,FALSE,TRUE
Buloke Shire,Regional Victoria,2004,House,118,66000,72455,,100,FALSE,FALSE
Buloke Shire,Regional Victoria,2005,House,105,81000,88937,22.73,122.7,FALSE,FALSE
Buloke Shire,Regional Victoria,2006,House,97,93000,104075,14.81,140.9,FALSE,FALSE
Buloke Shire,Regional Victoria,2007,House,109,85000,96892,-8.6,128.8,FALSE,FALSE
Buloke Shire,Regional Victoria,2008,House,83,90000,100463,5.88,136.4,FALSE,FALSE
Buloke Shire,Regional Victoria,2009,House,85,84000,91658,-6.67,127.3,FALSE,FALSE
Buloke Shire,Regional Victoria,2010,House,99,89000,109858,5.95,134.8,FALSE,FALSE
Buloke Shire,Regional Victoria,2011,House,95,115000,123021,29.21,174.2,FALSE,FALSE
Buloke Shire,Regional Victoria,2012,House,85,95000,106124,-17.39,143.9,FALSE,FALSE
Buloke Shire,Regional Victoria,2013,House,116,101250,109491,6.58,153.4,FALSE,FALSE
Buloke Shire,Regional Victoria,2014,House,90,95000,112017,-6.17,143.9,FALSE,FALSE
Buloke Shire,Regional Victoria,2015,House,95,115000,117496,21.05,174.2,FALSE,FALSE
Buloke Shire,Regional Victoria,2016,House,86,82750,107200,-28.04,125.4,FALSE,FALSE
Buloke Shire,Regional Victoria,2017,House,99,100000,117663,20.85,151.5,FALSE,FALSE
Buloke Shire,Regional Victoria,2018,House,123,129002,138634,29,195.5,FALSE,FALSE
Buloke Shire,Regional Victoria,2019,House,106,112500,131100,-12.79,170.5,FALSE,FALSE
Buloke Shire,Regional Victoria,2020,House,131,130000,144598,15.56,197,FALSE,FALSE
Buloke Shire,Regional Victoria,2021,House,148,159500,169397,22.69,241.7,FALSE,FALSE
Buloke Shire,Regional Victoria,2022,House,110,206000,226736,29.15,312.1,FALSE,FALSE
Buloke Shire,Regional Victoria,2023,House,92,219000,228106,6.31,331.8,FALSE,FALSE
Buloke Shire,Regional Victoria,2024,House,101,230000,244441,5.02,348.5,FALSE,FALSE
Buloke Shire,Regional Victoria,2025,House,12,217500,230833,-5.43,329.5,FALSE,TRUE
Buloke Shire,Regional Victoria,2004,Unit/Apartment,6,94250,80666,,100,FALSE,FALSE
Buloke Shire,Regional Victoria,2005,Unit/Apartment,5,136002,97064,44.3,144.3,FALSE,FALSE
Buloke Shire,Regional Victoria,2006,Unit/Apartment,5,120000,115600,-11.77,127.3,FALSE,FALSE
Buloke Shire,Regional Victoria,2007,Unit/Apartment,2,148975,148975,24.15,158.1,FALSE,FALSE
Buloke Shire,Regional Victoria,2008,Unit/Apartment,4,172500,161250,15.79,183,FALSE,FALSE
Buloke Shire,Regional Victoria,2009,Unit/Apartment,5,170000,162600,-1.45,180.4,FALSE,FALSE
Buloke Shire,Regional Victoria,2010,Unit/Apartment,3,185000,158666,8.82,196.3,FALSE,FALSE
Buloke Shire,Regional Victoria,2011,Unit/Apartment,2,170000,170000,-8.11,180.4,FALSE,FALSE
Buloke Shire,Regional Victoria,2012,Unit/Apartment,3,189000,146777,11.18,200.5,FALSE,FALSE
Buloke Shire,Regional Victoria,2013,Unit/Apartment,3,155000,140000,-17.99,164.5,FALSE,FALSE
Buloke Shire,Regional Victoria,2014,Unit/Apartment,5,188000,169266,21.29,199.5,FALSE,FALSE
Buloke Shire,Regional Victoria,2015,Unit/Apartment,2,170000,170000,-9.57,180.4,FALSE,FALSE
Buloke Shire,Regional Victoria,2016,Unit/Apartment,2,185000,185000,8.82,196.3,FALSE,FALSE
Buloke Shire,Regional Victoria,2017,Unit/Apartment,2,76750,76750,-58.51,81.4,FALSE,FALSE
Buloke Shire,Regional Victoria,2018,Unit/Apartment,3,235000,261666,206.19,249.3,FALSE,FALSE
Buloke Shire,Regional Victoria,2019,Unit/Apartment,5,134000,144800,-42.98,142.2,FALSE,FALSE
Buloke Shire,Regional Victoria,2020,Unit/Apartment,6,195000,190500,45.52,206.9,FALSE,FALSE
Buloke Shire,Regional Victoria,2021,Unit/Apartment,2,282500,282500,44.87,299.7,FALSE,FALSE
Buloke Shire,Regional Victoria,2022,Unit/Apartment,5,280000,287000,-0.88,297.1,FALSE,FALSE
Buloke Shire,Regional Victoria,2023,Unit/Apartment,2,302500,302500,8.04,321,FALSE,FALSE
Buloke Shire,Regional Victoria,2024,Unit/Apartment,5,305000,314000,0.83,323.6,FALSE,FALSE
Buloke Shire,Regional Victoria,2025,Unit/Apartment,0,0,0,-100,0,FALSE,TRUE
Buloke Shire,Regional Victoria,2004,Vacant Land,54,19000,21942,,100,FALSE,FALSE
Buloke Shire,Regional Victoria,2005,Vacant Land,51,17000,25404,-10.53,89.5,FALSE,FALSE
Buloke Shire,Regional Victoria,2006,Vacant Land,29,25500,32051,50,134.2,FALSE,FALSE
Buloke Shire,Regional Victoria,2007,Vacant Land,36,20000,29736,-21.57,105.3,FALSE,FALSE
Buloke Shire,Regional Victoria,2008,Vacant Land,21,18000,33690,-10,94.7,FALSE,FALSE
Buloke Shire,Regional Victoria,2009,Vacant Land,13,11000,26468,-38.89,57.9,FALSE,FALSE
Buloke Shire,Regional Victoria,2010,Vacant Land,24,31250,52645,184.09,164.5,FALSE,FALSE
Buloke Shire,Regional Victoria,2011,Vacant Land,21,28000,35700,-10.4,147.4,FALSE,FALSE
Buloke Shire,Regional Victoria,2012,Vacant Land,23,22000,51706,-21.43,115.8,FALSE,FALSE
Buloke Shire,Regional Victoria,2013,Vacant Land,21,20000,24489,-9.09,105.3,FALSE,FALSE
Buloke Shire,Regional Victoria,2014,Vacant Land,17,20000,21360,0,105.3,FALSE,FALSE
Buloke Shire,Regional Victoria,2015,Vacant Land,20,15250,22125,-23.75,80.3,FALSE,FALSE
Buloke Shire,Regional Victoria,2016,Vacant Land,12,15000,18062,-1.64,78.9,FALSE,FALSE
Buloke Shire,Regional Victoria,2017,Vacant Land,24,12000,30788,-20,63.2,FALSE,FALSE
Buloke Shire,Regional Victoria,2018,Vacant Land,18,19500,23147,62.5,102.6,FALSE,FALSE
Buloke Shire,Regional Victoria,2019,Vacant Land,18,16250,22488,-16.67,85.5,FALSE,FALSE
Buloke Shire,Regional Victoria,2020,Vacant Land,29,20000,22172,23.08,105.3,FALSE,FALSE
Buloke Shire,Regional Victoria,2021,Vacant Land,39,38000,39873,90,200,FALSE,FALSE
Buloke Shire,Regional Victoria,2022,Vacant Land,36,56500,56638,48.68,297.4,FALSE,FALSE
Buloke Shire,Regional Victoria,2023,Vacant Land,23,47000,50304,-16.81,247.4,FALSE,FALSE
Buloke Shire,Regional Victoria,2024,Vacant Land,14,47500,65939,1.06,250,FALSE,FALSE
Buloke Shire,Regional Victoria,2025,Vacant Land,2,47500,47500,0,250,FALSE,TRUE
Campaspe Shire,Regional Victoria,2004,House,537,175000,182734,,100,FALSE,FALSE
Campaspe Shire,Regional Victoria,2005,House,565,187500,199306,7.14,107.1,FALSE,FALSE
Campaspe Shire,Regional Victoria,2006,House,505,210000,228595,12,120,FALSE,FALSE
Campaspe Shire,Regional Victoria,2007,House,515,208000,225370,-0.95,118.9,FALSE,FALSE
Campaspe Shire,Regional Victoria,2008,House,391,211000,231969,1.44,120.6,FALSE,FALSE
Campaspe Shire,Regional Victoria,2009,House,416,210000,226034,-0.47,120,FALSE,FALSE
Campaspe Shire,Regional Victoria,2010,House,393,220000,231880,4.76,125.7,FALSE,FALSE
Campaspe Shire,Regional Victoria,2011,House,362,230000,243946,4.55,131.4,FALSE,FALSE
Campaspe Shire,Regional Victoria,2012,House,376,234500,250312,1.96,134,FALSE,FALSE
Campaspe Shire,Regional Victoria,2013,House,416,237250,258516,1.17,135.6,FALSE,FALSE
Campaspe Shire,Regional Victoria,2014,House,441,246500,258036,3.9,140.9,FALSE,FALSE
Campaspe Shire,Regional Victoria,2015,House,421,258000,272844,4.67,147.4,FALSE,FALSE
Campaspe Shire,Regional Victoria,2016,House,427,270000,283635,4.65,154.3,FALSE,FALSE
Campaspe Shire,Regional Victoria,2017,House,503,271000,287823,0.37,154.9,FALSE,FALSE
Campaspe Shire,Regional Victoria,2018,House,492,303500,322277,11.99,173.4,FALSE,FALSE
Campaspe Shire,Regional Victoria,2019,House,424,290000,316062,-4.45,165.7,FALSE,FALSE
Campaspe Shire,Regional Victoria,2020,House,480,314000,334237,8.28,179.4,FALSE,FALSE
Campaspe Shire,Regional Victoria,2021,House,609,389000,414274,23.89,222.3,FALSE,FALSE
Campaspe Shire,Regional Victoria,2022,House,479,450000,492166,15.68,257.1,FALSE,FALSE
Campaspe Shire,Regional Victoria,2023,House,434,460000,492566,2.22,262.9,FALSE,FALSE
Campaspe Shire,Regional Victoria,2024,House,427,480000,514669,4.35,274.3,FALSE,FALSE
Campaspe Shire,Regional Victoria,2025,House,75,470000,498350,-2.08,268.6,FALSE,TRUE
Campaspe Shire,Regional Victoria,2004,Unit/Apartment,101,175000,189372,,100,FALSE,FALSE
Campaspe Shire,Regional Victoria,2005,Unit/Apartment,128,183750,208521,5,105,FALSE,FALSE
Campaspe Shire,Regional Victoria,2006,Unit/Apartment,116,185000,193501,0.68,105.7,FALSE,FALSE
Campaspe Shire,Regional Victoria,2007,Unit/Apartment,120,200000,215620,8.11,114.3,FALSE,FALSE
Campaspe Shire,Regional Victoria,2008,Unit/Apartment,87,209000,230795,4.5,119.4,FALSE,FALSE
Campaspe Shire,Regional Victoria,2009,Unit/Apartment,70,200000,219885,-4.31,114.3,FALSE,FALSE
Campaspe Shire,Regional Victoria,2010,Unit/Apartment,78,203750,229724,1.88,116.4,FALSE,FALSE
Campaspe Shire,Regional Victoria,2011,Unit/Apartment,71,210000,210294,3.07,120,FALSE,FALSE
Campaspe Shire,Regional Victoria,2012,Unit/Apartment,68,233000,253432,10.95,133.1,FALSE,FALSE
Campaspe Shire,Regional Victoria,2013,Unit/Apartment,93,200000,218844,-14.16,114.3,FALSE,FALSE
Campaspe Shire,Regional Victoria,2014,Unit/Apartment,91,222000,234082,11,126.9,FALSE,FALSE
Campaspe Shire,Regional Victoria,2015,Unit/Apartment,101,232000,258830,4.5,132.6,FALSE,FALSE
Campaspe Shire,Regional Victoria,2016,Unit/Apartment,91,230000,256141,-0.86,131.4,FALSE,FALSE
Campaspe Shire,Regional Victoria,2017,Unit/Apartment,81,266000,289910,15.65,152,FALSE,FALSE
Campaspe Shire,Regional Victoria,2018,Unit/Apartment,81,250000,284771,-6.02,142.9,FALSE,FALSE
Campaspe Shire,Regional Victoria,2019,Unit/Apartment,93,242000,274008,-3.2,138.3,FALSE,FALSE
Campaspe Shire,Regional Victoria,2020,Unit/Apartment,68,260000,273656,7.44,148.6,FALSE,FALSE
Campaspe Shire,Regional Victoria,2021,Unit/Apartment,96,306000,331342,17.69,174.9,FALSE,FALSE
Campaspe Shire,Regional Victoria,2022,Unit/Apartment,69,350000,362663,14.38,200,FALSE,FALSE
Campaspe Shire,Regional Victoria,2023,Unit/Apartment,83,363000,375873,3.71,207.4,FALSE,FALSE
Campaspe Shire,Regional Victoria,2024,Unit/Apartment,77,405000,431189,11.57,231.4,FALSE,FALSE
Campaspe Shire,Regional Victoria,2025,Unit/Apartment,18,390000,386777,-3.7,222.9,FALSE,TRUE
Campaspe Shire,Regional Victoria,2004,Vacant Land,185,72000,67329,,100,FALSE,FALSE
Campaspe Shire,Regional Victoria,2005,Vacant Land,170,78250,79510,8.68,108.7,FALSE,FALSE
Campaspe Shire,Regional Victoria,2006,Vacant Land,112,87500,85651,11.82,121.5,FALSE,FALSE
Campaspe Shire,Regional Victoria,2007,Vacant Land,80,92500,91025,5.71,128.5,FALSE,FALSE
Campaspe Shire,Regional Victoria,2008,Vacant Land,64,98500,93841,6.49,136.8,FALSE,FALSE
Campaspe Shire,Regional Victoria,2009,Vacant Land,79,109000,106537,10.66,151.4,FALSE,FALSE
Campaspe Shire,Regional Victoria,2010,Vacant Land,80,110000,111133,0.92,152.8,FALSE,FALSE
Campaspe Shire,Regional Victoria,2011,Vacant Land,76,109750,105518,-0.23,152.4,FALSE,FALSE
Campaspe Shire,Regional Victoria,2012,Vacant Land,67,98000,104473,-10.71,136.1,FALSE,FALSE
Campaspe Shire,Regional Victoria,2013,Vacant Land,55,99000,105150,1.02,137.5,FALSE,FALSE
Campaspe Shire,Regional Victoria,2014,Vacant Land,72,117500,114503,18.69,163.2,FALSE,FALSE
Campaspe Shire,Regional Victoria,2015,Vacant Land,82,140000,137776,19.15,194.4,FALSE,FALSE
Campaspe Shire,Regional Victoria,2016,Vacant Land,95,140000,119244,0,194.4,FALSE,FALSE
Campaspe Shire,Regional Victoria,2017,Vacant Land,101,149000,133356,6.43,206.9,FALSE,FALSE
Campaspe Shire,Regional Victoria,2018,Vacant Land,127,148000,143054,-0.67,205.6,FALSE,FALSE
Campaspe Shire,Regional Victoria,2019,Vacant Land,116,148875,143051,0.59,206.8,FALSE,FALSE
Campaspe Shire,Regional Victoria,2020,Vacant Land,237,154000,157725,3.44,213.9,FALSE,FALSE
Campaspe Shire,Regional Victoria,2021,Vacant Land,112,207500,202998,34.74,288.2,FALSE,FALSE
Campaspe Shire,Regional Victoria,2022,Vacant Land,80,210000,235874,1.2,291.7,FALSE,FALSE
Campaspe Shire,Regional Victoria,2023,Vacant Land,43,211500,270079,0.71,293.8,FALSE,FALSE
Campaspe Shire,Regional Victoria,2024,Vacant Land,47,200000,231933,-5.44,277.8,FALSE,FALSE
Campaspe Shire,Regional Victoria,2025,Vacant Land,11,193500,197254,-3.25,268.8,FALSE,TRUE
Cardina Shire,Metro Melbourne,2004,House,1059,231000,244431,,100,FALSE,FALSE
Cardina Shire,Metro Melbourne,2005,House,1049,238000,255898,3.03,103,FALSE,FALSE
Cardina Shire,Metro Melbourne,2006,House,1036,255000,272553,7.14,110.4,FALSE,FALSE
Cardina Shire,Metro Melbourne,2007,House,1315,268000,287550,5.1,116,FALSE,FALSE
Cardina Shire,Metro Melbourne,2008,House,1337,280000,294617,4.48,121.2,FALSE,FALSE
Cardina Shire,Metro Melbourne,2009,House,1486,310000,323426,10.71,134.2,FALSE,FALSE
Cardina Shire,Metro Melbourne,2010,House,1436,345000,367286,11.29,149.4,FALSE,FALSE
Cardina Shire,Metro Melbourne,2011,House,1255,352500,376515,2.17,152.6,FALSE,FALSE
Cardina Shire,Metro Melbourne,2012,House,1303,350000,372515,-0.71,151.5,FALSE,FALSE
Cardina Shire,Metro Melbourne,2013,House,1417,345000,367624,-1.43,149.4,FALSE,FALSE
Cardina Shire,Metro Melbourne,2014,House,1617,360000,384786,4.35,155.8,FALSE,FALSE
Cardina Shire,Metro Melbourne,2015,House,1836,375002,409253,4.17,162.3,FALSE,FALSE
Cardina Shire,Metro Melbourne,2016,House,1862,415050,445757,10.68,179.7,FALSE,FALSE
Cardina Shire,Metro Melbourne,2017,House,2410,480000,511598,15.65,207.8,FALSE,FALSE
Cardina Shire,Metro Melbourne,2018,House,1855,531650,565368,10.76,230.2,FALSE,FALSE
Cardina Shire,Metro Melbourne,2019,House,1726,518000,543132,-2.57,224.2,FALSE,FALSE
Cardina Shire,Metro Melbourne,2020,House,1699,553000,583578,6.76,239.4,FALSE,FALSE
Cardina Shire,Metro Melbourne,2021,House,2645,630000,663793,13.92,272.7,FALSE,FALSE
Cardina Shire,Metro Melbourne,2022,House,1921,687000,740668,9.05,297.4,FALSE,FALSE
Cardina Shire,Metro Melbourne,2023,House,1817,680000,730431,-1.02,294.4,FALSE,FALSE
Cardina Shire,Metro Melbourne,2024,House,1970,692401,737975,1.82,299.7,FALSE,FALSE
Cardina Shire,Metro Melbourne,2025,House,269,705000,738070,1.82,305.2,FALSE,TRUE
Cardina Shire,Metro Melbourne,2004,Unit/Apartment,117,200000,211889,,100,FALSE,FALSE
Cardina Shire,Metro Melbourne,2005,Unit/Apartment,140,210000,221163,5,105,FALSE,FALSE
Cardina Shire,Metro Melbourne,2006,Unit/Apartment,160,220000,232268,4.76,110,FALSE,FALSE
Cardina Shire,Metro Melbourne,2007,Unit/Apartment,299,220000,232533,0,110,FALSE,FALSE
Cardina Shire,Metro Melbourne,2008,Unit/Apartment,265,235000,252238,6.82,117.5,FALSE,FALSE
Cardina Shire,Metro Melbourne,2009,Unit/Apartment,358,241750,254860,2.87,120.9,FALSE,FALSE
Cardina Shire,Metro Melbourne,2010,Unit/Apartment,276,265000,263708,9.62,132.5,FALSE,FALSE
Cardina Shire,Metro Melbourne,2011,Unit/Apartment,229,275000,274582,3.77,137.5,FALSE,FALSE
Cardina Shire,Metro Melbourne,2012,Unit/Apartment,236,268000,271217,-2.55,134,FALSE,FALSE
Cardina Shire,Metro Melbourne,2013,Unit/Apartment,262,270000,283405,0.75,135,FALSE,FALSE
Cardina Shire,Metro Melbourne,2014,Unit/Apartment,299,285000,297010,5.56,142.5,FALSE,FALSE
Cardina Shire,Metro Melbourne,2015,Unit/Apartment,319,300000,305625,5.26,150,FALSE,FALSE
Cardina Shire,Metro Melbourne,2016,Unit/Apartment,327,320000,319515,6.67,160,FALSE,FALSE
Cardina Shire,Metro Melbourne,2017,Unit/Apartment,402,364730,364335,13.98,182.4,FALSE,FALSE
Cardina Shire,Metro Melbourne,2018,Unit/Apartment,234,400000,411162,9.67,200,FALSE,FALSE
Cardina Shire,Metro Melbourne,2019,Unit/Apartment,208,380000,388492,-5,190,FALSE,FALSE
Cardina Shire,Metro Melbourne,2020,Unit/Apartment,204,416500,423595,9.61,208.2,FALSE,FALSE
Cardina Shire,Metro Melbourne,2021,Unit/Apartment,306,450000,461371,8.04,225,FALSE,FALSE
Cardina Shire,Metro Melbourne,2022,Unit/Apartment,235,488000,496312,8.44,244,FALSE,FALSE
Cardina Shire,Metro Melbourne,2023,Unit/Apartment,259,490000,495132,0.41,245,FALSE,FALSE
Cardina Shire,Metro Melbourne,2024,Unit/Apartment,305,500000,512466,2.04,250,FALSE,FALSE
Cardina Shire,Metro Melbourne,2025,Unit/Apartment,43,510000,505232,2,255,FALSE,TRUE
Cardina Shire,Metro Melbourne,2004,Vacant Land,808,103000,112374,,100,FALSE,FALSE
Cardina Shire,Metro Melbourne,2005,Vacant Land,1007,109000,122323,5.83,105.8,FALSE,FALSE
Cardina Shire,Metro Melbourne,2006,Vacant Land,924,112000,124894,2.75,108.7,FALSE,FALSE
Cardina Shire,Metro Melbourne,2007,Vacant Land,1509,122000,133322,8.93,118.4,FALSE,FALSE
Cardina Shire,Metro Melbourne,2008,Vacant Land,1389,132000,136498,8.2,128.2,FALSE,FALSE
Cardina Shire,Metro Melbourne,2009,Vacant Land,1811,139900,146356,5.98,135.8,FALSE,FALSE
Cardina Shire,Metro Melbourne,2010,Vacant Land,1867,163000,169348,16.51,158.3,FALSE,FALSE
Cardina Shire,Metro Melbourne,2011,Vacant Land,1240,172000,178137,5.52,167,FALSE,FALSE
Cardina Shire,Metro Melbourne,2012,Vacant Land,746,179000,185056,4.07,173.8,FALSE,FALSE
Cardina Shire,Metro Melbourne,2013,Vacant Land,1046,178000,184682,-0.56,172.8,FALSE,FALSE
Cardina Shire,Metro Melbourne,2014,Vacant Land,1545,175000,180004,-1.69,169.9,FALSE,FALSE
Cardina Shire,Metro Melbourne,2015,Vacant Land,1624,195000,203368,11.43,189.3,FALSE,FALSE
Cardina Shire,Metro Melbourne,2016,Vacant Land,2201,219000,217312,12.31,212.6,FALSE,FALSE
Cardina Shire,Metro Melbourne,2017,Vacant Land,1915,253000,254963,15.53,245.6,FALSE,FALSE
Cardina Shire,Metro Melbourne,2018,Vacant Land,903,313000,308744,23.72,303.9,FALSE,FALSE
Cardina Shire,Metro Melbourne,2019,Vacant Land,798,316000,317157,0.96,306.8,FALSE,FALSE
Cardina Shire,Metro Melbourne,2020,Vacant Land,1301,326000,326438,3.16,316.5,FALSE,FALSE
Cardina Shire,Metro Melbourne,2021,Vacant Land,2361,354000,361120,8.59,343.7,FALSE,FALSE
Cardina Shire,Metro Melbourne,2022,Vacant Land,755,400000,414148,12.99,388.3,FALSE,FALSE
Cardina Shire,Metro Melbourne,2023,Vacant Land,347,415000,420785,3.75,402.9,FALSE,FALSE
Cardina Shire,Metro Melbourne,2024,Vacant Land,404,423500,423149,2.05,411.2,FALSE,FALSE
Cardina Shire,Metro Melbourne,2025,Vacant Land,50,418500,432754,-1.18,406.3,FALSE,TRUE
Casey City,Metro Melbourne,2004,House,4181,239000,254008,,100,FALSE,FALSE
Casey City,Metro Melbourne,2005,House,4451,247500,264462,3.56,103.6,FALSE,FALSE
Casey City,Metro Melbourne,2006,House,3947,258000,276765,4.24,107.9,FALSE,FALSE
Casey City,Metro Melbourne,2007,House,5331,277000,297403,7.36,115.9,FALSE,FALSE
Casey City,Metro Melbourne,2008,House,4321,302000,320453,9.03,126.4,FALSE,FALSE
Casey City,Metro Melbourne,2009,House,4973,331000,349248,9.6,138.5,FALSE,FALSE
Casey City,Metro Melbourne,2010,House,4345,375000,400519,13.29,156.9,FALSE,FALSE
Casey City,Metro Melbourne,2011,House,3796,375000,398216,0,156.9,FALSE,FALSE
Casey City,Metro Melbourne,2012,House,3638,375000,398660,0,156.9,FALSE,FALSE
Casey City,Metro Melbourne,2013,House,4224,385000,409019,2.67,161.1,FALSE,FALSE
Casey City,Metro Melbourne,2014,House,4891,400000,421716,3.9,167.4,FALSE,FALSE
Casey City,Metro Melbourne,2015,House,5569,435000,456916,8.75,182,FALSE,FALSE
Casey City,Metro Melbourne,2016,House,5402,485000,507622,11.49,202.9,FALSE,FALSE
Casey City,Metro Melbourne,2017,House,5864,568500,590147,17.22,237.9,FALSE,FALSE
Casey City,Metro Melbourne,2018,House,4517,600000,629259,5.54,251,FALSE,FALSE
Casey City,Metro Melbourne,2019,House,4700,582500,613264,-2.92,243.7,FALSE,FALSE
Casey City,Metro Melbourne,2020,House,4458,606000,635196,4.03,253.6,FALSE,FALSE
Casey City,Metro Melbourne,2021,House,6963,680000,725833,12.21,284.5,FALSE,FALSE
Casey City,Metro Melbourne,2022,House,5195,735000,794629,8.09,307.5,FALSE,FALSE
Casey City,Metro Melbourne,2023,House,5024,722000,780736,-1.77,302.1,FALSE,FALSE
Casey City,Metro Melbourne,2024,House,5882,736518,795951,2.01,308.2,FALSE,FALSE
Casey City,Metro Melbourne,2025,House,809,725000,774554,-1.56,303.3,FALSE,TRUE
Casey City,Metro Melbourne,2004,Unit/Apartment,478,206000,225431,,100,FALSE,FALSE
Casey City,Metro Melbourne,2005,Unit/Apartment,473,218000,235459,5.83,105.8,FALSE,FALSE
Casey City,Metro Melbourne,2006,Unit/Apartment,527,228200,246826,4.68,110.8,FALSE,FALSE
Casey City,Metro Melbourne,2007,Unit/Apartment,767,232000,255653,1.67,112.6,FALSE,FALSE
Casey City,Metro Melbourne,2008,Unit/Apartment,674,250000,267677,7.76,121.4,FALSE,FALSE
Casey City,Metro Melbourne,2009,Unit/Apartment,829,282000,302768,12.8,136.9,FALSE,FALSE
Casey City,Metro Melbourne,2010,Unit/Apartment,582,306000,327881,8.51,148.5,FALSE,FALSE
Casey City,Metro Melbourne,2011,Unit/Apartment,526,308000,328221,0.65,149.5,FALSE,FALSE
Casey City,Metro Melbourne,2012,Unit/Apartment,511,298500,322238,-3.08,144.9,FALSE,FALSE
Casey City,Metro Melbourne,2013,Unit/Apartment,624,307750,319379,3.1,149.4,FALSE,FALSE
Casey City,Metro Melbourne,2014,Unit/Apartment,657,320000,353589,3.98,155.3,FALSE,FALSE
Casey City,Metro Melbourne,2015,Unit/Apartment,781,345000,371270,7.81,167.5,FALSE,FALSE
Casey City,Metro Melbourne,2016,Unit/Apartment,865,360000,408224,4.35,174.8,FALSE,FALSE
Casey City,Metro Melbourne,2017,Unit/Apartment,794,415000,441361,15.28,201.5,FALSE,FALSE
Casey City,Metro Melbourne,2018,Unit/Apartment,584,443250,466761,6.81,215.2,FALSE,FALSE
Casey City,Metro Melbourne,2019,Unit/Apartment,525,428000,476497,-3.44,207.8,FALSE,FALSE
Casey City,Metro Melbourne,2020,Unit/Apartment,570,477750,504811,11.62,231.9,FALSE,FALSE
Casey City,Metro Melbourne,2021,Unit/Apartment,944,513000,534654,7.38,249,FALSE,FALSE
Casey City,Metro Melbourne,2022,Unit/Apartment,689,545000,569457,6.24,264.6,FALSE,FALSE
Casey City,Metro Melbourne,2023,Unit/Apartment,681,540000,573516,-0.92,262.1,FALSE,FALSE
Casey City,Metro Melbourne,2024,Unit/Apartment,828,560000,584361,3.7,271.8,FALSE,FALSE
Casey City,Metro Melbourne,2025,Unit/Apartment,114,554000,574546,-1.07,268.9,FALSE,TRUE
Casey City,Metro Melbourne,2004,Vacant Land,2185,136000,142506,,100,FALSE,FALSE
Casey City,Metro Melbourne,2005,Vacant Land,2224,139000,145742,2.21,102.2,FALSE,FALSE
Casey City,Metro Melbourne,2006,Vacant Land,2441,144500,157787,3.96,106.2,FALSE,FALSE
Casey City,Metro Melbourne,2007,Vacant Land,3029,158000,163489,9.34,116.2,FALSE,FALSE
Casey City,Metro Melbourne,2008,Vacant Land,2100,169000,173641,6.96,124.3,FALSE,FALSE
Casey City,Metro Melbourne,2009,Vacant Land,2656,180000,186365,6.51,132.4,FALSE,FALSE
Casey City,Metro Melbourne,2010,Vacant Land,2257,203000,212547,12.78,149.3,FALSE,FALSE
Casey City,Metro Melbourne,2011,Vacant Land,1773,220000,218484,8.37,161.8,FALSE,FALSE
Casey City,Metro Melbourne,2012,Vacant Land,1844,210000,217076,-4.55,154.4,FALSE,FALSE
Casey City,Metro Melbourne,2013,Vacant Land,2488,205000,212287,-2.38,150.7,FALSE,FALSE
Casey City,Metro Melbourne,2014,Vacant Land,2815,216000,219964,5.37,158.8,FALSE,FALSE
Casey City,Metro Melbourne,2015,Vacant Land,3855,227000,231906,5.09,166.9,FALSE,FALSE
Casey City,Metro Melbourne,2016,Vacant Land,4939,242000,247775,6.61,177.9,FALSE,FALSE
Casey City,Metro Melbourne,2017,Vacant Land,4183,299000,301935,23.55,219.9,FALSE,FALSE
Casey City,Metro Melbourne,2018,Vacant Land,2677,338000,336506,13.04,248.5,FALSE,FALSE
Casey City,Metro Melbourne,2019,Vacant Land,2390,318000,327250,-5.92,233.8,FALSE,FALSE
Casey City,Metro Melbourne,2020,Vacant Land,4516,321000,323807,0.94,236,FALSE,FALSE
Casey City,Metro Melbourne,2021,Vacant Land,6232,360000,373968,12.15,264.7,FALSE,FALSE
Casey City,Metro Melbourne,2022,Vacant Land,2344,415000,460599,15.28,305.1,FALSE,FALSE
Casey City,Metro Melbourne,2023,Vacant Land,1786,420000,429248,1.2,308.8,FALSE,FALSE
Casey City,Metro Melbourne,2024,Vacant Land,1616,420000,424250,0,308.8,FALSE,FALSE
Casey City,Metro Melbourne,2025,Vacant Land,115,417000,395770,-0.71,306.6,FALSE,TRUE
Central Goldfields Shire,Regional Victoria,2004,House,218,130000,138890,,100,FALSE,FALSE
Central Goldfields Shire,Regional Victoria,2005,House,223,130000,136700,0,100,FALSE,FALSE
Central Goldfields Shire,Regional Victoria,2006,House,192,138500,154289,6.54,106.5,FALSE,FALSE
Central Goldfields Shire,Regional Victoria,2007,House,227,130000,145070,-6.14,100,FALSE,FALSE
Central Goldfields Shire,Regional Victoria,2008,House,189,140000,151371,7.69,107.7,FALSE,FALSE
Central Goldfields Shire,Regional Victoria,2009,House,228,147000,158043,5,113.1,FALSE,FALSE
Central Goldfields Shire,Regional Victoria,2010,House,205,157500,171526,7.14,121.2,FALSE,FALSE
Central Goldfields Shire,Regional Victoria,2011,House,217,176000,182389,11.75,135.4,FALSE,FALSE
Central Goldfields Shire,Regional Victoria,2012,House,196,180000,186810,2.27,138.5,FALSE,FALSE
Central Goldfields Shire,Regional Victoria,2013,House,213,192000,197465,6.67,147.7,FALSE,FALSE
Central Goldfields Shire,Regional Victoria,2014,House,194,200000,202190,4.17,153.8,FALSE,FALSE
Central Goldfields Shire,Regional Victoria,2015,House,219,190000,207011,-5,146.2,FALSE,FALSE
Central Goldfields Shire,Regional Victoria,2016,House,216,195000,208303,2.63,150,FALSE,FALSE
Central Goldfields Shire,Regional Victoria,2017,House,229,190000,212241,-2.56,146.2,FALSE,FALSE
Central Goldfields Shire,Regional Victoria,2018,House,233,222000,229781,16.84,170.8,FALSE,FALSE
Central Goldfields Shire,Regional Victoria,2019,House,207,235000,244588,5.86,180.8,FALSE,FALSE
Central Goldfields Shire,Regional Victoria,2020,House,203,269000,281977,14.47,206.9,FALSE,FALSE
Central Goldfields Shire,Regional Victoria,2021,House,304,330000,329916,22.68,253.8,FALSE,FALSE
Central Goldfields Shire,Regional Victoria,2022,House,222,395000,411170,19.7,303.8,FALSE,FALSE
Central Goldfields Shire,Regional Victoria,2023,House,179,390000,404388,-1.27,300,FALSE,FALSE
Central Goldfields Shire,Regional Victoria,2024,House,200,372500,402296,-4.49,286.5,FALSE,FALSE
Central Goldfields Shire,Regional Victoria,2025,House,42,372500,391595,0,286.5,FALSE,TRUE
Central Goldfields Shire,Regional Victoria,2004,Unit/Apartment,25,137000,140932,,100,FALSE,FALSE
Central Goldfields Shire,Regional Victoria,2005,Unit/Apartment,25,139500,148400,1.82,101.8,FALSE,FALSE
Central Goldfields Shire,Regional Victoria,2006,Unit/Apartment,19,143000,144705,2.51,104.4,FALSE,FALSE
Central Goldfields Shire,Regional Victoria,2007,Unit/Apartment,26,132500,144807,-7.34,96.7,FALSE,FALSE
Central Goldfields Shire,Regional Victoria,2008,Unit/Apartment,27,162000,182500,22.26,118.2,FALSE,FALSE
Central Goldfields Shire,Regional Victoria,2009,Unit/Apartment,23,155000,150826,-4.32,113.1,FALSE,FALSE
Central Goldfields Shire,Regional Victoria,2010,Unit/Apartment,20,163000,189750,5.16,119,FALSE,FALSE
Central Goldfields Shire,Regional Victoria,2011,Unit/Apartment,32,191500,188125,17.48,139.8,FALSE,FALSE
Central Goldfields Shire,Regional Victoria,2012,Unit/Apartment,26,180000,185500,-6.01,131.4,FALSE,FALSE
Central Goldfields Shire,Regional Victoria,2013,Unit/Apartment,20,197000,192825,9.44,143.8,FALSE,FALSE
Central Goldfields Shire,Regional Victoria,2014,Unit/Apartment,23,178000,166608,-9.64,129.9,FALSE,FALSE
Central Goldfields Shire,Regional Victoria,2015,Unit/Apartment,20,193500,191925,8.71,141.2,FALSE,FALSE
Central Goldfields Shire,Regional Victoria,2016,Unit/Apartment,22,219000,219431,13.18,159.9,FALSE,FALSE
Central Goldfields Shire,Regional Victoria,2017,Unit/Apartment,20,213500,203675,-2.51,155.8,FALSE,FALSE
Central Goldfields Shire,Regional Victoria,2018,Unit/Apartment,34,227250,240371,6.44,165.9,FALSE,FALSE
Central Goldfields Shire,Regional Victoria,2019,Unit/Apartment,23,208000,211321,-8.47,151.8,FALSE,FALSE
Central Goldfields Shire,Regional Victoria,2020,Unit/Apartment,24,246250,226000,18.39,179.7,FALSE,FALSE
Central Goldfields Shire,Regional Victoria,2021,Unit/Apartment,30,296250,303791,20.3,216.2,FALSE,FALSE
Central Goldfields Shire,Regional Victoria,2022,Unit/Apartment,16,292500,278093,-1.27,213.5,FALSE,FALSE
Central Goldfields Shire,Regional Victoria,2023,Unit/Apartment,16,310000,317031,5.98,226.3,FALSE,FALSE
Central Goldfields Shire,Regional Victoria,2024,Unit/Apartment,29,299000,306741,-3.55,218.2,FALSE,FALSE
Central Goldfields Shire,Regional Victoria,2025,Unit/Apartment,3,200000,199000,-33.11,146,FALSE,TRUE
Central Goldfields Shire,Regional Victoria,2004,Vacant Land,63,39500,41741,,100,FALSE,FALSE
Central Goldfields Shire,Regional Victoria,2005,Vacant Land,27,44000,50425,11.39,111.4,FALSE,FALSE
Central Goldfields Shire,Regional Victoria,2006,Vacant Land,48,44750,46611,1.7,113.3,FALSE,FALSE
Central Goldfields Shire,Regional Victoria,2007,Vacant Land,46,50000,53131,11.73,126.6,FALSE,FALSE
Central Goldfields Shire,Regional Victoria,2008,Vacant Land,30,56500,52148,13,143,FALSE,FALSE
Central Goldfields Shire,Regional Victoria,2009,Vacant Land,22,58750,58840,3.98,148.7,FALSE,FALSE
Central Goldfields Shire,Regional Victoria,2010,Vacant Land,52,61200,66301,4.17,154.9,FALSE,FALSE
Central Goldfields Shire,Regional Victoria,2011,Vacant Land,48,67750,73302,10.7,171.5,FALSE,FALSE
Central Goldfields Shire,Regional Victoria,2012,Vacant Land,37,72000,67440,6.27,182.3,FALSE,FALSE
Central Goldfields Shire,Regional Victoria,2013,Vacant Land,38,82000,87092,13.89,207.6,FALSE,FALSE
Central Goldfields Shire,Regional Victoria,2014,Vacant Land,53,75000,70883,-8.54,189.9,FALSE,FALSE
Central Goldfields Shire,Regional Victoria,2015,Vacant Land,46,73500,75001,-2,186.1,FALSE,FALSE
Central Goldfields Shire,Regional Victoria,2016,Vacant Land,40,89600,107842,21.9,226.8,FALSE,FALSE
Central Goldfields Shire,Regional Victoria,2017,Vacant Land,24,78250,67916,-12.67,198.1,FALSE,FALSE
Central Goldfields Shire,Regional Victoria,2018,Vacant Land,37,80000,92296,2.24,202.5,FALSE,FALSE
Central Goldfields Shire,Regional Victoria,2019,Vacant Land,41,85000,80563,6.25,215.2,FALSE,FALSE
Central Goldfields Shire,Regional Victoria,2020,Vacant Land,67,91000,83733,7.06,230.4,FALSE,FALSE
Central Goldfields Shire,Regional Victoria,2021,Vacant Land,96,95000,101301,4.4,240.5,FALSE,FALSE
Central Goldfields Shire,Regional Victoria,2022,Vacant Land,59,135000,123271,42.11,341.8,FALSE,FALSE
Central Goldfields Shire,Regional Victoria,2023,Vacant Land,28,149000,146946,10.37,377.2,FALSE,FALSE
Central Goldfields Shire,Regional Victoria,2024,Vacant Land,29,120000,119260,-19.46,303.8,FALSE,FALSE
Central Goldfields Shire,Regional Victoria,2025,Vacant Land,5,153000,147400,27.5,387.3,FALSE,TRUE
Colac Otway Shire,Regional Victoria,2004,House,381,190000,230686,,100,FALSE,FALSE
Colac Otway Shire,Regional Victoria,2005,House,336,191250,239159,0.66,100.7,FALSE,FALSE
Colac Otway Shire,Regional Victoria,2006,House,276,217500,265028,13.73,114.5,FALSE,FALSE
Colac Otway Shire,Regional Victoria,2007,House,389,230000,283405,5.75,121.1,FALSE,FALSE
Colac Otway Shire,Regional Victoria,2008,House,301,215000,263020,-6.52,113.2,FALSE,FALSE
Colac Otway Shire,Regional Victoria,2009,House,315,230000,282783,6.98,121.1,FALSE,FALSE
Colac Otway Shire,Regional Victoria,2010,House,286,245000,326489,6.52,128.9,FALSE,FALSE
Colac Otway Shire,Regional Victoria,2011,House,279,235000,304522,-4.08,123.7,FALSE,FALSE
Colac Otway Shire,Regional Victoria,2012,House,288,241250,294684,2.66,127,FALSE,FALSE
Colac Otway Shire,Regional Victoria,2013,House,331,240000,298239,-0.52,126.3,FALSE,FALSE
Colac Otway Shire,Regional Victoria,2014,House,319,272000,328694,13.33,143.2,FALSE,FALSE
Colac Otway Shire,Regional Victoria,2015,House,334,275000,315047,1.1,144.7,FALSE,FALSE
Colac Otway Shire,Regional Victoria,2016,House,363,300000,363513,9.09,157.9,FALSE,FALSE
Colac Otway Shire,Regional Victoria,2017,House,379,335000,386942,11.67,176.3,FALSE,FALSE
Colac Otway Shire,Regional Victoria,2018,House,374,346250,410740,3.36,182.2,FALSE,FALSE
Colac Otway Shire,Regional Victoria,2019,House,340,358000,424743,3.39,188.4,FALSE,FALSE
Colac Otway Shire,Regional Victoria,2020,House,350,397750,466734,11.1,209.3,FALSE,FALSE
Colac Otway Shire,Regional Victoria,2021,House,387,485000,606351,21.94,255.3,FALSE,FALSE
Colac Otway Shire,Regional Victoria,2022,House,321,550000,680969,13.4,289.5,FALSE,FALSE
Colac Otway Shire,Regional Victoria,2023,House,270,540000,621558,-1.82,284.2,FALSE,FALSE
Colac Otway Shire,Regional Victoria,2024,House,294,499500,605444,-7.5,262.9,FALSE,FALSE
Colac Otway Shire,Regional Victoria,2025,House,34,557500,551298,11.61,293.4,FALSE,TRUE
Colac Otway Shire,Regional Victoria,2004,Unit/Apartment,62,245000,284128,,100,FALSE,FALSE
Colac Otway Shire,Regional Victoria,2005,Unit/Apartment,69,230000,254613,-6.12,93.9,FALSE,FALSE
Colac Otway Shire,Regional Victoria,2006,Unit/Apartment,82,232750,258420,1.2,95,FALSE,FALSE
Colac Otway Shire,Regional Victoria,2007,Unit/Apartment,85,275000,283944,18.15,112.2,FALSE,FALSE
Colac Otway Shire,Regional Victoria,2008,Unit/Apartment,62,260000,318144,-5.45,106.1,FALSE,FALSE
Colac Otway Shire,Regional Victoria,2009,Unit/Apartment,64,239000,276093,-8.08,97.6,FALSE,FALSE
Colac Otway Shire,Regional Victoria,2010,Unit/Apartment,57,317000,338706,32.64,129.4,FALSE,FALSE
Colac Otway Shire,Regional Victoria,2011,Unit/Apartment,63,249000,278669,-21.45,101.6,FALSE,FALSE
Colac Otway Shire,Regional Victoria,2012,Unit/Apartment,46,270000,288706,8.43,110.2,FALSE,FALSE
Colac Otway Shire,Regional Victoria,2013,Unit/Apartment,53,249000,294805,-7.78,101.6,FALSE,FALSE
Colac Otway Shire,Regional Victoria,2014,Unit/Apartment,47,272000,279815,9.24,111,FALSE,FALSE
Colac Otway Shire,Regional Victoria,2015,Unit/Apartment,41,230000,327341,-15.44,93.9,FALSE,FALSE
Colac Otway Shire,Regional Victoria,2016,Unit/Apartment,47,279000,315790,21.3,113.9,FALSE,FALSE
Colac Otway Shire,Regional Victoria,2017,Unit/Apartment,63,317000,340346,13.62,129.4,FALSE,FALSE
Colac Otway Shire,Regional Victoria,2018,Unit/Apartment,61,315000,344040,-0.63,128.6,FALSE,FALSE
Colac Otway Shire,Regional Victoria,2019,Unit/Apartment,50,351000,376059,11.43,143.3,FALSE,FALSE
Colac Otway Shire,Regional Victoria,2020,Unit/Apartment,52,320000,340750,-8.83,130.6,FALSE,FALSE
Colac Otway Shire,Regional Victoria,2021,Unit/Apartment,58,375000,442885,17.19,153.1,FALSE,FALSE
Colac Otway Shire,Regional Victoria,2022,Unit/Apartment,35,390000,463282,4,159.2,FALSE,FALSE
Colac Otway Shire,Regional Victoria,2023,Unit/Apartment,39,490000,538320,25.64,200,FALSE,FALSE
Colac Otway Shire,Regional Victoria,2024,Unit/Apartment,42,477500,522000,-2.55,194.9,FALSE,FALSE
Colac Otway Shire,Regional Victoria,2025,Unit/Apartment,6,520000,536000,8.9,212.2,FALSE,TRUE
Colac Otway Shire,Regional Victoria,2004,Vacant Land,77,85000,99954,,100,FALSE,FALSE
Colac Otway Shire,Regional Victoria,2005,Vacant Land,58,90000,100405,5.88,105.9,FALSE,FALSE
Colac Otway Shire,Regional Victoria,2006,Vacant Land,124,90000,113787,0,105.9,FALSE,FALSE
Colac Otway Shire,Regional Victoria,2007,Vacant Land,158,95000,132647,5.56,111.8,FALSE,FALSE
Colac Otway Shire,Regional Victoria,2008,Vacant Land,79,100000,127943,5.26,117.6,FALSE,FALSE
Colac Otway Shire,Regional Victoria,2009,Vacant Land,100,102500,120404,2.5,120.6,FALSE,FALSE
Colac Otway Shire,Regional Victoria,2010,Vacant Land,104,118250,140686,15.37,139.1,FALSE,FALSE
Colac Otway Shire,Regional Victoria,2011,Vacant Land,112,117250,165870,-0.85,137.9,FALSE,FALSE
Colac Otway Shire,Regional Victoria,2012,Vacant Land,86,116000,139094,-1.07,136.5,FALSE,FALSE
Colac Otway Shire,Regional Victoria,2013,Vacant Land,86,121000,142785,4.31,142.4,FALSE,FALSE
Colac Otway Shire,Regional Victoria,2014,Vacant Land,81,120000,132000,-0.83,141.2,FALSE,FALSE
Colac Otway Shire,Regional Victoria,2015,Vacant Land,116,125000,147487,4.17,147.1,FALSE,FALSE
Colac Otway Shire,Regional Victoria,2016,Vacant Land,83,135000,162461,8,158.8,FALSE,FALSE
Colac Otway Shire,Regional Victoria,2017,Vacant Land,146,145000,164969,7.41,170.6,FALSE,FALSE
Colac Otway Shire,Regional Victoria,2018,Vacant Land,177,175000,196983,20.69,205.9,FALSE,FALSE
Colac Otway Shire,Regional Victoria,2019,Vacant Land,136,200000,218230,14.29,235.3,FALSE,FALSE
Colac Otway Shire,Regional Victoria,2020,Vacant Land,172,210000,228537,5,247.1,FALSE,FALSE
Colac Otway Shire,Regional Victoria,2021,Vacant Land,162,305000,315798,45.24,358.8,FALSE,FALSE
Colac Otway Shire,Regional Victoria,2022,Vacant Land,92,337000,385532,10.49,396.5,FALSE,FALSE
Colac Otway Shire,Regional Victoria,2023,Vacant Land,47,290000,403851,-13.95,341.2,FALSE,FALSE
Colac Otway Shire,Regional Victoria,2024,Vacant Land,56,280000,302142,-3.45,329.4,FALSE,FALSE
Colac Otway Shire,Regional Victoria,2025,Vacant Land,12,170000,200625,-39.29,200,FALSE,TRUE
Corangamite Shire,Regional Victoria,2004,House,205,135000,142514,,100,FALSE,FALSE
Corangamite Shire,Regional Victoria,2005,House,214,155000,177592,14.81,114.8,FALSE,FALSE
Corangamite Shire,Regional Victoria,2006,House,166,170000,185592,9.68,125.9,FALSE,FALSE
Corangamite Shire,Regional Victoria,2007,House,163,170000,189878,0,125.9,FALSE,FALSE
Corangamite Shire,Regional Victoria,2008,House,169,170000,179601,0,125.9,FALSE,FALSE
Corangamite Shire,Regional Victoria,2009,House,186,165500,177181,-2.65,122.6,FALSE,FALSE
Corangamite Shire,Regional Victoria,2010,House,164,181750,192593,9.82,134.6,FALSE,FALSE
Corangamite Shire,Regional Victoria,2011,House,151,173800,195677,-4.37,128.7,FALSE,FALSE
Corangamite Shire,Regional Victoria,2012,House,125,183500,194324,5.58,135.9,FALSE,FALSE
Corangamite Shire,Regional Victoria,2013,House,161,172000,202555,-6.27,127.4,FALSE,FALSE
Corangamite Shire,Regional Victoria,2014,House,144,180000,198117,4.65,133.3,FALSE,FALSE
Corangamite Shire,Regional Victoria,2015,House,170,187500,203864,4.17,138.9,FALSE,FALSE
Corangamite Shire,Regional Victoria,2016,House,193,179000,195883,-4.53,132.6,FALSE,FALSE
Corangamite Shire,Regional Victoria,2017,House,192,222500,233325,24.3,164.8,FALSE,FALSE
Corangamite Shire,Regional Victoria,2018,House,211,205000,232323,-7.87,151.9,FALSE,FALSE
Corangamite Shire,Regional Victoria,2019,House,177,220000,237347,7.32,163,FALSE,FALSE
Corangamite Shire,Regional Victoria,2020,House,217,266540,285923,21.15,197.4,FALSE,FALSE
Corangamite Shire,Regional Victoria,2021,House,254,330000,380603,23.81,244.4,FALSE,FALSE
Corangamite Shire,Regional Victoria,2022,House,214,385500,416939,16.82,285.6,FALSE,FALSE
Corangamite Shire,Regional Victoria,2023,House,160,420000,447368,8.95,311.1,FALSE,FALSE
Corangamite Shire,Regional Victoria,2024,House,175,405000,431080,-3.57,300,FALSE,FALSE
Corangamite Shire,Regional Victoria,2025,House,28,457500,452339,12.96,338.9,FALSE,TRUE
Corangamite Shire,Regional Victoria,2004,Unit/Apartment,20,172500,249725,,100,FALSE,FALSE
Corangamite Shire,Regional Victoria,2005,Unit/Apartment,18,176250,162638,2.17,102.2,FALSE,FALSE
Corangamite Shire,Regional Victoria,2006,Unit/Apartment,12,166500,182708,-5.53,96.5,FALSE,FALSE
Corangamite Shire,Regional Victoria,2007,Unit/Apartment,25,201000,239679,20.72,116.5,FALSE,FALSE
Corangamite Shire,Regional Victoria,2008,Unit/Apartment,6,187000,188833,-6.97,108.4,FALSE,FALSE
Corangamite Shire,Regional Victoria,2009,Unit/Apartment,16,143750,168781,-23.13,83.3,FALSE,FALSE
Corangamite Shire,Regional Victoria,2010,Unit/Apartment,11,216000,211545,50.26,125.2,FALSE,FALSE
Corangamite Shire,Regional Victoria,2011,Unit/Apartment,11,215000,232500,-0.46,124.6,FALSE,FALSE
Corangamite Shire,Regional Victoria,2012,Unit/Apartment,14,177500,208750,-17.44,102.9,FALSE,FALSE
Corangamite Shire,Regional Victoria,2013,Unit/Apartment,9,150000,205944,-15.49,87,FALSE,FALSE
Corangamite Shire,Regional Victoria,2014,Unit/Apartment,16,191000,224031,27.33,110.7,FALSE,FALSE
Corangamite Shire,Regional Victoria,2015,Unit/Apartment,15,165000,189600,-13.61,95.7,FALSE,FALSE
Corangamite Shire,Regional Victoria,2016,Unit/Apartment,19,162000,211210,-1.82,93.9,FALSE,FALSE
Corangamite Shire,Regional Victoria,2017,Unit/Apartment,19,220000,211131,35.8,127.5,FALSE,FALSE
Corangamite Shire,Regional Victoria,2018,Unit/Apartment,13,172000,192992,-21.82,99.7,FALSE,FALSE
Corangamite Shire,Regional Victoria,2019,Unit/Apartment,10,174000,201850,1.16,100.9,FALSE,FALSE
Corangamite Shire,Regional Victoria,2020,Unit/Apartment,16,217500,242531,25,126.1,FALSE,FALSE
Corangamite Shire,Regional Victoria,2021,Unit/Apartment,20,300000,363875,37.93,173.9,FALSE,FALSE
Corangamite Shire,Regional Victoria,2022,Unit/Apartment,8,335500,349000,11.83,194.5,FALSE,FALSE
Corangamite Shire,Regional Victoria,2023,Unit/Apartment,4,356000,476750,6.11,206.4,FALSE,FALSE
Corangamite Shire,Regional Victoria,2024,Unit/Apartment,10,395000,449499,10.96,229,FALSE,FALSE
Corangamite Shire,Regional Victoria,2025,Unit/Apartment,2,342500,342500,-13.29,198.6,FALSE,TRUE
Corangamite Shire,Regional Victoria,2004,Vacant Land,45,24000,37247,,100,FALSE,FALSE
Corangamite Shire,Regional Victoria,2005,Vacant Land,53,44000,54959,83.33,183.3,FALSE,FALSE
Corangamite Shire,Regional Victoria,2006,Vacant Land,42,50000,56363,13.64,208.3,FALSE,FALSE
Corangamite Shire,Regional Victoria,2007,Vacant Land,35,65000,85334,30,270.8,FALSE,FALSE
Corangamite Shire,Regional Victoria,2008,Vacant Land,24,70000,76205,7.69,291.7,FALSE,FALSE
Corangamite Shire,Regional Victoria,2009,Vacant Land,25,60000,69920,-14.29,250,FALSE,FALSE
Corangamite Shire,Regional Victoria,2010,Vacant Land,35,88000,93191,46.67,366.7,FALSE,FALSE
Corangamite Shire,Regional Victoria,2011,Vacant Land,39,75000,76669,-14.77,312.5,FALSE,FALSE
Corangamite Shire,Regional Victoria,2012,Vacant Land,21,77500,85714,3.33,322.9,FALSE,FALSE
Corangamite Shire,Regional Victoria,2013,Vacant Land,33,70000,64190,-9.68,291.7,FALSE,FALSE
Corangamite Shire,Regional Victoria,2014,Vacant Land,27,50000,73129,-28.57,208.3,FALSE,FALSE
Corangamite Shire,Regional Victoria,2015,Vacant Land,18,44250,70836,-11.5,184.4,FALSE,FALSE
Corangamite Shire,Regional Victoria,2016,Vacant Land,23,75000,76869,69.49,312.5,FALSE,FALSE
Corangamite Shire,Regional Victoria,2017,Vacant Land,33,55500,70954,-26,231.2,FALSE,FALSE
Corangamite Shire,Regional Victoria,2018,Vacant Land,44,74250,79517,33.78,309.4,FALSE,FALSE
Corangamite Shire,Regional Victoria,2019,Vacant Land,41,76800,78128,3.43,320,FALSE,FALSE
Corangamite Shire,Regional Victoria,2020,Vacant Land,70,83000,91359,8.07,345.8,FALSE,FALSE
Corangamite Shire,Regional Victoria,2021,Vacant Land,86,193000,188197,132.53,804.2,FALSE,FALSE
Corangamite Shire,Regional Victoria,2022,Vacant Land,37,200000,204537,3.63,833.3,FALSE,FALSE
Corangamite Shire,Regional Victoria,2023,Vacant Land,25,170000,185244,-15,708.3,FALSE,FALSE
Corangamite Shire,Regional Victoria,2024,Vacant Land,22,166500,186500,-2.06,693.8,FALSE,FALSE
Corangamite Shire,Regional Victoria,2025,Vacant Land,4,272500,271250,63.66,1135.4,FALSE,TRUE
Country Victoria,Aggregate,2004,House,24550,190000,211120,,100,TRUE,FALSE
Country Victoria,Aggregate,2005,House,24180,205000,227425,7.89,107.9,TRUE,FALSE
Country Victoria,Aggregate,2006,House,22978,220000,242471,7.32,115.8,TRUE,FALSE
Country Victoria,Aggregate,2007,House,26311,228500,256376,3.86,120.3,TRUE,FALSE
Country Victoria,Aggregate,2008,House,21388,230000,257285,0.66,121.1,TRUE,FALSE
Country Victoria,Aggregate,2009,House,24762,241000,266238,4.78,126.8,TRUE,FALSE
Country Victoria,Aggregate,2010,House,22605,270000,303803,12.03,142.1,TRUE,FALSE
Country Victoria,Aggregate,2011,House,20688,280000,311303,3.7,147.4,TRUE,FALSE
Country Victoria,Aggregate,2012,House,20330,280000,309002,0,147.4,TRUE,FALSE
Country Victoria,Aggregate,2013,House,22685,290000,318873,3.57,152.6,TRUE,FALSE
Country Victoria,Aggregate,2014,House,23051,300000,332109,3.45,157.9,TRUE,FALSE
Country Victoria,Aggregate,2015,House,24616,310000,343992,3.33,163.2,TRUE,FALSE
Country Victoria,Aggregate,2016,House,25752,320000,358215,3.23,168.4,TRUE,FALSE
Country Victoria,Aggregate,2017,House,27901,345000,384410,7.81,181.6,TRUE,FALSE
Country Victoria,Aggregate,2018,House,27537,365000,409625,5.8,192.1,TRUE,FALSE
Country Victoria,Aggregate,2019,House,24666,385000,427179,5.48,202.6,TRUE,FALSE
Country Victoria,Aggregate,2020,House,26822,420000,473339,9.09,221.1,TRUE,FALSE
Country Victoria,Aggregate,2021,House,32667,510000,580194,21.43,268.4,TRUE,FALSE
Country Victoria,Aggregate,2022,House,25382,580000,648408,13.73,305.3,TRUE,FALSE
Country Victoria,Aggregate,2023,House,22866,577000,634715,-0.52,303.7,TRUE,FALSE
Country Victoria,Aggregate,2024,House,25685,572000,623109,-0.87,301.1,TRUE,FALSE
Country Victoria,Aggregate,2025,House,4112,550000,582595,-3.85,289.5,TRUE,TRUE
Country Victoria,Aggregate,2004,Unit/Apartment,4256,175000,203470,,100,TRUE,FALSE
Country Victoria,Aggregate,2005,Unit/Apartment,4275,190000,216703,8.57,108.6,TRUE,FALSE
Country Victoria,Aggregate,2006,Unit/Apartment,4323,195000,226748,2.63,111.4,TRUE,FALSE
Country Victoria,Aggregate,2007,Unit/Apartment,5138,205000,238967,5.13,117.1,TRUE,FALSE
Country Victoria,Aggregate,2008,Unit/Apartment,4188,209000,239456,1.95,119.4,TRUE,FALSE
Country Victoria,Aggregate,2009,Unit/Apartment,5504,217225,239407,3.94,124.1,TRUE,FALSE
Country Victoria,Aggregate,2010,Unit/Apartment,4751,235000,267554,8.18,134.3,TRUE,FALSE
Country Victoria,Aggregate,2011,Unit/Apartment,4087,243000,281799,3.4,138.9,TRUE,FALSE
Country Victoria,Aggregate,2012,Unit/Apartment,4129,241000,264247,-0.82,137.7,TRUE,FALSE
Country Victoria,Aggregate,2013,Unit/Apartment,4199,240000,267715,-0.41,137.1,TRUE,FALSE
Country Victoria,Aggregate,2014,Unit/Apartment,4295,247000,275496,2.92,141.1,TRUE,FALSE
Country Victoria,Aggregate,2015,Unit/Apartment,4412,250250,284041,1.32,143,TRUE,FALSE
Country Victoria,Aggregate,2016,Unit/Apartment,4451,265000,301512,5.89,151.4,TRUE,FALSE
Country Victoria,Aggregate,2017,Unit/Apartment,5012,285000,328182,7.55,162.9,TRUE,FALSE
Country Victoria,Aggregate,2018,Unit/Apartment,4754,289500,327743,1.58,165.4,TRUE,FALSE
Country Victoria,Aggregate,2019,Unit/Apartment,4171,300000,341968,3.63,171.4,TRUE,FALSE
Country Victoria,Aggregate,2020,Unit/Apartment,4180,330000,372769,10,188.6,TRUE,FALSE
Country Victoria,Aggregate,2021,Unit/Apartment,5294,385250,444911,16.74,220.1,TRUE,FALSE
Country Victoria,Aggregate,2022,Unit/Apartment,3920,419974,476012,9.01,240,TRUE,FALSE
Country Victoria,Aggregate,2023,Unit/Apartment,3484,420000,473566,0.01,240,TRUE,FALSE
Country Victoria,Aggregate,2024,Unit/Apartment,4100,420000,469505,0,240,TRUE,FALSE
Country Victoria,Aggregate,2025,Unit/Apartment,679,420000,449545,0,240,TRUE,TRUE
Country Victoria,Aggregate,2004,Vacant Land,8933,75000,82839,,100,TRUE,FALSE
Country Victoria,Aggregate,2005,Vacant Land,7949,84000,93063,12,112,TRUE,FALSE
Country Victoria,Aggregate,2006,Vacant Land,7659,90000,103138,7.14,120,TRUE,FALSE
Country Victoria,Aggregate,2007,Vacant Land,8138,97000,110984,7.78,129.3,TRUE,FALSE
Country Victoria,Aggregate,2008,Vacant Land,6627,100000,110592,3.09,133.3,TRUE,FALSE
Country Victoria,Aggregate,2009,Vacant Land,10256,105000,115104,5,140,TRUE,FALSE
Country Victoria,Aggregate,2010,Vacant Land,10741,122000,132601,16.19,162.7,TRUE,FALSE
Country Victoria,Aggregate,2011,Vacant Land,8743,132000,142578,8.2,176,TRUE,FALSE
Country Victoria,Aggregate,2012,Vacant Land,7477,130000,140591,-1.52,173.3,TRUE,FALSE
Country Victoria,Aggregate,2013,Vacant Land,7676,135750,146352,4.42,181,TRUE,FALSE
Country Victoria,Aggregate,2014,Vacant Land,8364,138000,147561,1.66,184,TRUE,FALSE
Country Victoria,Aggregate,2015,Vacant Land,8537,144530,156037,4.73,192.7,TRUE,FALSE
Country Victoria,Aggregate,2016,Vacant Land,9632,155000,168362,7.24,206.7,TRUE,FALSE
Country Victoria,Aggregate,2017,Vacant Land,14410,169000,182257,9.03,225.3,TRUE,FALSE
Country Victoria,Aggregate,2018,Vacant Land,13962,175000,194145,3.55,233.3,TRUE,FALSE
Country Victoria,Aggregate,2019,Vacant Land,10146,175000,200543,0,233.3,TRUE,FALSE
Country Victoria,Aggregate,2020,Vacant Land,18146,200000,219485,14.29,266.7,TRUE,FALSE
Country Victoria,Aggregate,2021,Vacant Land,22147,259000,265099,29.5,345.3,TRUE,FALSE
Country Victoria,Aggregate,2022,Vacant Land,8386,295000,310225,13.9,393.3,TRUE,FALSE
Country Victoria,Aggregate,2023,Vacant Land,4651,285000,310576,-3.39,380,TRUE,FALSE
Country Victoria,Aggregate,2024,Vacant Land,5016,277000,302631,-2.81,369.3,TRUE,FALSE
Country Victoria,Aggregate,2025,Vacant Land,669,266000,280735,-3.97,354.7,TRUE,TRUE
Darebin City,Metro Melbourne,2004,House,1612,340000,359208,,100,FALSE,FALSE
Darebin City,Metro Melbourne,2005,House,1698,352000,377512,3.53,103.5,FALSE,FALSE
Darebin City,Metro Melbourne,2006,House,1659,382000,407326,8.52,112.4,FALSE,FALSE
Darebin City,Metro Melbourne,2007,House,1853,455000,488824,19.11,133.8,FALSE,FALSE
Darebin City,Metro Melbourne,2008,House,1380,485126,517729,6.62,142.7,FALSE,FALSE
Darebin City,Metro Melbourne,2009,House,1546,526500,560869,8.53,154.9,FALSE,FALSE
Darebin City,Metro Melbourne,2010,House,1439,625888,661912,18.88,184.1,FALSE,FALSE
Darebin City,Metro Melbourne,2011,House,1353,635000,667315,1.46,186.8,FALSE,FALSE
Darebin City,Metro Melbourne,2012,House,1256,611000,647946,-3.78,179.7,FALSE,FALSE
Darebin City,Metro Melbourne,2013,House,1475,650000,693307,6.38,191.2,FALSE,FALSE
Darebin City,Metro Melbourne,2014,House,1729,700000,759767,7.69,205.9,FALSE,FALSE
Darebin City,Metro Melbourne,2015,House,1665,775000,837839,10.71,227.9,FALSE,FALSE
Darebin City,Metro Melbourne,2016,House,1512,863500,954592,11.42,254,FALSE,FALSE
Darebin City,Metro Melbourne,2017,House,1437,990000,1086874,14.65,291.2,FALSE,FALSE
Darebin City,Metro Melbourne,2018,House,1290,975000,1082911,-1.52,286.8,FALSE,FALSE
Darebin City,Metro Melbourne,2019,House,1269,978000,1063923,0.31,287.6,FALSE,FALSE
Darebin City,Metro Melbourne,2020,House,1116,1041750,1126800,6.52,306.4,FALSE,FALSE
Darebin City,Metro Melbourne,2021,House,1682,1225000,1328421,17.59,360.3,FALSE,FALSE
Darebin City,Metro Melbourne,2022,House,1369,1200000,1348312,-2.04,352.9,FALSE,FALSE
Darebin City,Metro Melbourne,2023,House,1333,1160000,1277639,-3.33,341.2,FALSE,FALSE
Darebin City,Metro Melbourne,2024,House,1465,1187500,1306134,2.37,349.3,FALSE,FALSE
Darebin City,Metro Melbourne,2025,House,101,1120000,1180142,-5.68,329.4,FALSE,TRUE
Darebin City,Metro Melbourne,2004,Unit/Apartment,944,240175,253368,,100,FALSE,FALSE
Darebin City,Metro Melbourne,2005,Unit/Apartment,1004,246000,262482,2.43,102.4,FALSE,FALSE
Darebin City,Metro Melbourne,2006,Unit/Apartment,1057,259000,272206,5.28,107.8,FALSE,FALSE
Darebin City,Metro Melbourne,2007,Unit/Apartment,1475,301000,321232,16.22,125.3,FALSE,FALSE
Darebin City,Metro Melbourne,2008,Unit/Apartment,1047,317000,343107,5.32,132,FALSE,FALSE
Darebin City,Metro Melbourne,2009,Unit/Apartment,1481,363000,380551,14.51,151.1,FALSE,FALSE
Darebin City,Metro Melbourne,2010,Unit/Apartment,1158,400000,414092,10.19,166.5,FALSE,FALSE
Darebin City,Metro Melbourne,2011,Unit/Apartment,1128,400000,420379,0,166.5,FALSE,FALSE
Darebin City,Metro Melbourne,2012,Unit/Apartment,1168,385425,408743,-3.64,160.5,FALSE,FALSE
Darebin City,Metro Melbourne,2013,Unit/Apartment,1514,405000,419672,5.08,168.6,FALSE,FALSE
Darebin City,Metro Melbourne,2014,Unit/Apartment,1668,430000,461863,6.17,179,FALSE,FALSE
Darebin City,Metro Melbourne,2015,Unit/Apartment,1904,440000,464099,2.33,183.2,FALSE,FALSE
Darebin City,Metro Melbourne,2016,Unit/Apartment,1860,460250,492731,4.6,191.6,FALSE,FALSE
Darebin City,Metro Melbourne,2017,Unit/Apartment,1797,506600,530632,10.07,210.9,FALSE,FALSE
Darebin City,Metro Melbourne,2018,Unit/Apartment,1404,539500,556388,6.49,224.6,FALSE,FALSE
Darebin City,Metro Melbourne,2019,Unit/Apartment,1267,549000,576557,1.76,228.6,FALSE,FALSE
Darebin City,Metro Melbourne,2020,Unit/Apartment,1277,585000,606681,6.56,243.6,FALSE,FALSE
Darebin City,Metro Melbourne,2021,Unit/Apartment,2097,645000,679670,10.26,268.6,FALSE,FALSE
Darebin City,Metro Melbourne,2022,Unit/Apartment,1590,619900,634972,-3.89,258.1,FALSE,FALSE
Darebin City,Metro Melbourne,2023,Unit/Apartment,1596,610000,633877,-1.6,254,FALSE,FALSE
Darebin City,Metro Melbourne,2024,Unit/Apartment,1835,615000,637368,0.82,256.1,FALSE,FALSE
Darebin City,Metro Melbourne,2025,Unit/Apartment,221,605000,616627,-1.63,251.9,FALSE,TRUE
Darebin City,Metro Melbourne,2004,Vacant Land,178,235000,224103,,100,FALSE,FALSE
Darebin City,Metro Melbourne,2005,Vacant Land,157,221350,220600,-5.81,94.2,FALSE,FALSE
Darebin City,Metro Melbourne,2006,Vacant Land,136,257000,240676,16.11,109.4,FALSE,FALSE
Darebin City,Metro Melbourne,2007,Vacant Land,113,285000,278625,10.89,121.3,FALSE,FALSE
Darebin City,Metro Melbourne,2008,Vacant Land,49,296000,284399,3.86,126,FALSE,FALSE
Darebin City,Metro Melbourne,2009,Vacant Land,32,304975,271506,3.03,129.8,FALSE,FALSE
Darebin City,Metro Melbourne,2010,Vacant Land,14,320000,606571,4.93,136.2,FALSE,FALSE
Darebin City,Metro Melbourne,2011,Vacant Land,27,350000,398526,9.38,148.9,FALSE,FALSE
Darebin City,Metro Melbourne,2012,Vacant Land,15,310000,410133,-11.43,131.9,FALSE,FALSE
Darebin City,Metro Melbourne,2013,Vacant Land,31,370000,368950,19.35,157.4,FALSE,FALSE
Darebin City,Metro Melbourne,2014,Vacant Land,45,390000,405125,5.41,166,FALSE,FALSE
Darebin City,Metro Melbourne,2015,Vacant Land,35,465000,466259,19.23,197.9,FALSE,FALSE
Darebin City,Metro Melbourne,2016,Vacant Land,22,365500,400638,-21.4,155.5,FALSE,FALSE
Darebin City,Metro Melbourne,2017,Vacant Land,16,597650,697741,63.52,254.3,FALSE,FALSE
Darebin City,Metro Melbourne,2018,Vacant Land,19,445000,541822,-25.54,189.4,FALSE,FALSE
Darebin City,Metro Melbourne,2019,Vacant Land,14,706250,682821,58.71,300.5,FALSE,FALSE
Darebin City,Metro Melbourne,2020,Vacant Land,5,255000,323000,-63.89,108.5,FALSE,FALSE
Darebin City,Metro Melbourne,2021,Vacant Land,29,710000,804852,178.43,302.1,FALSE,FALSE
Darebin City,Metro Melbourne,2022,Vacant Land,14,33000,251212,-95.35,14,FALSE,FALSE
Darebin City,Metro Melbourne,2023,Vacant Land,20,250000,375499,657.58,106.4,FALSE,FALSE
Darebin City,Metro Melbourne,2024,Vacant Land,14,850000,960785,240,361.7,FALSE,FALSE
Darebin City,Metro Melbourne,2025,Vacant Land,2,473500,473500,-44.29,201.5,FALSE,TRUE
East Gippsland Shire,Regional Victoria,2004,House,747,190000,211086,,100,FALSE,FALSE
East Gippsland Shire,Regional Victoria,2005,House,719,210000,231382,10.53,110.5,FALSE,FALSE
East Gippsland Shire,Regional Victoria,2006,House,701,216000,236892,2.86,113.7,FALSE,FALSE
East Gippsland Shire,Regional Victoria,2007,House,842,225000,252336,4.17,118.4,FALSE,FALSE
East Gippsland Shire,Regional Victoria,2008,House,619,227000,259900,0.89,119.5,FALSE,FALSE
East Gippsland Shire,Regional Victoria,2009,House,814,232000,255010,2.2,122.1,FALSE,FALSE
East Gippsland Shire,Regional Victoria,2010,House,768,255000,282880,9.91,134.2,FALSE,FALSE
East Gippsland Shire,Regional Victoria,2011,House,610,257000,277482,0.78,135.3,FALSE,FALSE
East Gippsland Shire,Regional Victoria,2012,House,592,255000,279263,-0.78,134.2,FALSE,FALSE
East Gippsland Shire,Regional Victoria,2013,House,697,258000,285110,1.18,135.8,FALSE,FALSE
East Gippsland Shire,Regional Victoria,2014,House,681,260000,291306,0.78,136.8,FALSE,FALSE
East Gippsland Shire,Regional Victoria,2015,House,743,262000,291765,0.77,137.9,FALSE,FALSE
East Gippsland Shire,Regional Victoria,2016,House,764,280000,308236,6.87,147.4,FALSE,FALSE
East Gippsland Shire,Regional Victoria,2017,House,884,289500,318853,3.39,152.4,FALSE,FALSE
East Gippsland Shire,Regional Victoria,2018,House,923,310000,331136,7.08,163.2,FALSE,FALSE
East Gippsland Shire,Regional Victoria,2019,House,845,310000,343053,0,163.2,FALSE,FALSE
East Gippsland Shire,Regional Victoria,2020,House,1015,345000,377104,11.29,181.6,FALSE,FALSE
East Gippsland Shire,Regional Victoria,2021,House,1235,420000,451945,21.74,221.1,FALSE,FALSE
East Gippsland Shire,Regional Victoria,2022,House,835,495000,532606,17.86,260.5,FALSE,FALSE
East Gippsland Shire,Regional Victoria,2023,House,729,483500,527056,-2.32,254.5,FALSE,FALSE
East Gippsland Shire,Regional Victoria,2024,House,705,490000,516008,1.34,257.9,FALSE,FALSE
East Gippsland Shire,Regional Victoria,2025,House,126,487500,509230,-0.51,256.6,FALSE,TRUE
East Gippsland Shire,Regional Victoria,2004,Unit/Apartment,154,199500,291595,,100,FALSE,FALSE
East Gippsland Shire,Regional Victoria,2005,Unit/Apartment,134,212000,257310,6.27,106.3,FALSE,FALSE
East Gippsland Shire,Regional Victoria,2006,Unit/Apartment,141,202500,248424,-4.48,101.5,FALSE,FALSE
East Gippsland Shire,Regional Victoria,2007,Unit/Apartment,125,217000,288168,7.16,108.8,FALSE,FALSE
East Gippsland Shire,Regional Victoria,2008,Unit/Apartment,156,192750,213426,-11.18,96.6,FALSE,FALSE
East Gippsland Shire,Regional Victoria,2009,Unit/Apartment,160,228500,259274,18.55,114.5,FALSE,FALSE
East Gippsland Shire,Regional Victoria,2010,Unit/Apartment,148,216000,230268,-5.47,108.3,FALSE,FALSE
East Gippsland Shire,Regional Victoria,2011,Unit/Apartment,134,221500,266493,2.55,111,FALSE,FALSE
East Gippsland Shire,Regional Victoria,2012,Unit/Apartment,120,202750,223385,-8.47,101.6,FALSE,FALSE
East Gippsland Shire,Regional Victoria,2013,Unit/Apartment,129,212500,229851,4.81,106.5,FALSE,FALSE
East Gippsland Shire,Regional Victoria,2014,Unit/Apartment,128,231500,254773,8.94,116,FALSE,FALSE
East Gippsland Shire,Regional Victoria,2015,Unit/Apartment,111,233000,241608,0.65,116.8,FALSE,FALSE
East Gippsland Shire,Regional Victoria,2016,Unit/Apartment,111,235000,270498,0.86,117.8,FALSE,FALSE
East Gippsland Shire,Regional Victoria,2017,Unit/Apartment,119,260000,272502,10.64,130.3,FALSE,FALSE
East Gippsland Shire,Regional Victoria,2018,Unit/Apartment,146,240500,270609,-7.5,120.6,FALSE,FALSE
East Gippsland Shire,Regional Victoria,2019,Unit/Apartment,129,250000,276278,3.95,125.3,FALSE,FALSE
East Gippsland Shire,Regional Victoria,2020,Unit/Apartment,85,275500,289547,10.2,138.1,FALSE,FALSE
East Gippsland Shire,Regional Victoria,2021,Unit/Apartment,115,322000,350395,16.88,161.4,FALSE,FALSE
East Gippsland Shire,Regional Victoria,2022,Unit/Apartment,65,400000,448090,24.22,200.5,FALSE,FALSE
East Gippsland Shire,Regional Victoria,2023,Unit/Apartment,36,424000,497100,6,212.5,FALSE,FALSE
East Gippsland Shire,Regional Victoria,2024,Unit/Apartment,54,426500,453010,0.59,213.8,FALSE,FALSE
East Gippsland Shire,Regional Victoria,2025,Unit/Apartment,8,502000,490812,17.7,251.6,FALSE,TRUE
East Gippsland Shire,Regional Victoria,2004,Vacant Land,332,75000,75122,,100,FALSE,FALSE
East Gippsland Shire,Regional Victoria,2005,Vacant Land,294,76000,79244,1.33,101.3,FALSE,FALSE
East Gippsland Shire,Regional Victoria,2006,Vacant Land,294,83500,88449,9.87,111.3,FALSE,FALSE
East Gippsland Shire,Regional Victoria,2007,Vacant Land,251,85000,94946,1.8,113.3,FALSE,FALSE
East Gippsland Shire,Regional Victoria,2008,Vacant Land,259,89500,96237,5.29,119.3,FALSE,FALSE
East Gippsland Shire,Regional Victoria,2009,Vacant Land,302,93000,98901,3.91,124,FALSE,FALSE
East Gippsland Shire,Regional Victoria,2010,Vacant Land,346,110000,110891,18.28,146.7,FALSE,FALSE
East Gippsland Shire,Regional Victoria,2011,Vacant Land,275,114000,117313,3.64,152,FALSE,FALSE
East Gippsland Shire,Regional Victoria,2012,Vacant Land,288,105000,111572,-7.89,140,FALSE,FALSE
East Gippsland Shire,Regional Victoria,2013,Vacant Land,258,102625,115224,-2.26,136.8,FALSE,FALSE
East Gippsland Shire,Regional Victoria,2014,Vacant Land,268,100000,115689,-2.56,133.3,FALSE,FALSE
East Gippsland Shire,Regional Victoria,2015,Vacant Land,267,102000,115335,2,136,FALSE,FALSE
East Gippsland Shire,Regional Victoria,2016,Vacant Land,246,100000,107229,-1.96,133.3,FALSE,FALSE
East Gippsland Shire,Regional Victoria,2017,Vacant Land,299,110000,120915,10,146.7,FALSE,FALSE
East Gippsland Shire,Regional Victoria,2018,Vacant Land,367,120000,139223,9.09,160,FALSE,FALSE
East Gippsland Shire,Regional Victoria,2019,Vacant Land,330,120000,133557,0,160,FALSE,FALSE
East Gippsland Shire,Regional Victoria,2020,Vacant Land,567,125000,142229,4.17,166.7,FALSE,FALSE
East Gippsland Shire,Regional Victoria,2021,Vacant Land,744,155000,177097,24,206.7,FALSE,FALSE
East Gippsland Shire,Regional Victoria,2022,Vacant Land,294,190000,216197,22.58,253.3,FALSE,FALSE
East Gippsland Shire,Regional Victoria,2023,Vacant Land,233,210000,244388,10.53,280,FALSE,FALSE
East Gippsland Shire,Regional Victoria,2024,Vacant Land,194,192500,200308,-8.33,256.7,FALSE,FALSE
East Gippsland Shire,Regional Victoria,2025,Vacant Land,33,210000,225439,9.09,280,FALSE,TRUE
Frankston City,Metro Melbourne,2004,House,2690,240000,267886,,100,FALSE,FALSE
Frankston City,Metro Melbourne,2005,House,2629,249000,271588,3.75,103.8,FALSE,FALSE
Frankston City,Metro Melbourne,2006,House,2619,260002,289070,4.42,108.3,FALSE,FALSE
Frankston City,Metro Melbourne,2007,House,3174,288000,326453,10.77,120,FALSE,FALSE
Frankston City,Metro Melbourne,2008,House,2286,310000,349801,7.64,129.2,FALSE,FALSE
Frankston City,Metro Melbourne,2009,House,2687,330000,359009,6.45,137.5,FALSE,FALSE
Frankston City,Metro Melbourne,2010,House,2466,375000,412728,13.64,156.2,FALSE,FALSE
Frankston City,Metro Melbourne,2011,House,2106,377500,416140,0.67,157.3,FALSE,FALSE
Frankston City,Metro Melbourne,2012,House,2029,368000,397500,-2.52,153.3,FALSE,FALSE
Frankston City,Metro Melbourne,2013,House,2238,375750,417202,2.11,156.6,FALSE,FALSE
Frankston City,Metro Melbourne,2014,House,2363,402500,445025,7.12,167.7,FALSE,FALSE
Frankston City,Metro Melbourne,2015,House,2598,445000,490879,10.56,185.4,FALSE,FALSE
Frankston City,Metro Melbourne,2016,House,2486,501000,551402,12.58,208.8,FALSE,FALSE
Frankston City,Metro Melbourne,2017,House,2548,601000,654154,19.96,250.4,FALSE,FALSE
Frankston City,Metro Melbourne,2018,House,2119,630000,681483,4.83,262.5,FALSE,FALSE
Frankston City,Metro Melbourne,2019,House,1999,605000,648771,-3.97,252.1,FALSE,FALSE
Frankston City,Metro Melbourne,2020,House,1830,640000,693223,5.79,266.7,FALSE,FALSE
Frankston City,Metro Melbourne,2021,House,2568,770000,855258,20.31,320.8,FALSE,FALSE
Frankston City,Metro Melbourne,2022,House,1959,799000,883135,3.77,332.9,FALSE,FALSE
Frankston City,Metro Melbourne,2023,House,1778,773150,867231,-3.24,322.1,FALSE,FALSE
Frankston City,Metro Melbourne,2024,House,1966,785000,877888,1.53,327.1,FALSE,FALSE
Frankston City,Metro Melbourne,2025,House,258,750000,800768,-4.46,312.5,FALSE,TRUE
Frankston City,Metro Melbourne,2004,Unit/Apartment,792,201000,222708,,100,FALSE,FALSE
Frankston City,Metro Melbourne,2005,Unit/Apartment,969,215000,225793,6.97,107,FALSE,FALSE
Frankston City,Metro Melbourne,2006,Unit/Apartment,923,221000,231666,2.79,110,FALSE,FALSE
Frankston City,Metro Melbourne,2007,Unit/Apartment,1210,235000,247708,6.33,116.9,FALSE,FALSE
Frankston City,Metro Melbourne,2008,Unit/Apartment,931,250000,262956,6.38,124.4,FALSE,FALSE
Frankston City,Metro Melbourne,2009,Unit/Apartment,1196,265000,270519,6,131.8,FALSE,FALSE
Frankston City,Metro Melbourne,2010,Unit/Apartment,1030,300740,313498,13.49,149.6,FALSE,FALSE
Frankston City,Metro Melbourne,2011,Unit/Apartment,779,310000,320694,3.08,154.2,FALSE,FALSE
Frankston City,Metro Melbourne,2012,Unit/Apartment,808,298500,309449,-3.71,148.5,FALSE,FALSE
Frankston City,Metro Melbourne,2013,Unit/Apartment,975,307000,320943,2.85,152.7,FALSE,FALSE
Frankston City,Metro Melbourne,2014,Unit/Apartment,964,312750,333898,1.87,155.6,FALSE,FALSE
Frankston City,Metro Melbourne,2015,Unit/Apartment,1132,327500,355856,4.72,162.9,FALSE,FALSE
Frankston City,Metro Melbourne,2016,Unit/Apartment,1208,355000,372614,8.4,176.6,FALSE,FALSE
Frankston City,Metro Melbourne,2017,Unit/Apartment,1070,417176,431300,17.51,207.6,FALSE,FALSE
Frankston City,Metro Melbourne,2018,Unit/Apartment,806,452000,470963,8.35,224.9,FALSE,FALSE
Frankston City,Metro Melbourne,2019,Unit/Apartment,753,448000,472767,-0.88,222.9,FALSE,FALSE
Frankston City,Metro Melbourne,2020,Unit/Apartment,847,485000,512184,8.26,241.3,FALSE,FALSE
Frankston City,Metro Melbourne,2021,Unit/Apartment,1282,565000,591253,16.49,281.1,FALSE,FALSE
Frankston City,Metro Melbourne,2022,Unit/Apartment,1022,587500,588087,3.98,292.3,FALSE,FALSE
Frankston City,Metro Melbourne,2023,Unit/Apartment,985,565000,576767,-3.83,281.1,FALSE,FALSE
Frankston City,Metro Melbourne,2024,Unit/Apartment,1051,580000,586990,2.65,288.6,FALSE,FALSE
Frankston City,Metro Melbourne,2025,Unit/Apartment,146,570000,577170,-1.72,283.6,FALSE,TRUE
Frankston City,Metro Melbourne,2004,Vacant Land,455,132000,154460,,100,FALSE,FALSE
Frankston City,Metro Melbourne,2005,Vacant Land,382,131000,148490,-0.76,99.2,FALSE,FALSE
Frankston City,Metro Melbourne,2006,Vacant Land,487,145000,160392,10.69,109.8,FALSE,FALSE
Frankston City,Metro Melbourne,2007,Vacant Land,352,190000,198795,31.03,143.9,FALSE,FALSE
Frankston City,Metro Melbourne,2008,Vacant Land,285,187000,206085,-1.58,141.7,FALSE,FALSE
Frankston City,Metro Melbourne,2009,Vacant Land,775,181000,192741,-3.21,137.1,FALSE,FALSE
Frankston City,Metro Melbourne,2010,Vacant Land,610,215000,223500,18.78,162.9,FALSE,FALSE
Frankston City,Metro Melbourne,2011,Vacant Land,279,230000,243219,6.98,174.2,FALSE,FALSE
Frankston City,Metro Melbourne,2012,Vacant Land,228,230000,242255,0,174.2,FALSE,FALSE
Frankston City,Metro Melbourne,2013,Vacant Land,204,230000,240463,0,174.2,FALSE,FALSE
Frankston City,Metro Melbourne,2014,Vacant Land,145,261000,262246,13.48,197.7,FALSE,FALSE
Frankston City,Metro Melbourne,2015,Vacant Land,196,239975,257766,-8.06,181.8,FALSE,FALSE
Frankston City,Metro Melbourne,2016,Vacant Land,219,251000,279316,4.59,190.2,FALSE,FALSE
Frankston City,Metro Melbourne,2017,Vacant Land,85,330000,358602,31.47,250,FALSE,FALSE
Frankston City,Metro Melbourne,2018,Vacant Land,68,382500,463197,15.91,289.8,FALSE,FALSE
Frankston City,Metro Melbourne,2019,Vacant Land,85,405000,418398,5.88,306.8,FALSE,FALSE
Frankston City,Metro Melbourne,2020,Vacant Land,59,411000,446034,1.48,311.4,FALSE,FALSE
Frankston City,Metro Melbourne,2021,Vacant Land,79,406165,498297,-1.18,307.7,FALSE,FALSE
Frankston City,Metro Melbourne,2022,Vacant Land,80,632600,592014,55.75,479.2,FALSE,FALSE
Frankston City,Metro Melbourne,2023,Vacant Land,48,608000,695281,-3.89,460.6,FALSE,FALSE
Frankston City,Metro Melbourne,2024,Vacant Land,47,585000,652096,-3.78,443.2,FALSE,FALSE
Frankston City,Metro Melbourne,2025,Vacant Land,8,628000,734875,7.35,475.8,FALSE,TRUE
French Island,Regional Victoria,2004,House,0,0,0,,,FALSE,FALSE
French Island,Regional Victoria,2005,House,1,270000,270000,inf,inf,FALSE,FALSE
French Island,Regional Victoria,2006,House,1,350000,350000,29.63,inf,FALSE,FALSE
French Island,Regional Victoria,2007,House,0,350000,350000,0,inf,FALSE,FALSE
French Island,Regional Victoria,2008,House,0,350000,350000,0,inf,FALSE,FALSE
French Island,Regional Victoria,2009,House,1,411000,411000,17.43,inf,FALSE,FALSE
French Island,Regional Victoria,2010,House,1,125000,125000,-69.59,inf,FALSE,FALSE
French Island,Regional Victoria,2011,House,0,125000,125000,0,inf,FALSE,FALSE
French Island,Regional Victoria,2012,House,0,0,0,-100,,FALSE,FALSE
French Island,Regional Victoria,2013,House,0,0,0,,,FALSE,FALSE
French Island,Regional Victoria,2014,House,0,0,0,,,FALSE,FALSE
French Island,Regional Victoria,2015,House,0,0,0,,,FALSE,FALSE
French Island,Regional Victoria,2016,House,0,0,0,,,FALSE,FALSE
French Island,Regional Victoria,2017,House,0,0,0,,,FALSE,FALSE
French Island,Regional Victoria,2018,House,0,0,0,,,FALSE,FALSE
French Island,Regional Victoria,2019,House,0,0,0,,,FALSE,FALSE
French Island,Regional Victoria,2020,House,0,0,0,,,FALSE,FALSE
French Island,Regional Victoria,2021,House,0,0,0,,,FALSE,FALSE
French Island,Regional Victoria,2022,House,1,220000,220000,inf,inf,FALSE,FALSE
French Island,Regional Victoria,2023,House,0,0,0,-100,,FALSE,FALSE
French Island,Regional Victoria,2024,House,0,0,0,,,FALSE,FALSE
French Island,Regional Victoria,2025,House,0,0,0,,,FALSE,TRUE
French Island,Regional Victoria,2004,Unit/Apartment,0,0,0,,,FALSE,FALSE
French Island,Regional Victoria,2005,Unit/Apartment,0,0,0,,,FALSE,FALSE
French Island,Regional Victoria,2006,Unit/Apartment,0,0,0,,,FALSE,FALSE
French Island,Regional Victoria,2007,Unit/Apartment,0,0,0,,,FALSE,FALSE
French Island,Regional Victoria,2008,Unit/Apartment,0,0,0,,,FALSE,FALSE
French Island,Regional Victoria,2009,Unit/Apartment,0,0,0,,,FALSE,FALSE
French Island,Regional Victoria,2010,Unit/Apartment,0,0,0,,,FALSE,FALSE
French Island,Regional Victoria,2011,Unit/Apartment,0,0,0,,,FALSE,FALSE
French Island,Regional Victoria,2012,Unit/Apartment,1,280000,280000,inf,inf,FALSE,FALSE
French Island,Regional Victoria,2013,Unit/Apartment,0,0,0,-100,,FALSE,FALSE
French Island,Regional Victoria,2014,Unit/Apartment,0,0,0,,,FALSE,FALSE
French Island,Regional Victoria,2015,Unit/Apartment,0,0,0,,,FALSE,FALSE
French Island,Regional Victoria,2016,Unit/Apartment,0,0,0,,,FALSE,FALSE
French Island,Regional Victoria,2017,Unit/Apartment,0,0,0,,,FALSE,FALSE
French Island,Regional Victoria,2018,Unit/Apartment,0,0,0,,,FALSE,FALSE
French Island,Regional Victoria,2019,Unit/Apartment,0,0,0,,,FALSE,FALSE
French Island,Regional Victoria,2020,Unit/Apartment,0,0,0,,,FALSE,FALSE
French Island,Regional Victoria,2021,Unit/Apartment,0,0,0,,,FALSE,FALSE
French Island,Regional Victoria,2022,Unit/Apartment,0,0,0,,,FALSE,FALSE
French Island,Regional Victoria,2023,Unit/Apartment,0,0,0,,,FALSE,FALSE
French Island,Regional Victoria,2024,Unit/Apartment,0,0,0,,,FALSE,FALSE
French Island,Regional Victoria,2025,Unit/Apartment,0,0,0,,,FALSE,TRUE
French Island,Regional Victoria,2004,Vacant Land,0,0,0,,,FALSE,FALSE
French Island,Regional Victoria,2005,Vacant Land,0,0,0,,,FALSE,FALSE
French Island,Regional Victoria,2006,Vacant Land,0,0,0,,,FALSE,FALSE
French Island,Regional Victoria,2007,Vacant Land,0,0,0,,,FALSE,FALSE
French Island,Regional Victoria,2008,Vacant Land,0,0,0,,,FALSE,FALSE
French Island,Regional Victoria,2009,Vacant Land,0,0,0,,,FALSE,FALSE
French Island,Regional Victoria,2010,Vacant Land,2,1550,1550,inf,inf,FALSE,FALSE
French Island,Regional Victoria,2011,Vacant Land,0,1550,1550,0,inf,FALSE,FALSE
French Island,Regional Victoria,2012,Vacant Land,0,0,0,-100,,FALSE,FALSE
French Island,Regional Victoria,2013,Vacant Land,1,360000,360000,inf,inf,FALSE,FALSE
French Island,Regional Victoria,2014,Vacant Land,1,5000,5000,-98.61,inf,FALSE,FALSE
French Island,Regional Victoria,2015,Vacant Land,0,5000,5000,0,inf,FALSE,FALSE
French Island,Regional Victoria,2016,Vacant Land,0,5000,5000,0,inf,FALSE,FALSE
French Island,Regional Victoria,2017,Vacant Land,0,5000,5000,0,inf,FALSE,FALSE
French Island,Regional Victoria,2018,Vacant Land,0,5000,5000,0,inf,FALSE,FALSE
French Island,Regional Victoria,2019,Vacant Land,1,1000,1000,-80,inf,FALSE,FALSE
French Island,Regional Victoria,2020,Vacant Land,0,1000,1000,0,inf,FALSE,FALSE
French Island,Regional Victoria,2021,Vacant Land,7,35000,32571,3400,inf,FALSE,FALSE
French Island,Regional Victoria,2022,Vacant Land,11,24900,30836,-28.86,inf,FALSE,FALSE
French Island,Regional Victoria,2023,Vacant Land,2,26975,26975,8.33,inf,FALSE,FALSE
French Island,Regional Victoria,2024,Vacant Land,6,47500,39166,76.09,inf,FALSE,FALSE
French Island,Regional Victoria,2025,Vacant Land,0,47500,39166,0,inf,FALSE,TRUE
Gannawarra Shire,Regional Victoria,2004,House,201,112000,121252,,100,FALSE,FALSE
Gannawarra Shire,Regional Victoria,2005,House,185,118000,125411,5.36,105.4,FALSE,FALSE
Gannawarra Shire,Regional Victoria,2006,House,143,145000,154175,22.88,129.5,FALSE,FALSE
Gannawarra Shire,Regional Victoria,2007,House,152,135000,146220,-6.9,120.5,FALSE,FALSE
Gannawarra Shire,Regional Victoria,2008,House,93,140000,145100,3.7,125,FALSE,FALSE
Gannawarra Shire,Regional Victoria,2009,House,120,139000,145218,-0.71,124.1,FALSE,FALSE
Gannawarra Shire,Regional Victoria,2010,House,108,145001,166889,4.32,129.5,FALSE,FALSE
Gannawarra Shire,Regional Victoria,2011,House,89,150000,155016,3.45,133.9,FALSE,FALSE
Gannawarra Shire,Regional Victoria,2012,House,123,150000,158471,0,133.9,FALSE,FALSE
Gannawarra Shire,Regional Victoria,2013,House,133,140000,159281,-6.67,125,FALSE,FALSE
Gannawarra Shire,Regional Victoria,2014,House,145,145000,164250,3.57,129.5,FALSE,FALSE
Gannawarra Shire,Regional Victoria,2015,House,139,162000,172956,11.72,144.6,FALSE,FALSE
Gannawarra Shire,Regional Victoria,2016,House,145,162500,179160,0.31,145.1,FALSE,FALSE
Gannawarra Shire,Regional Victoria,2017,House,172,166500,192745,2.46,148.7,FALSE,FALSE
Gannawarra Shire,Regional Victoria,2018,House,194,177800,193415,6.79,158.8,FALSE,FALSE
Gannawarra Shire,Regional Victoria,2019,House,160,173500,198858,-2.42,154.9,FALSE,FALSE
Gannawarra Shire,Regional Victoria,2020,House,174,200000,218440,15.27,178.6,FALSE,FALSE
Gannawarra Shire,Regional Victoria,2021,House,229,245000,251000,22.5,218.8,FALSE,FALSE
Gannawarra Shire,Regional Victoria,2022,House,173,280000,308188,14.29,250,FALSE,FALSE
Gannawarra Shire,Regional Victoria,2023,House,168,287500,300293,2.68,256.7,FALSE,FALSE
Gannawarra Shire,Regional Victoria,2024,House,136,332500,360711,15.65,296.9,FALSE,FALSE
Gannawarra Shire,Regional Victoria,2025,House,19,359000,371552,7.97,320.5,FALSE,TRUE
Gannawarra Shire,Regional Victoria,2004,Unit/Apartment,13,125000,143269,,100,FALSE,FALSE
Gannawarra Shire,Regional Victoria,2005,Unit/Apartment,10,113500,116150,-9.2,90.8,FALSE,FALSE
Gannawarra Shire,Regional Victoria,2006,Unit/Apartment,14,191500,159357,68.72,153.2,FALSE,FALSE
Gannawarra Shire,Regional Victoria,2007,Unit/Apartment,12,167500,151958,-12.53,134,FALSE,FALSE
Gannawarra Shire,Regional Victoria,2008,Unit/Apartment,9,168000,143333,0.3,134.4,FALSE,FALSE
Gannawarra Shire,Regional Victoria,2009,Unit/Apartment,11,165000,150772,-1.79,132,FALSE,FALSE
Gannawarra Shire,Regional Victoria,2010,Unit/Apartment,8,170500,169687,3.33,136.4,FALSE,FALSE
Gannawarra Shire,Regional Victoria,2011,Unit/Apartment,7,153500,134928,-9.97,122.8,FALSE,FALSE
Gannawarra Shire,Regional Victoria,2012,Unit/Apartment,9,173000,174666,12.7,138.4,FALSE,FALSE
Gannawarra Shire,Regional Victoria,2013,Unit/Apartment,10,178750,183100,3.32,143,FALSE,FALSE
Gannawarra Shire,Regional Victoria,2014,Unit/Apartment,9,185000,190666,3.5,148,FALSE,FALSE
Gannawarra Shire,Regional Victoria,2015,Unit/Apartment,5,199000,198200,7.57,159.2,FALSE,FALSE
Gannawarra Shire,Regional Victoria,2016,Unit/Apartment,6,157500,154000,-20.85,126,FALSE,FALSE
Gannawarra Shire,Regional Victoria,2017,Unit/Apartment,14,188500,184035,19.68,150.8,FALSE,FALSE
Gannawarra Shire,Regional Victoria,2018,Unit/Apartment,8,180500,185125,-4.24,144.4,FALSE,FALSE
Gannawarra Shire,Regional Victoria,2019,Unit/Apartment,9,155000,178166,-14.13,124,FALSE,FALSE
Gannawarra Shire,Regional Victoria,2020,Unit/Apartment,15,180000,193433,16.13,144,FALSE,FALSE
Gannawarra Shire,Regional Victoria,2021,Unit/Apartment,15,225000,226733,25,180,FALSE,FALSE
Gannawarra Shire,Regional Victoria,2022,Unit/Apartment,19,220000,208684,-2.22,176,FALSE,FALSE
Gannawarra Shire,Regional Victoria,2023,Unit/Apartment,12,226500,228666,2.95,181.2,FALSE,FALSE
Gannawarra Shire,Regional Victoria,2024,Unit/Apartment,13,255000,274769,12.58,204,FALSE,FALSE
Gannawarra Shire,Regional Victoria,2025,Unit/Apartment,0,0,0,-100,0,FALSE,TRUE
Gannawarra Shire,Regional Victoria,2004,Vacant Land,57,25000,26694,,100,FALSE,FALSE
Gannawarra Shire,Regional Victoria,2005,Vacant Land,46,39500,41807,58,158,FALSE,FALSE
Gannawarra Shire,Regional Victoria,2006,Vacant Land,36,50000,51610,26.58,200,FALSE,FALSE
Gannawarra Shire,Regional Victoria,2007,Vacant Land,43,60000,72662,20,240,FALSE,FALSE
Gannawarra Shire,Regional Victoria,2008,Vacant Land,31,52000,67521,-13.33,208,FALSE,FALSE
Gannawarra Shire,Regional Victoria,2009,Vacant Land,26,52000,60038,0,208,FALSE,FALSE
Gannawarra Shire,Regional Victoria,2010,Vacant Land,48,52000,48967,0,208,FALSE,FALSE
Gannawarra Shire,Regional Victoria,2011,Vacant Land,27,50000,60059,-3.85,200,FALSE,FALSE
Gannawarra Shire,Regional Victoria,2012,Vacant Land,25,50000,63434,0,200,FALSE,FALSE
Gannawarra Shire,Regional Victoria,2013,Vacant Land,28,54500,64848,9,218,FALSE,FALSE
Gannawarra Shire,Regional Victoria,2014,Vacant Land,30,51500,53156,-5.5,206,FALSE,FALSE
Gannawarra Shire,Regional Victoria,2015,Vacant Land,18,61376,63716,19.18,245.5,FALSE,FALSE
Gannawarra Shire,Regional Victoria,2016,Vacant Land,22,52500,63613,-14.46,210,FALSE,FALSE
Gannawarra Shire,Regional Victoria,2017,Vacant Land,31,65000,66863,23.81,260,FALSE,FALSE
Gannawarra Shire,Regional Victoria,2018,Vacant Land,40,67250,86275,3.46,269,FALSE,FALSE
Gannawarra Shire,Regional Victoria,2019,Vacant Land,34,70000,86686,4.09,280,FALSE,FALSE
Gannawarra Shire,Regional Victoria,2020,Vacant Land,59,75000,77794,7.14,300,FALSE,FALSE
Gannawarra Shire,Regional Victoria,2021,Vacant Land,53,84000,87660,12,336,FALSE,FALSE
Gannawarra Shire,Regional Victoria,2022,Vacant Land,30,100000,109679,19.05,400,FALSE,FALSE
Gannawarra Shire,Regional Victoria,2023,Vacant Land,17,130000,141035,30,520,FALSE,FALSE
Gannawarra Shire,Regional Victoria,2024,Vacant Land,20,130000,139705,0,520,FALSE,FALSE
Gannawarra Shire,Regional Victoria,2025,Vacant Land,2,130000,130000,0,520,FALSE,TRUE
Glen Eira City,Metro Melbourne,2004,House,1315,490000,545662,,100,FALSE,FALSE
Glen Eira City,Metro Melbourne,2005,House,1464,515000,586240,5.1,105.1,FALSE,FALSE
Glen Eira City,Metro Melbourne,2006,House,1522,580500,655491,12.72,118.5,FALSE,FALSE
Glen Eira City,Metro Melbourne,2007,House,1597,750000,846666,29.2,153.1,FALSE,FALSE
Glen Eira City,Metro Melbourne,2008,House,1180,750000,843076,0,153.1,FALSE,FALSE
Glen Eira City,Metro Melbourne,2009,House,1383,780000,863765,4,159.2,FALSE,FALSE
Glen Eira City,Metro Melbourne,2010,House,1358,905000,1010067,16.03,184.7,FALSE,FALSE
Glen Eira City,Metro Melbourne,2011,House,1162,866000,979650,-4.31,176.7,FALSE,FALSE
Glen Eira City,Metro Melbourne,2012,House,1136,832500,943238,-3.87,169.9,FALSE,FALSE
Glen Eira City,Metro Melbourne,2013,House,1391,920000,1052213,10.51,187.8,FALSE,FALSE
Glen Eira City,Metro Melbourne,2014,House,1564,1050000,1143938,14.13,214.3,FALSE,FALSE
Glen Eira City,Metro Melbourne,2015,House,1616,1260000,1358163,20,257.1,FALSE,FALSE
Glen Eira City,Metro Melbourne,2016,House,1497,1365000,1494904,8.33,278.6,FALSE,FALSE
Glen Eira City,Metro Melbourne,2017,House,1460,1485000,1645832,8.79,303.1,FALSE,FALSE
Glen Eira City,Metro Melbourne,2018,House,1223,1403000,1558649,-5.52,286.3,FALSE,FALSE
Glen Eira City,Metro Melbourne,2019,House,1283,1350000,1488965,-3.78,275.5,FALSE,FALSE
Glen Eira City,Metro Melbourne,2020,House,959,1475000,1649886,9.26,301,FALSE,FALSE
Glen Eira City,Metro Melbourne,2021,House,1499,1740000,1888187,17.97,355.1,FALSE,FALSE
Glen Eira City,Metro Melbourne,2022,House,1184,1747500,1931954,0.43,356.6,FALSE,FALSE
Glen Eira City,Metro Melbourne,2023,House,1117,1700000,1885090,-2.72,346.9,FALSE,FALSE
Glen Eira City,Metro Melbourne,2024,House,1166,1700000,1883868,0,346.9,FALSE,FALSE
Glen Eira City,Metro Melbourne,2025,House,72,1503000,1642275,-11.59,306.7,FALSE,TRUE
Glen Eira City,Metro Melbourne,2004,Unit/Apartment,1261,311500,337341,,100,FALSE,FALSE
Glen Eira City,Metro Melbourne,2005,Unit/Apartment,1546,315000,340172,1.12,101.1,FALSE,FALSE
Glen Eira City,Metro Melbourne,2006,Unit/Apartment,1559,353500,372743,12.22,113.5,FALSE,FALSE
Glen Eira City,Metro Melbourne,2007,Unit/Apartment,1925,385000,427882,8.91,123.6,FALSE,FALSE
Glen Eira City,Metro Melbourne,2008,Unit/Apartment,1407,421000,442142,9.35,135.2,FALSE,FALSE
Glen Eira City,Metro Melbourne,2009,Unit/Apartment,1645,460000,489266,9.26,147.7,FALSE,FALSE
Glen Eira City,Metro Melbourne,2010,Unit/Apartment,1518,535000,565142,16.3,171.7,FALSE,FALSE
Glen Eira City,Metro Melbourne,2011,Unit/Apartment,1436,525000,553072,-1.87,168.5,FALSE,FALSE
Glen Eira City,Metro Melbourne,2012,Unit/Apartment,1478,490001,521449,-6.67,157.3,FALSE,FALSE
Glen Eira City,Metro Melbourne,2013,Unit/Apartment,1771,528000,560499,7.75,169.5,FALSE,FALSE
Glen Eira City,Metro Melbourne,2014,Unit/Apartment,2394,550000,601004,4.17,176.6,FALSE,FALSE
Glen Eira City,Metro Melbourne,2015,Unit/Apartment,2541,575000,627049,4.55,184.6,FALSE,FALSE
Glen Eira City,Metro Melbourne,2016,Unit/Apartment,2227,592800,658061,3.1,190.3,FALSE,FALSE
Glen Eira City,Metro Melbourne,2017,Unit/Apartment,2634,620000,696352,4.59,199,FALSE,FALSE
Glen Eira City,Metro Melbourne,2018,Unit/Apartment,1760,649500,719543,4.76,208.5,FALSE,FALSE
Glen Eira City,Metro Melbourne,2019,Unit/Apartment,1512,640000,725350,-1.46,205.5,FALSE,FALSE
Glen Eira City,Metro Melbourne,2020,Unit/Apartment,1556,685000,789144,7.03,219.9,FALSE,FALSE
Glen Eira City,Metro Melbourne,2021,Unit/Apartment,2428,729750,861531,6.53,234.3,FALSE,FALSE
Glen Eira City,Metro Melbourne,2022,Unit/Apartment,1896,700000,847828,-4.08,224.7,FALSE,FALSE
Glen Eira City,Metro Melbourne,2023,Unit/Apartment,2037,705000,852076,0.71,226.3,FALSE,FALSE
Glen Eira City,Metro Melbourne,2024,Unit/Apartment,2329,710000,833291,0.71,227.9,FALSE,FALSE
Glen Eira City,Metro Melbourne,2025,Unit/Apartment,222,577250,659709,-18.7,185.3,FALSE,TRUE
Glen Eira City,Metro Melbourne,2004,Vacant Land,9,205000,186111,,100,FALSE,FALSE
Glen Eira City,Metro Melbourne,2005,Vacant Land,1,125000,125000,-39.02,61,FALSE,FALSE
Glen Eira City,Metro Melbourne,2006,Vacant Land,1,476000,476000,280.8,232.2,FALSE,FALSE
Glen Eira City,Metro Melbourne,2007,Vacant Land,5,230000,262500,-51.68,112.2,FALSE,FALSE
Glen Eira City,Metro Melbourne,2008,Vacant Land,4,262500,340500,14.13,128,FALSE,FALSE
Glen Eira City,Metro Melbourne,2009,Vacant Land,11,270000,247545,2.86,131.7,FALSE,FALSE
Glen Eira City,Metro Melbourne,2010,Vacant Land,3,270000,456666,0,131.7,FALSE,FALSE
Glen Eira City,Metro Melbourne,2011,Vacant Land,4,305000,308750,12.96,148.8,FALSE,FALSE
Glen Eira City,Metro Melbourne,2012,Vacant Land,4,335000,481250,9.84,163.4,FALSE,FALSE
Glen Eira City,Metro Melbourne,2013,Vacant Land,7,730000,755714,117.91,356.1,FALSE,FALSE
Glen Eira City,Metro Melbourne,2014,Vacant Land,8,445000,638375,-39.04,217.1,FALSE,FALSE
Glen Eira City,Metro Melbourne,2015,Vacant Land,10,360000,640391,-19.1,175.6,FALSE,FALSE
Glen Eira City,Metro Melbourne,2016,Vacant Land,6,565000,731283,56.94,275.6,FALSE,FALSE
Glen Eira City,Metro Melbourne,2017,Vacant Land,5,1000000,1040000,76.99,487.8,FALSE,FALSE
Glen Eira City,Metro Melbourne,2018,Vacant Land,12,1306450,1339831,30.64,637.3,FALSE,FALSE
Glen Eira City,Metro Melbourne,2019,Vacant Land,16,908500,1111837,-30.46,443.2,FALSE,FALSE
Glen Eira City,Metro Melbourne,2020,Vacant Land,5,690000,719925,-24.05,336.6,FALSE,FALSE
Glen Eira City,Metro Melbourne,2021,Vacant Land,11,950000,1360807,37.68,463.4,FALSE,FALSE
Glen Eira City,Metro Melbourne,2022,Vacant Land,7,800000,721665,-15.79,390.2,FALSE,FALSE
Glen Eira City,Metro Melbourne,2023,Vacant Land,6,1572000,1646000,96.5,766.8,FALSE,FALSE
Glen Eira City,Metro Melbourne,2024,Vacant Land,11,1090000,1065291,-30.66,531.7,FALSE,FALSE
Glen Eira City,Metro Melbourne,2025,Vacant Land,0,0,0,-100,0,FALSE,TRUE
Glenelg Shire,Regional Victoria,2004,House,346,160000,170591,,100,FALSE,FALSE
Glenelg Shire,Regional Victoria,2005,House,344,165000,172057,3.12,103.1,FALSE,FALSE
Glenelg Shire,Regional Victoria,2006,House,378,182250,192559,10.45,113.9,FALSE,FALSE
Glenelg Shire,Regional Victoria,2007,House,358,195000,208443,7,121.9,FALSE,FALSE
Glenelg Shire,Regional Victoria,2008,House,307,184500,199144,-5.38,115.3,FALSE,FALSE
Glenelg Shire,Regional Victoria,2009,House,292,185000,199705,0.27,115.6,FALSE,FALSE
Glenelg Shire,Regional Victoria,2010,House,264,205001,227587,10.81,128.1,FALSE,FALSE
Glenelg Shire,Regional Victoria,2011,House,239,215000,225625,4.88,134.4,FALSE,FALSE
Glenelg Shire,Regional Victoria,2012,House,209,205000,216636,-4.65,128.1,FALSE,FALSE
Glenelg Shire,Regional Victoria,2013,House,221,209000,208365,1.95,130.6,FALSE,FALSE
Glenelg Shire,Regional Victoria,2014,House,233,170000,188457,-18.66,106.2,FALSE,FALSE
Glenelg Shire,Regional Victoria,2015,House,232,204500,221800,20.29,127.8,FALSE,FALSE
Glenelg Shire,Regional Victoria,2016,House,241,195000,206131,-4.65,121.9,FALSE,FALSE
Glenelg Shire,Regional Victoria,2017,House,358,211501,238699,8.46,132.2,FALSE,FALSE
Glenelg Shire,Regional Victoria,2018,House,417,220000,247029,4.02,137.5,FALSE,FALSE
Glenelg Shire,Regional Victoria,2019,House,349,240500,259579,9.32,150.3,FALSE,FALSE
Glenelg Shire,Regional Victoria,2020,House,362,270000,288321,12.27,168.8,FALSE,FALSE
Glenelg Shire,Regional Victoria,2021,House,396,347500,356374,28.7,217.2,FALSE,FALSE
Glenelg Shire,Regional Victoria,2022,House,289,410000,431821,17.99,256.2,FALSE,FALSE
Glenelg Shire,Regional Victoria,2023,House,242,405000,440049,-1.22,253.1,FALSE,FALSE
Glenelg Shire,Regional Victoria,2024,House,278,389000,415050,-3.95,243.1,FALSE,FALSE
Glenelg Shire,Regional Victoria,2025,House,54,402626,417606,3.5,251.6,FALSE,TRUE
Glenelg Shire,Regional Victoria,2004,Unit/Apartment,33,124000,181318,,100,FALSE,FALSE
Glenelg Shire,Regional Victoria,2005,Unit/Apartment,32,172500,217672,39.11,139.1,FALSE,FALSE
Glenelg Shire,Regional Victoria,2006,Unit/Apartment,33,155000,199889,-10.14,125,FALSE,FALSE
Glenelg Shire,Regional Victoria,2007,Unit/Apartment,43,150000,172795,-3.23,121,FALSE,FALSE
Glenelg Shire,Regional Victoria,2008,Unit/Apartment,28,160000,161069,6.67,129,FALSE,FALSE
Glenelg Shire,Regional Victoria,2009,Unit/Apartment,22,172500,163352,7.81,139.1,FALSE,FALSE
Glenelg Shire,Regional Victoria,2010,Unit/Apartment,30,176750,192358,2.46,142.5,FALSE,FALSE
Glenelg Shire,Regional Victoria,2011,Unit/Apartment,16,179500,176593,1.56,144.8,FALSE,FALSE
Glenelg Shire,Regional Victoria,2012,Unit/Apartment,27,210500,212266,17.27,169.8,FALSE,FALSE
Glenelg Shire,Regional Victoria,2013,Unit/Apartment,15,155000,173633,-26.37,125,FALSE,FALSE
Glenelg Shire,Regional Victoria,2014,Unit/Apartment,22,215000,218068,38.71,173.4,FALSE,FALSE
Glenelg Shire,Regional Victoria,2015,Unit/Apartment,24,210000,183668,-2.33,169.4,FALSE,FALSE
Glenelg Shire,Regional Victoria,2016,Unit/Apartment,13,150000,165000,-28.57,121,FALSE,FALSE
Glenelg Shire,Regional Victoria,2017,Unit/Apartment,24,175000,204145,16.67,141.1,FALSE,FALSE
Glenelg Shire,Regional Victoria,2018,Unit/Apartment,39,170000,194705,-2.86,137.1,FALSE,FALSE
Glenelg Shire,Regional Victoria,2019,Unit/Apartment,58,189828,229257,11.66,153.1,FALSE,FALSE
Glenelg Shire,Regional Victoria,2020,Unit/Apartment,30,191000,250799,0.62,154,FALSE,FALSE
Glenelg Shire,Regional Victoria,2021,Unit/Apartment,45,229000,263366,19.9,184.7,FALSE,FALSE
Glenelg Shire,Regional Victoria,2022,Unit/Apartment,33,340000,338075,48.47,274.2,FALSE,FALSE
Glenelg Shire,Regional Victoria,2023,Unit/Apartment,19,350000,382131,2.94,282.3,FALSE,FALSE
Glenelg Shire,Regional Victoria,2024,Unit/Apartment,23,303000,309326,-13.43,244.4,FALSE,FALSE
Glenelg Shire,Regional Victoria,2025,Unit/Apartment,4,382500,378750,26.24,308.5,FALSE,TRUE
Glenelg Shire,Regional Victoria,2004,Vacant Land,133,45000,47811,,100,FALSE,FALSE
Glenelg Shire,Regional Victoria,2005,Vacant Land,136,50000,53192,11.11,111.1,FALSE,FALSE
Glenelg Shire,Regional Victoria,2006,Vacant Land,106,56000,60058,12,124.4,FALSE,FALSE
Glenelg Shire,Regional Victoria,2007,Vacant Land,97,63000,73126,12.5,140,FALSE,FALSE
Glenelg Shire,Regional Victoria,2008,Vacant Land,65,76000,77392,20.63,168.9,FALSE,FALSE
Glenelg Shire,Regional Victoria,2009,Vacant Land,64,74500,77203,-1.97,165.6,FALSE,FALSE
Glenelg Shire,Regional Victoria,2010,Vacant Land,60,78000,84242,4.7,173.3,FALSE,FALSE
Glenelg Shire,Regional Victoria,2011,Vacant Land,33,85000,106076,8.97,188.9,FALSE,FALSE
Glenelg Shire,Regional Victoria,2012,Vacant Land,41,80000,72973,-5.88,177.8,FALSE,FALSE
Glenelg Shire,Regional Victoria,2013,Vacant Land,50,85000,89850,6.25,188.9,FALSE,FALSE
Glenelg Shire,Regional Victoria,2014,Vacant Land,23,80000,78065,-5.88,177.8,FALSE,FALSE
Glenelg Shire,Regional Victoria,2015,Vacant Land,24,51625,60781,-35.47,114.7,FALSE,FALSE
Glenelg Shire,Regional Victoria,2016,Vacant Land,24,77500,91812,50.12,172.2,FALSE,FALSE
Glenelg Shire,Regional Victoria,2017,Vacant Land,32,50000,58593,-35.48,111.1,FALSE,FALSE
Glenelg Shire,Regional Victoria,2018,Vacant Land,72,74500,90524,49,165.6,FALSE,FALSE
Glenelg Shire,Regional Victoria,2019,Vacant Land,71,67500,83095,-9.4,150,FALSE,FALSE
Glenelg Shire,Regional Victoria,2020,Vacant Land,151,72000,91258,6.67,160,FALSE,FALSE
Glenelg Shire,Regional Victoria,2021,Vacant Land,122,112750,143173,56.6,250.6,FALSE,FALSE
Glenelg Shire,Regional Victoria,2022,Vacant Land,70,170000,186757,50.78,377.8,FALSE,FALSE
Glenelg Shire,Regional Victoria,2023,Vacant Land,46,150000,162391,-11.76,333.3,FALSE,FALSE
Glenelg Shire,Regional Victoria,2024,Vacant Land,52,181000,163360,20.67,402.2,FALSE,FALSE
Glenelg Shire,Regional Victoria,2025,Vacant Land,4,151500,162000,-16.3,336.7,FALSE,TRUE
Golden Plains Shire,Regional Victoria,2004,House,102,227500,213730,,100,FALSE,FALSE
Golden Plains Shire,Regional Victoria,2005,House,69,185000,208027,-18.68,81.3,FALSE,FALSE
Golden Plains Shire,Regional Victoria,2006,House,85,200000,213752,8.11,87.9,FALSE,FALSE
Golden Plains Shire,Regional Victoria,2007,House,87,225000,217442,12.5,98.9,FALSE,FALSE
Golden Plains Shire,Regional Victoria,2008,House,75,217555,228180,-3.31,95.6,FALSE,FALSE
Golden Plains Shire,Regional Victoria,2009,House,75,280000,257086,28.7,123.1,FALSE,FALSE
Golden Plains Shire,Regional Victoria,2010,House,70,285000,270507,1.79,125.3,FALSE,FALSE
Golden Plains Shire,Regional Victoria,2011,House,83,320000,311427,12.28,140.7,FALSE,FALSE
Golden Plains Shire,Regional Victoria,2012,House,92,318750,305411,-0.39,140.1,FALSE,FALSE
Golden Plains Shire,Regional Victoria,2013,House,97,339000,327652,6.35,149,FALSE,FALSE
Golden Plains Shire,Regional Victoria,2014,House,113,360000,346753,6.19,158.2,FALSE,FALSE
Golden Plains Shire,Regional Victoria,2015,House,123,360000,349844,0,158.2,FALSE,FALSE
Golden Plains Shire,Regional Victoria,2016,House,135,360000,344550,0,158.2,FALSE,FALSE
Golden Plains Shire,Regional Victoria,2017,House,133,395000,397554,9.72,173.6,FALSE,FALSE
Golden Plains Shire,Regional Victoria,2018,House,126,470049,448163,19,206.6,FALSE,FALSE
Golden Plains Shire,Regional Victoria,2019,House,117,475000,465576,1.05,208.8,FALSE,FALSE
Golden Plains Shire,Regional Victoria,2020,House,141,535000,530439,12.63,235.2,FALSE,FALSE
Golden Plains Shire,Regional Victoria,2021,House,139,640000,659592,19.63,281.3,FALSE,FALSE
Golden Plains Shire,Regional Victoria,2022,House,144,712500,714287,11.33,313.2,FALSE,FALSE
Golden Plains Shire,Regional Victoria,2023,House,120,689500,686839,-3.23,303.1,FALSE,FALSE
Golden Plains Shire,Regional Victoria,2024,House,112,699750,671114,1.49,307.6,FALSE,FALSE
Golden Plains Shire,Regional Victoria,2025,House,21,655000,741904,-6.4,287.9,FALSE,TRUE
Golden Plains Shire,Regional Victoria,2004,Unit/Apartment,5,169000,147819,,100,FALSE,FALSE
Golden Plains Shire,Regional Victoria,2005,Unit/Apartment,12,113750,140916,-32.69,67.3,FALSE,FALSE
Golden Plains Shire,Regional Victoria,2006,Unit/Apartment,6,217000,217833,90.77,128.4,FALSE,FALSE
Golden Plains Shire,Regional Victoria,2007,Unit/Apartment,17,203000,203588,-6.45,120.1,FALSE,FALSE
Golden Plains Shire,Regional Victoria,2008,Unit/Apartment,6,182000,165333,-10.34,107.7,FALSE,FALSE
Golden Plains Shire,Regional Victoria,2009,Unit/Apartment,16,210500,188968,15.66,124.6,FALSE,FALSE
Golden Plains Shire,Regional Victoria,2010,Unit/Apartment,20,265500,269125,26.13,157.1,FALSE,FALSE
Golden Plains Shire,Regional Victoria,2011,Unit/Apartment,11,260000,225963,-2.07,153.8,FALSE,FALSE
Golden Plains Shire,Regional Victoria,2012,Unit/Apartment,19,150000,208468,-42.31,88.8,FALSE,FALSE
Golden Plains Shire,Regional Victoria,2013,Unit/Apartment,10,265000,220912,76.67,156.8,FALSE,FALSE
Golden Plains Shire,Regional Victoria,2014,Unit/Apartment,15,220000,209633,-16.98,130.2,FALSE,FALSE
Golden Plains Shire,Regional Victoria,2015,Unit/Apartment,18,264000,276694,20,156.2,FALSE,FALSE
Golden Plains Shire,Regional Victoria,2016,Unit/Apartment,10,295250,298350,11.84,174.7,FALSE,FALSE
Golden Plains Shire,Regional Victoria,2017,Unit/Apartment,11,268000,234181,-9.23,158.6,FALSE,FALSE
Golden Plains Shire,Regional Victoria,2018,Unit/Apartment,9,326000,262800,21.64,192.9,FALSE,FALSE
Golden Plains Shire,Regional Victoria,2019,Unit/Apartment,4,350000,344750,7.36,207.1,FALSE,FALSE
Golden Plains Shire,Regional Victoria,2020,Unit/Apartment,11,330000,316500,-5.71,195.3,FALSE,FALSE
Golden Plains Shire,Regional Victoria,2021,Unit/Apartment,6,453750,489583,37.5,268.5,FALSE,FALSE
Golden Plains Shire,Regional Victoria,2022,Unit/Apartment,4,500000,469000,10.19,295.9,FALSE,FALSE
Golden Plains Shire,Regional Victoria,2023,Unit/Apartment,6,503000,598166,0.6,297.6,FALSE,FALSE
Golden Plains Shire,Regional Victoria,2024,Unit/Apartment,5,490000,548280,-2.58,289.9,FALSE,FALSE
Golden Plains Shire,Regional Victoria,2025,Unit/Apartment,0,0,0,-100,0,FALSE,TRUE
Golden Plains Shire,Regional Victoria,2004,Vacant Land,66,81500,83967,,100,FALSE,FALSE
Golden Plains Shire,Regional Victoria,2005,Vacant Land,47,82500,86154,1.23,101.2,FALSE,FALSE
Golden Plains Shire,Regional Victoria,2006,Vacant Land,63,110000,102958,33.33,135,FALSE,FALSE
Golden Plains Shire,Regional Victoria,2007,Vacant Land,84,115380,106648,4.89,141.6,FALSE,FALSE
Golden Plains Shire,Regional Victoria,2008,Vacant Land,65,115000,103505,-0.33,141.1,FALSE,FALSE
Golden Plains Shire,Regional Victoria,2009,Vacant Land,135,115000,93164,0,141.1,FALSE,FALSE
Golden Plains Shire,Regional Victoria,2010,Vacant Land,120,123750,114931,7.61,151.8,FALSE,FALSE
Golden Plains Shire,Regional Victoria,2011,Vacant Land,111,137500,131269,11.11,168.7,FALSE,FALSE
Golden Plains Shire,Regional Victoria,2012,Vacant Land,115,138000,133678,0.36,169.3,FALSE,FALSE
Golden Plains Shire,Regional Victoria,2013,Vacant Land,99,147500,140005,6.88,181,FALSE,FALSE
Golden Plains Shire,Regional Victoria,2014,Vacant Land,112,147500,149807,0,181,FALSE,FALSE
Golden Plains Shire,Regional Victoria,2015,Vacant Land,97,145000,135728,-1.69,177.9,FALSE,FALSE
Golden Plains Shire,Regional Victoria,2016,Vacant Land,107,155000,156138,6.9,190.2,FALSE,FALSE
Golden Plains Shire,Regional Victoria,2017,Vacant Land,99,151000,151656,-2.58,185.3,FALSE,FALSE
Golden Plains Shire,Regional Victoria,2018,Vacant Land,97,214000,203445,41.72,262.6,FALSE,FALSE
Golden Plains Shire,Regional Victoria,2019,Vacant Land,56,240000,218776,12.15,294.5,FALSE,FALSE
Golden Plains Shire,Regional Victoria,2020,Vacant Land,103,229000,209755,-4.58,281,FALSE,FALSE
Golden Plains Shire,Regional Victoria,2021,Vacant Land,88,309750,336217,35.26,380.1,FALSE,FALSE
Golden Plains Shire,Regional Victoria,2022,Vacant Land,54,339950,345644,9.75,417.1,FALSE,FALSE
Golden Plains Shire,Regional Victoria,2023,Vacant Land,32,203750,258437,-40.06,250,FALSE,FALSE
Golden Plains Shire,Regional Victoria,2024,Vacant Land,33,336000,318815,64.91,412.3,FALSE,FALSE
Golden Plains Shire,Regional Victoria,2025,Vacant Land,7,184000,209714,-45.24,225.8,FALSE,TRUE
Greater Bendigo City,Regional Victoria,2004,House,1775,195000,207797,,100,FALSE,FALSE
Greater Bendigo City,Regional Victoria,2005,House,1692,205000,218697,5.13,105.1,FALSE,FALSE
Greater Bendigo City,Regional Victoria,2006,House,1649,217000,229628,5.85,111.3,FALSE,FALSE
Greater Bendigo City,Regional Victoria,2007,House,1733,221000,236760,1.84,113.3,FALSE,FALSE
Greater Bendigo City,Regional Victoria,2008,House,1549,222000,237073,0.45,113.8,FALSE,FALSE
Greater Bendigo City,Regional Victoria,2009,House,1752,232125,246661,4.56,119,FALSE,FALSE
Greater Bendigo City,Regional Victoria,2010,House,1645,262000,280788,12.87,134.4,FALSE,FALSE
Greater Bendigo City,Regional Victoria,2011,House,1660,275000,293919,4.96,141,FALSE,FALSE
Greater Bendigo City,Regional Victoria,2012,House,1654,295000,312724,7.27,151.3,FALSE,FALSE
Greater Bendigo City,Regional Victoria,2013,House,1787,307500,328372,4.24,157.7,FALSE,FALSE
Greater Bendigo City,Regional Victoria,2014,House,1701,320000,341366,4.07,164.1,FALSE,FALSE
Greater Bendigo City,Regional Victoria,2015,House,1643,325000,342675,1.56,166.7,FALSE,FALSE
Greater Bendigo City,Regional Victoria,2016,House,1785,322500,353611,-0.77,165.4,FALSE,FALSE
Greater Bendigo City,Regional Victoria,2017,House,1783,335000,360067,3.88,171.8,FALSE,FALSE
Greater Bendigo City,Regional Victoria,2018,House,1963,346800,378824,3.52,177.8,FALSE,FALSE
Greater Bendigo City,Regional Victoria,2019,House,1876,360000,395238,3.81,184.6,FALSE,FALSE
Greater Bendigo City,Regional Victoria,2020,House,1885,405000,432921,12.5,207.7,FALSE,FALSE
Greater Bendigo City,Regional Victoria,2021,House,2370,496500,537900,22.59,254.6,FALSE,FALSE
Greater Bendigo City,Regional Victoria,2022,House,1857,565000,606734,13.8,289.7,FALSE,FALSE
Greater Bendigo City,Regional Victoria,2023,House,1652,549000,581921,-2.83,281.5,FALSE,FALSE
Greater Bendigo City,Regional Victoria,2024,House,1908,558000,594305,1.64,286.2,FALSE,FALSE
Greater Bendigo City,Regional Victoria,2025,House,330,550000,568807,-1.43,282.1,FALSE,TRUE
Greater Bendigo City,Regional Victoria,2004,Unit/Apartment,263,165000,171592,,100,FALSE,FALSE
Greater Bendigo City,Regional Victoria,2005,Unit/Apartment,308,183375,188959,11.14,111.1,FALSE,FALSE
Greater Bendigo City,Regional Victoria,2006,Unit/Apartment,299,180000,187515,-1.84,109.1,FALSE,FALSE
Greater Bendigo City,Regional Victoria,2007,Unit/Apartment,367,193000,195780,7.22,117,FALSE,FALSE
Greater Bendigo City,Regional Victoria,2008,Unit/Apartment,259,187500,195871,-2.85,113.6,FALSE,FALSE
Greater Bendigo City,Regional Victoria,2009,Unit/Apartment,397,199950,205329,6.64,121.2,FALSE,FALSE
Greater Bendigo City,Regional Victoria,2010,Unit/Apartment,331,216000,222315,8.03,130.9,FALSE,FALSE
Greater Bendigo City,Regional Victoria,2011,Unit/Apartment,286,225000,228949,4.17,136.4,FALSE,FALSE
Greater Bendigo City,Regional Victoria,2012,Unit/Apartment,361,226000,221759,0.44,137,FALSE,FALSE
Greater Bendigo City,Regional Victoria,2013,Unit/Apartment,349,235000,236591,3.98,142.4,FALSE,FALSE
Greater Bendigo City,Regional Victoria,2014,Unit/Apartment,331,235000,238266,0,142.4,FALSE,FALSE
Greater Bendigo City,Regional Victoria,2015,Unit/Apartment,353,237500,235271,1.06,143.9,FALSE,FALSE
Greater Bendigo City,Regional Victoria,2016,Unit/Apartment,339,240000,250245,1.05,145.5,FALSE,FALSE
Greater Bendigo City,Regional Victoria,2017,Unit/Apartment,302,258250,273594,7.6,156.5,FALSE,FALSE
Greater Bendigo City,Regional Victoria,2018,Unit/Apartment,357,263500,272018,2.03,159.7,FALSE,FALSE
Greater Bendigo City,Regional Victoria,2019,Unit/Apartment,367,267000,278860,1.33,161.8,FALSE,FALSE
Greater Bendigo City,Regional Victoria,2020,Unit/Apartment,319,302500,317566,13.3,183.3,FALSE,FALSE
Greater Bendigo City,Regional Victoria,2021,Unit/Apartment,453,365000,377057,20.66,221.2,FALSE,FALSE
Greater Bendigo City,Regional Victoria,2022,Unit/Apartment,369,410000,418949,12.33,248.5,FALSE,FALSE
Greater Bendigo City,Regional Victoria,2023,Unit/Apartment,292,417500,429362,1.83,253,FALSE,FALSE
Greater Bendigo City,Regional Victoria,2024,Unit/Apartment,426,420000,438244,0.6,254.5,FALSE,FALSE
Greater Bendigo City,Regional Victoria,2025,Unit/Apartment,67,465000,488970,10.71,281.8,FALSE,TRUE
Greater Bendigo City,Regional Victoria,2004,Vacant Land,610,74950,79354,,100,FALSE,FALSE
Greater Bendigo City,Regional Victoria,2005,Vacant Land,657,79500,86288,6.07,106.1,FALSE,FALSE
Greater Bendigo City,Regional Victoria,2006,Vacant Land,592,85000,96620,6.92,113.4,FALSE,FALSE
Greater Bendigo City,Regional Victoria,2007,Vacant Land,562,89000,97111,4.71,118.7,FALSE,FALSE
Greater Bendigo City,Regional Victoria,2008,Vacant Land,423,85000,91838,-4.49,113.4,FALSE,FALSE
Greater Bendigo City,Regional Victoria,2009,Vacant Land,750,86500,93066,1.76,115.4,FALSE,FALSE
Greater Bendigo City,Regional Victoria,2010,Vacant Land,723,97000,106729,12.14,129.4,FALSE,FALSE
Greater Bendigo City,Regional Victoria,2011,Vacant Land,888,105425,111753,8.69,140.7,FALSE,FALSE
Greater Bendigo City,Regional Victoria,2012,Vacant Land,851,112000,118827,6.24,149.4,FALSE,FALSE
Greater Bendigo City,Regional Victoria,2013,Vacant Land,779,120000,130203,7.14,160.1,FALSE,FALSE
Greater Bendigo City,Regional Victoria,2014,Vacant Land,751,120000,132375,0,160.1,FALSE,FALSE
Greater Bendigo City,Regional Victoria,2015,Vacant Land,552,132250,147269,10.21,176.5,FALSE,FALSE
Greater Bendigo City,Regional Victoria,2016,Vacant Land,481,150000,154528,13.42,200.1,FALSE,FALSE
Greater Bendigo City,Regional Victoria,2017,Vacant Land,639,145000,150525,-3.33,193.5,FALSE,FALSE
Greater Bendigo City,Regional Victoria,2018,Vacant Land,766,145000,154940,0,193.5,FALSE,FALSE
Greater Bendigo City,Regional Victoria,2019,Vacant Land,842,149500,159207,3.1,199.5,FALSE,FALSE
Greater Bendigo City,Regional Victoria,2020,Vacant Land,1475,155000,165377,3.68,206.8,FALSE,FALSE
Greater Bendigo City,Regional Victoria,2021,Vacant Land,880,192450,213767,24.16,256.8,FALSE,FALSE
Greater Bendigo City,Regional Victoria,2022,Vacant Land,485,257500,273898,33.8,343.6,FALSE,FALSE
Greater Bendigo City,Regional Victoria,2023,Vacant Land,266,274500,290628,6.6,366.2,FALSE,FALSE
Greater Bendigo City,Regional Victoria,2024,Vacant Land,300,277000,290779,0.91,369.6,FALSE,FALSE
Greater Bendigo City,Regional Victoria,2025,Vacant Land,47,263000,263604,-5.05,350.9,FALSE,TRUE
Greater Dandenong City,Metro Melbourne,2004,House,1621,240000,256841,,100,FALSE,FALSE
Greater Dandenong City,Metro Melbourne,2005,House,1753,248000,259613,3.33,103.3,FALSE,FALSE
Greater Dandenong City,Metro Melbourne,2006,House,1598,261500,279682,5.44,109,FALSE,FALSE
Greater Dandenong City,Metro Melbourne,2007,House,1909,290000,313732,10.9,120.8,FALSE,FALSE
Greater Dandenong City,Metro Melbourne,2008,House,1364,335000,355479,15.52,139.6,FALSE,FALSE
Greater Dandenong City,Metro Melbourne,2009,House,1731,361000,383871,7.76,150.4,FALSE,FALSE
Greater Dandenong City,Metro Melbourne,2010,House,1452,425000,456863,17.73,177.1,FALSE,FALSE
Greater Dandenong City,Metro Melbourne,2011,House,1304,420000,445863,-1.18,175,FALSE,FALSE
Greater Dandenong City,Metro Melbourne,2012,House,1188,400000,428498,-4.76,166.7,FALSE,FALSE
Greater Dandenong City,Metro Melbourne,2013,House,1488,420000,440351,5,175,FALSE,FALSE
Greater Dandenong City,Metro Melbourne,2014,House,1791,456000,484027,8.57,190,FALSE,FALSE
Greater Dandenong City,Metro Melbourne,2015,House,1762,530775,562883,16.4,221.2,FALSE,FALSE
Greater Dandenong City,Metro Melbourne,2016,House,1698,610000,642669,14.93,254.2,FALSE,FALSE
Greater Dandenong City,Metro Melbourne,2017,House,1586,685000,717642,12.3,285.4,FALSE,FALSE
Greater Dandenong City,Metro Melbourne,2018,House,1101,700000,737109,2.19,291.7,FALSE,FALSE
Greater Dandenong City,Metro Melbourne,2019,House,1168,650000,693988,-7.14,270.8,FALSE,FALSE
Greater Dandenong City,Metro Melbourne,2020,House,997,700000,735275,7.69,291.7,FALSE,FALSE
Greater Dandenong City,Metro Melbourne,2021,House,1662,778500,821785,11.21,324.4,FALSE,FALSE
Greater Dandenong City,Metro Melbourne,2022,House,1259,802500,865725,3.08,334.4,FALSE,FALSE
Greater Dandenong City,Metro Melbourne,2023,House,1124,786796,851336,-1.96,327.8,FALSE,FALSE
Greater Dandenong City,Metro Melbourne,2024,House,1160,811500,863286,3.14,338.1,FALSE,FALSE
Greater Dandenong City,Metro Melbourne,2025,House,141,765000,794339,-5.73,318.8,FALSE,TRUE
Greater Dandenong City,Metro Melbourne,2004,Unit/Apartment,928,180000,191260,,100,FALSE,FALSE
Greater Dandenong City,Metro Melbourne,2005,Unit/Apartment,1020,185500,201006,3.06,103.1,FALSE,FALSE
Greater Dandenong City,Metro Melbourne,2006,Unit/Apartment,971,200000,217279,7.82,111.1,FALSE,FALSE
Greater Dandenong City,Metro Melbourne,2007,Unit/Apartment,1360,225000,249079,12.5,125,FALSE,FALSE
Greater Dandenong City,Metro Melbourne,2008,Unit/Apartment,1020,250000,262446,11.11,138.9,FALSE,FALSE
Greater Dandenong City,Metro Melbourne,2009,Unit/Apartment,1327,285000,292288,14,158.3,FALSE,FALSE
Greater Dandenong City,Metro Melbourne,2010,Unit/Apartment,976,315000,325672,10.53,175,FALSE,FALSE
Greater Dandenong City,Metro Melbourne,2011,Unit/Apartment,745,312500,312041,-0.79,173.6,FALSE,FALSE
Greater Dandenong City,Metro Melbourne,2012,Unit/Apartment,815,310000,312460,-0.8,172.2,FALSE,FALSE
Greater Dandenong City,Metro Melbourne,2013,Unit/Apartment,975,330000,330746,6.45,183.3,FALSE,FALSE
Greater Dandenong City,Metro Melbourne,2014,Unit/Apartment,1180,340000,350830,3.03,188.9,FALSE,FALSE
Greater Dandenong City,Metro Melbourne,2015,Unit/Apartment,1234,365000,385102,7.35,202.8,FALSE,FALSE
Greater Dandenong City,Metro Melbourne,2016,Unit/Apartment,1207,382000,389068,4.66,212.2,FALSE,FALSE
Greater Dandenong City,Metro Melbourne,2017,Unit/Apartment,1284,434250,432670,13.68,241.2,FALSE,FALSE
Greater Dandenong City,Metro Melbourne,2018,Unit/Apartment,929,450000,454190,3.63,250,FALSE,FALSE
Greater Dandenong City,Metro Melbourne,2019,Unit/Apartment,761,435000,442165,-3.33,241.7,FALSE,FALSE
Greater Dandenong City,Metro Melbourne,2020,Unit/Apartment,709,460000,464186,5.75,255.6,FALSE,FALSE
Greater Dandenong City,Metro Melbourne,2021,Unit/Apartment,1341,515000,511575,11.96,286.1,FALSE,FALSE
Greater Dandenong City,Metro Melbourne,2022,Unit/Apartment,1086,511055,504111,-0.77,283.9,FALSE,FALSE
Greater Dandenong City,Metro Melbourne,2023,Unit/Apartment,1041,508000,504720,-0.6,282.2,FALSE,FALSE
Greater Dandenong City,Metro Melbourne,2024,Unit/Apartment,1203,525000,519782,3.35,291.7,FALSE,FALSE
Greater Dandenong City,Metro Melbourne,2025,Unit/Apartment,154,435500,459930,-17.05,241.9,FALSE,TRUE
Greater Dandenong City,Metro Melbourne,2004,Vacant Land,230,219000,206374,,100,FALSE,FALSE
Greater Dandenong City,Metro Melbourne,2005,Vacant Land,220,221500,202299,1.14,101.1,FALSE,FALSE
Greater Dandenong City,Metro Melbourne,2006,Vacant Land,203,225000,211714,1.58,102.7,FALSE,FALSE
Greater Dandenong City,Metro Melbourne,2007,Vacant Land,174,210000,211638,-6.67,95.9,FALSE,FALSE
Greater Dandenong City,Metro Melbourne,2008,Vacant Land,46,199500,225438,-5,91.1,FALSE,FALSE
Greater Dandenong City,Metro Melbourne,2009,Vacant Land,353,210000,232501,5.26,95.9,FALSE,FALSE
Greater Dandenong City,Metro Melbourne,2010,Vacant Land,308,305000,286152,45.24,139.3,FALSE,FALSE
Greater Dandenong City,Metro Melbourne,2011,Vacant Land,286,305000,303260,0,139.3,FALSE,FALSE
Greater Dandenong City,Metro Melbourne,2012,Vacant Land,209,340000,317112,11.48,155.3,FALSE,FALSE
Greater Dandenong City,Metro Melbourne,2013,Vacant Land,311,357500,354507,5.15,163.2,FALSE,FALSE
Greater Dandenong City,Metro Melbourne,2014,Vacant Land,392,377500,383197,5.59,172.4,FALSE,FALSE
Greater Dandenong City,Metro Melbourne,2015,Vacant Land,228,375000,362758,-0.66,171.2,FALSE,FALSE
Greater Dandenong City,Metro Melbourne,2016,Vacant Land,152,541042,520477,44.28,247.1,FALSE,FALSE
Greater Dandenong City,Metro Melbourne,2017,Vacant Land,154,569000,576585,5.17,259.8,FALSE,FALSE
Greater Dandenong City,Metro Melbourne,2018,Vacant Land,76,565000,607432,-0.7,258,FALSE,FALSE
Greater Dandenong City,Metro Melbourne,2019,Vacant Land,81,554400,610051,-1.88,253.2,FALSE,FALSE
Greater Dandenong City,Metro Melbourne,2020,Vacant Land,90,636587,663315,14.82,290.7,FALSE,FALSE
Greater Dandenong City,Metro Melbourne,2021,Vacant Land,81,656425,657870,3.12,299.7,FALSE,FALSE
Greater Dandenong City,Metro Melbourne,2022,Vacant Land,29,790000,829143,20.35,360.7,FALSE,FALSE
Greater Dandenong City,Metro Melbourne,2023,Vacant Land,20,725000,778698,-8.23,331.1,FALSE,FALSE
Greater Dandenong City,Metro Melbourne,2024,Vacant Land,34,655000,732205,-9.66,299.1,FALSE,FALSE
Greater Dandenong City,Metro Melbourne,2025,Vacant Land,3,800000,823333,22.14,365.3,FALSE,TRUE
Greater Geelong City,Regional Victoria,2004,House,4130,242000,265211,,100,FALSE,FALSE
Greater Geelong City,Regional Victoria,2005,House,3992,250000,278032,3.31,103.3,FALSE,FALSE
Greater Geelong City,Regional Victoria,2006,House,3995,261250,296556,4.5,108,FALSE,FALSE
Greater Geelong City,Regional Victoria,2007,House,4747,275000,315471,5.26,113.6,FALSE,FALSE
Greater Geelong City,Regional Victoria,2008,House,3853,285000,318316,3.64,117.8,FALSE,FALSE
Greater Geelong City,Regional Victoria,2009,House,4324,303000,336844,6.32,125.2,FALSE,FALSE
Greater Geelong City,Regional Victoria,2010,House,4049,346000,388676,14.19,143,FALSE,FALSE
Greater Geelong City,Regional Victoria,2011,House,3717,360000,404571,4.05,148.8,FALSE,FALSE
Greater Geelong City,Regional Victoria,2012,House,3554,360000,402932,0,148.8,FALSE,FALSE
Greater Geelong City,Regional Victoria,2013,House,3801,375000,417092,4.17,155,FALSE,FALSE
Greater Geelong City,Regional Victoria,2014,House,4070,390000,440245,4,161.2,FALSE,FALSE
Greater Geelong City,Regional Victoria,2015,House,4405,402000,456306,3.08,166.1,FALSE,FALSE
Greater Geelong City,Regional Victoria,2016,House,4751,425000,481868,5.72,175.6,FALSE,FALSE
Greater Geelong City,Regional Victoria,2017,House,4949,479000,537804,12.71,197.9,FALSE,FALSE
Greater Geelong City,Regional Victoria,2018,House,4560,540000,601324,12.73,223.1,FALSE,FALSE
Greater Geelong City,Regional Victoria,2019,House,4182,546000,607487,1.11,225.6,FALSE,FALSE
Greater Geelong City,Regional Victoria,2020,House,4446,591000,680258,8.24,244.2,FALSE,FALSE
Greater Geelong City,Regional Victoria,2021,House,5692,710000,811477,20.14,293.4,FALSE,FALSE
Greater Geelong City,Regional Victoria,2022,House,4384,750000,890516,5.63,309.9,FALSE,FALSE
Greater Geelong City,Regional Victoria,2023,House,4202,715000,826011,-4.67,295.5,FALSE,FALSE
Greater Geelong City,Regional Victoria,2024,House,4852,695000,789297,-2.8,287.2,FALSE,FALSE
Greater Geelong City,Regional Victoria,2025,House,698,650000,715896,-6.47,268.6,FALSE,TRUE
Greater Geelong City,Regional Victoria,2004,Unit/Apartment,986,201000,231699,,100,FALSE,FALSE
Greater Geelong City,Regional Victoria,2005,Unit/Apartment,938,215000,238846,6.97,107,FALSE,FALSE
Greater Geelong City,Regional Victoria,2006,Unit/Apartment,956,225000,267686,4.65,111.9,FALSE,FALSE
Greater Geelong City,Regional Victoria,2007,Unit/Apartment,1228,230000,273089,2.22,114.4,FALSE,FALSE
Greater Geelong City,Regional Victoria,2008,Unit/Apartment,1059,242500,279246,5.43,120.6,FALSE,FALSE
Greater Geelong City,Regional Victoria,2009,Unit/Apartment,1439,250002,274230,3.09,124.4,FALSE,FALSE
Greater Geelong City,Regional Victoria,2010,Unit/Apartment,1329,275000,319491,10,136.8,FALSE,FALSE
Greater Geelong City,Regional Victoria,2011,Unit/Apartment,1118,300000,355617,9.09,149.3,FALSE,FALSE
Greater Geelong City,Regional Victoria,2012,Unit/Apartment,1096,287000,327428,-4.33,142.8,FALSE,FALSE
Greater Geelong City,Regional Victoria,2013,Unit/Apartment,1092,295000,334491,2.79,146.8,FALSE,FALSE
Greater Geelong City,Regional Victoria,2014,Unit/Apartment,1094,306000,348265,3.73,152.2,FALSE,FALSE
Greater Geelong City,Regional Victoria,2015,Unit/Apartment,1089,316500,366236,3.43,157.5,FALSE,FALSE
Greater Geelong City,Regional Victoria,2016,Unit/Apartment,1228,329000,384780,3.95,163.7,FALSE,FALSE
Greater Geelong City,Regional Victoria,2017,Unit/Apartment,1450,370000,431595,12.46,184.1,FALSE,FALSE
Greater Geelong City,Regional Victoria,2018,Unit/Apartment,1116,392000,442357,5.95,195,FALSE,FALSE
Greater Geelong City,Regional Victoria,2019,Unit/Apartment,939,412000,466651,5.1,205,FALSE,FALSE
Greater Geelong City,Regional Victoria,2020,Unit/Apartment,987,451288,513529,9.54,224.5,FALSE,FALSE
Greater Geelong City,Regional Victoria,2021,Unit/Apartment,1319,520000,601974,15.23,258.7,FALSE,FALSE
Greater Geelong City,Regional Victoria,2022,Unit/Apartment,929,545000,621306,4.81,271.1,FALSE,FALSE
Greater Geelong City,Regional Victoria,2023,Unit/Apartment,853,520000,595382,-4.59,258.7,FALSE,FALSE
Greater Geelong City,Regional Victoria,2024,Unit/Apartment,983,510000,565288,-1.92,253.7,FALSE,FALSE
Greater Geelong City,Regional Victoria,2025,Unit/Apartment,170,495000,522126,-2.94,246.3,FALSE,TRUE
Greater Geelong City,Regional Victoria,2004,Vacant Land,1018,125000,129343,,100,FALSE,FALSE
Greater Geelong City,Regional Victoria,2005,Vacant Land,948,132000,139016,5.6,105.6,FALSE,FALSE
Greater Geelong City,Regional Victoria,2006,Vacant Land,966,134250,147388,1.7,107.4,FALSE,FALSE
Greater Geelong City,Regional Victoria,2007,Vacant Land,1019,142000,151953,5.77,113.6,FALSE,FALSE
Greater Geelong City,Regional Victoria,2008,Vacant Land,884,149000,155858,4.93,119.2,FALSE,FALSE
Greater Geelong City,Regional Victoria,2009,Vacant Land,1402,156000,165390,4.7,124.8,FALSE,FALSE
Greater Geelong City,Regional Victoria,2010,Vacant Land,1576,174500,189287,11.86,139.6,FALSE,FALSE
Greater Geelong City,Regional Victoria,2011,Vacant Land,1607,182000,197378,4.3,145.6,FALSE,FALSE
Greater Geelong City,Regional Victoria,2012,Vacant Land,1399,180000,195635,-1.1,144,FALSE,FALSE
Greater Geelong City,Regional Victoria,2013,Vacant Land,1489,181000,196234,0.56,144.8,FALSE,FALSE
Greater Geelong City,Regional Victoria,2014,Vacant Land,1785,179000,193118,-1.1,143.2,FALSE,FALSE
Greater Geelong City,Regional Victoria,2015,Vacant Land,2025,186000,198169,3.91,148.8,FALSE,FALSE
Greater Geelong City,Regional Victoria,2016,Vacant Land,2440,187000,202037,0.54,149.6,FALSE,FALSE
Greater Geelong City,Regional Victoria,2017,Vacant Land,4173,200000,214962,6.95,160,FALSE,FALSE
Greater Geelong City,Regional Victoria,2018,Vacant Land,3416,245000,256927,22.5,196,FALSE,FALSE
Greater Geelong City,Regional Victoria,2019,Vacant Land,1667,274500,295394,12.04,219.6,FALSE,FALSE
Greater Geelong City,Regional Victoria,2020,Vacant Land,3386,282000,307776,2.73,225.6,FALSE,FALSE
Greater Geelong City,Regional Victoria,2021,Vacant Land,5648,308000,331799,9.22,246.4,FALSE,FALSE
Greater Geelong City,Regional Victoria,2022,Vacant Land,1610,377250,408541,22.48,301.8,FALSE,FALSE
Greater Geelong City,Regional Victoria,2023,Vacant Land,768,370000,413907,-1.92,296,FALSE,FALSE
Greater Geelong City,Regional Victoria,2024,Vacant Land,865,370000,397198,0,296,FALSE,FALSE
Greater Geelong City,Regional Victoria,2025,Vacant Land,106,346000,358317,-6.49,276.8,FALSE,TRUE
Greater Shepparton City,Regional Victoria,2004,House,919,191000,207973,,100,FALSE,FALSE
Greater Shepparton City,Regional Victoria,2005,House,869,203000,219310,6.28,106.3,FALSE,FALSE
Greater Shepparton City,Regional Victoria,2006,House,852,230000,242457,13.3,120.4,FALSE,FALSE
Greater Shepparton City,Regional Victoria,2007,House,848,226000,242779,-1.74,118.3,FALSE,FALSE
Greater Shepparton City,Regional Victoria,2008,House,703,225002,244387,-0.44,117.8,FALSE,FALSE
Greater Shepparton City,Regional Victoria,2009,House,843,225500,238485,0.22,118.1,FALSE,FALSE
Greater Shepparton City,Regional Victoria,2010,House,673,250000,263744,10.86,130.9,FALSE,FALSE
Greater Shepparton City,Regional Victoria,2011,House,660,240000,258511,-4,125.7,FALSE,FALSE
Greater Shepparton City,Regional Victoria,2012,House,639,240000,253385,0,125.7,FALSE,FALSE
Greater Shepparton City,Regional Victoria,2013,House,668,248000,267073,3.33,129.8,FALSE,FALSE
Greater Shepparton City,Regional Victoria,2014,House,705,248000,267783,0,129.8,FALSE,FALSE
Greater Shepparton City,Regional Victoria,2015,House,901,250000,269562,0.81,130.9,FALSE,FALSE
Greater Shepparton City,Regional Victoria,2016,House,816,265000,279886,6,138.7,FALSE,FALSE
Greater Shepparton City,Regional Victoria,2017,House,939,269000,286171,1.51,140.8,FALSE,FALSE
Greater Shepparton City,Regional Victoria,2018,House,947,278000,300265,3.35,145.5,FALSE,FALSE
Greater Shepparton City,Regional Victoria,2019,House,829,295000,317858,6.12,154.5,FALSE,FALSE
Greater Shepparton City,Regional Victoria,2020,House,979,325000,339135,10.17,170.2,FALSE,FALSE
Greater Shepparton City,Regional Victoria,2021,House,1169,376000,401338,15.69,196.9,FALSE,FALSE
Greater Shepparton City,Regional Victoria,2022,House,960,445000,483477,18.35,233,FALSE,FALSE
Greater Shepparton City,Regional Victoria,2023,House,798,460000,485475,3.37,240.8,FALSE,FALSE
Greater Shepparton City,Regional Victoria,2024,House,1002,480000,511285,4.35,251.3,FALSE,FALSE
Greater Shepparton City,Regional Victoria,2025,House,195,484500,500059,0.94,253.7,FALSE,TRUE
Greater Shepparton City,Regional Victoria,2004,Unit/Apartment,188,172000,174846,,100,FALSE,FALSE
Greater Shepparton City,Regional Victoria,2005,Unit/Apartment,162,169500,174774,-1.45,98.5,FALSE,FALSE
Greater Shepparton City,Regional Victoria,2006,Unit/Apartment,154,191000,201948,12.68,111,FALSE,FALSE
Greater Shepparton City,Regional Victoria,2007,Unit/Apartment,150,191000,204459,0,111,FALSE,FALSE
Greater Shepparton City,Regional Victoria,2008,Unit/Apartment,127,185000,209807,-3.14,107.6,FALSE,FALSE
Greater Shepparton City,Regional Victoria,2009,Unit/Apartment,154,190000,196412,2.7,110.5,FALSE,FALSE
Greater Shepparton City,Regional Victoria,2010,Unit/Apartment,123,185000,206816,-2.63,107.6,FALSE,FALSE
Greater Shepparton City,Regional Victoria,2011,Unit/Apartment,104,199500,200818,7.84,116,FALSE,FALSE
Greater Shepparton City,Regional Victoria,2012,Unit/Apartment,95,198500,214925,-0.5,115.4,FALSE,FALSE
Greater Shepparton City,Regional Victoria,2013,Unit/Apartment,108,188500,211868,-5.04,109.6,FALSE,FALSE
Greater Shepparton City,Regional Victoria,2014,Unit/Apartment,116,198375,195340,5.24,115.3,FALSE,FALSE
Greater Shepparton City,Regional Victoria,2015,Unit/Apartment,107,203000,211702,2.33,118,FALSE,FALSE
Greater Shepparton City,Regional Victoria,2016,Unit/Apartment,107,194000,236350,-4.43,112.8,FALSE,FALSE
Greater Shepparton City,Regional Victoria,2017,Unit/Apartment,135,195000,217485,0.52,113.4,FALSE,FALSE
Greater Shepparton City,Regional Victoria,2018,Unit/Apartment,136,185500,224266,-4.87,107.8,FALSE,FALSE
Greater Shepparton City,Regional Victoria,2019,Unit/Apartment,139,228000,261876,22.91,132.6,FALSE,FALSE
Greater Shepparton City,Regional Victoria,2020,Unit/Apartment,112,220000,243685,-3.51,127.9,FALSE,FALSE
Greater Shepparton City,Regional Victoria,2021,Unit/Apartment,171,263000,288160,19.55,152.9,FALSE,FALSE
Greater Shepparton City,Regional Victoria,2022,Unit/Apartment,156,330000,350397,25.48,191.9,FALSE,FALSE
Greater Shepparton City,Regional Victoria,2023,Unit/Apartment,91,320000,339446,-3.03,186,FALSE,FALSE
Greater Shepparton City,Regional Victoria,2024,Unit/Apartment,104,350000,389123,9.38,203.5,FALSE,FALSE
Greater Shepparton City,Regional Victoria,2025,Unit/Apartment,17,375000,425529,7.14,218,FALSE,TRUE
Greater Shepparton City,Regional Victoria,2004,Vacant Land,366,89000,92051,,100,FALSE,FALSE
Greater Shepparton City,Regional Victoria,2005,Vacant Land,341,95000,95888,6.74,106.7,FALSE,FALSE
Greater Shepparton City,Regional Victoria,2006,Vacant Land,378,99500,100373,4.74,111.8,FALSE,FALSE
Greater Shepparton City,Regional Victoria,2007,Vacant Land,304,99877,103437,0.38,112.2,FALSE,FALSE
Greater Shepparton City,Regional Victoria,2008,Vacant Land,228,101000,102394,1.12,113.5,FALSE,FALSE
Greater Shepparton City,Regional Victoria,2009,Vacant Land,407,102500,102116,1.49,115.2,FALSE,FALSE
Greater Shepparton City,Regional Victoria,2010,Vacant Land,335,115000,113812,12.2,129.2,FALSE,FALSE
Greater Shepparton City,Regional Victoria,2011,Vacant Land,266,111500,113782,-3.04,125.3,FALSE,FALSE
Greater Shepparton City,Regional Victoria,2012,Vacant Land,257,109000,116257,-2.24,122.5,FALSE,FALSE
Greater Shepparton City,Regional Victoria,2013,Vacant Land,230,110000,115158,0.92,123.6,FALSE,FALSE
Greater Shepparton City,Regional Victoria,2014,Vacant Land,321,115000,123694,4.55,129.2,FALSE,FALSE
Greater Shepparton City,Regional Victoria,2015,Vacant Land,268,123000,124425,6.96,138.2,FALSE,FALSE
Greater Shepparton City,Regional Victoria,2016,Vacant Land,286,127000,132546,3.25,142.7,FALSE,FALSE
Greater Shepparton City,Regional Victoria,2017,Vacant Land,363,125000,123965,-1.57,140.4,FALSE,FALSE
Greater Shepparton City,Regional Victoria,2018,Vacant Land,438,129000,129887,3.2,144.9,FALSE,FALSE
Greater Shepparton City,Regional Victoria,2019,Vacant Land,344,135000,138948,4.65,151.7,FALSE,FALSE
Greater Shepparton City,Regional Victoria,2020,Vacant Land,633,146000,151691,8.15,164,FALSE,FALSE
Greater Shepparton City,Regional Victoria,2021,Vacant Land,747,177500,181823,21.58,199.4,FALSE,FALSE
Greater Shepparton City,Regional Victoria,2022,Vacant Land,407,220000,233542,23.94,247.2,FALSE,FALSE
Greater Shepparton City,Regional Victoria,2023,Vacant Land,174,270000,268806,22.73,303.4,FALSE,FALSE
Greater Shepparton City,Regional Victoria,2024,Vacant Land,197,260000,276191,-3.7,292.1,FALSE,FALSE
Greater Shepparton City,Regional Victoria,2025,Vacant Land,27,275000,281870,5.77,309,FALSE,TRUE
Hepburn Shire,Regional Victoria,2004,House,246,182500,211202,,100,FALSE,FALSE
Hepburn Shire,Regional Victoria,2005,House,223,198000,225221,8.49,108.5,FALSE,FALSE
Hepburn Shire,Regional Victoria,2006,House,230,215000,237777,8.59,117.8,FALSE,FALSE
Hepburn Shire,Regional Victoria,2007,House,291,215000,237323,0,117.8,FALSE,FALSE
Hepburn Shire,Regional Victoria,2008,House,233,230000,242758,6.98,126,FALSE,FALSE
Hepburn Shire,Regional Victoria,2009,House,279,242000,266159,5.22,132.6,FALSE,FALSE
Hepburn Shire,Regional Victoria,2010,House,249,265000,305641,9.5,145.2,FALSE,FALSE
Hepburn Shire,Regional Victoria,2011,House,244,280000,305653,5.66,153.4,FALSE,FALSE
Hepburn Shire,Regional Victoria,2012,House,197,300000,320589,7.14,164.4,FALSE,FALSE
Hepburn Shire,Regional Victoria,2013,House,269,300000,326470,0,164.4,FALSE,FALSE
Hepburn Shire,Regional Victoria,2014,House,259,335000,365423,11.67,183.6,FALSE,FALSE
Hepburn Shire,Regional Victoria,2015,House,255,350400,374127,4.6,192,FALSE,FALSE
Hepburn Shire,Regional Victoria,2016,House,283,377000,416663,7.59,206.6,FALSE,FALSE
Hepburn Shire,Regional Victoria,2017,House,290,406250,448366,7.76,222.6,FALSE,FALSE
Hepburn Shire,Regional Victoria,2018,House,286,445000,500946,9.54,243.8,FALSE,FALSE
Hepburn Shire,Regional Victoria,2019,House,253,480000,517474,7.87,263,FALSE,FALSE
Hepburn Shire,Regional Victoria,2020,House,287,520000,589784,8.33,284.9,FALSE,FALSE
Hepburn Shire,Regional Victoria,2021,House,314,710000,739633,36.54,389,FALSE,FALSE
Hepburn Shire,Regional Victoria,2022,House,255,800000,867928,12.68,438.4,FALSE,FALSE
Hepburn Shire,Regional Victoria,2023,House,211,740000,814991,-7.5,405.5,FALSE,FALSE
Hepburn Shire,Regional Victoria,2024,House,228,670000,773206,-9.46,367.1,FALSE,FALSE
Hepburn Shire,Regional Victoria,2025,House,30,644000,716766,-3.88,352.9,FALSE,TRUE
Hepburn Shire,Regional Victoria,2004,Unit/Apartment,14,205000,226907,,100,FALSE,FALSE
Hepburn Shire,Regional Victoria,2005,Unit/Apartment,20,346500,334337,69.02,169,FALSE,FALSE
Hepburn Shire,Regional Victoria,2006,Unit/Apartment,22,262500,294191,-24.24,128,FALSE,FALSE
Hepburn Shire,Regional Victoria,2007,Unit/Apartment,44,234500,260733,-10.67,114.4,FALSE,FALSE
Hepburn Shire,Regional Victoria,2008,Unit/Apartment,23,276665,273870,17.98,135,FALSE,FALSE
Hepburn Shire,Regional Victoria,2009,Unit/Apartment,40,225000,252769,-18.67,109.8,FALSE,FALSE
Hepburn Shire,Regional Victoria,2010,Unit/Apartment,47,238000,273600,5.78,116.1,FALSE,FALSE
Hepburn Shire,Regional Victoria,2011,Unit/Apartment,23,285000,291956,19.75,139,FALSE,FALSE
Hepburn Shire,Regional Victoria,2012,Unit/Apartment,25,285000,279874,0,139,FALSE,FALSE
Hepburn Shire,Regional Victoria,2013,Unit/Apartment,19,255000,265157,-10.53,124.4,FALSE,FALSE
Hepburn Shire,Regional Victoria,2014,Unit/Apartment,25,275000,266460,7.84,134.1,FALSE,FALSE
Hepburn Shire,Regional Victoria,2015,Unit/Apartment,30,315000,346356,14.55,153.7,FALSE,FALSE
Hepburn Shire,Regional Victoria,2016,Unit/Apartment,26,284500,288503,-9.68,138.8,FALSE,FALSE
Hepburn Shire,Regional Victoria,2017,Unit/Apartment,26,347500,335442,22.14,169.5,FALSE,FALSE
Hepburn Shire,Regional Victoria,2018,Unit/Apartment,24,402500,401406,15.83,196.3,FALSE,FALSE
Hepburn Shire,Regional Victoria,2019,Unit/Apartment,22,535500,594227,33.04,261.2,FALSE,FALSE
Hepburn Shire,Regional Victoria,2020,Unit/Apartment,24,385000,421420,-28.1,187.8,FALSE,FALSE
Hepburn Shire,Regional Victoria,2021,Unit/Apartment,22,518500,535338,34.68,252.9,FALSE,FALSE
Hepburn Shire,Regional Victoria,2022,Unit/Apartment,22,610000,615410,17.65,297.6,FALSE,FALSE
Hepburn Shire,Regional Victoria,2023,Unit/Apartment,22,585000,636659,-4.1,285.4,FALSE,FALSE
Hepburn Shire,Regional Victoria,2024,Unit/Apartment,15,535000,588266,-8.55,261,FALSE,FALSE
Hepburn Shire,Regional Victoria,2025,Unit/Apartment,2,612500,612500,14.49,298.8,FALSE,TRUE
Hepburn Shire,Regional Victoria,2004,Vacant Land,76,66500,67261,,100,FALSE,FALSE
Hepburn Shire,Regional Victoria,2005,Vacant Land,55,70000,78548,5.26,105.3,FALSE,FALSE
Hepburn Shire,Regional Victoria,2006,Vacant Land,51,80000,86296,14.29,120.3,FALSE,FALSE
Hepburn Shire,Regional Victoria,2007,Vacant Land,67,84000,79776,5,126.3,FALSE,FALSE
Hepburn Shire,Regional Victoria,2008,Vacant Land,44,80000,78623,-4.76,120.3,FALSE,FALSE
Hepburn Shire,Regional Victoria,2009,Vacant Land,66,97500,98765,21.88,146.6,FALSE,FALSE
Hepburn Shire,Regional Victoria,2010,Vacant Land,81,105000,107587,7.69,157.9,FALSE,FALSE
Hepburn Shire,Regional Victoria,2011,Vacant Land,79,115000,118311,9.52,172.9,FALSE,FALSE
Hepburn Shire,Regional Victoria,2012,Vacant Land,66,122500,120346,6.52,184.2,FALSE,FALSE
Hepburn Shire,Regional Victoria,2013,Vacant Land,67,114000,115688,-6.94,171.4,FALSE,FALSE
Hepburn Shire,Regional Victoria,2014,Vacant Land,65,130000,130779,14.04,195.5,FALSE,FALSE
Hepburn Shire,Regional Victoria,2015,Vacant Land,69,132000,121568,1.54,198.5,FALSE,FALSE
Hepburn Shire,Regional Victoria,2016,Vacant Land,72,153500,155435,16.29,230.8,FALSE,FALSE
Hepburn Shire,Regional Victoria,2017,Vacant Land,78,150000,165606,-2.28,225.6,FALSE,FALSE
Hepburn Shire,Regional Victoria,2018,Vacant Land,90,186250,214308,24.17,280.1,FALSE,FALSE
Hepburn Shire,Regional Victoria,2019,Vacant Land,74,180000,202820,-3.36,270.7,FALSE,FALSE
Hepburn Shire,Regional Victoria,2020,Vacant Land,127,235000,262608,30.56,353.4,FALSE,FALSE
Hepburn Shire,Regional Victoria,2021,Vacant Land,166,350000,345099,48.94,526.3,FALSE,FALSE
Hepburn Shire,Regional Victoria,2022,Vacant Land,65,385000,374040,10,578.9,FALSE,FALSE
Hepburn Shire,Regional Victoria,2023,Vacant Land,55,325000,343318,-15.58,488.7,FALSE,FALSE
Hepburn Shire,Regional Victoria,2024,Vacant Land,68,247500,422210,-23.85,372.2,FALSE,FALSE
Hepburn Shire,Regional Victoria,2025,Vacant Land,9,240000,275333,-3.03,360.9,FALSE,TRUE
Hindmarsh Shire,Regional Victoria,2004,House,125,65000,75711,,100,FALSE,FALSE
Hindmarsh Shire,Regional Victoria,2005,House,147,80000,98579,23.08,123.1,FALSE,FALSE
Hindmarsh Shire,Regional Victoria,2006,House,118,81000,93145,1.25,124.6,FALSE,FALSE
Hindmarsh Shire,Regional Victoria,2007,House,110,80000,96821,-1.23,123.1,FALSE,FALSE
Hindmarsh Shire,Regional Victoria,2008,House,101,78500,102865,-1.88,120.8,FALSE,FALSE
Hindmarsh Shire,Regional Victoria,2009,House,107,90000,113370,14.65,138.5,FALSE,FALSE
Hindmarsh Shire,Regional Victoria,2010,House,87,82500,97162,-8.33,126.9,FALSE,FALSE
Hindmarsh Shire,Regional Victoria,2011,House,65,105000,111876,27.27,161.5,FALSE,FALSE
Hindmarsh Shire,Regional Victoria,2012,House,93,84000,97741,-20,129.2,FALSE,FALSE
Hindmarsh Shire,Regional Victoria,2013,House,127,89000,103788,5.95,136.9,FALSE,FALSE
Hindmarsh Shire,Regional Victoria,2014,House,101,90000,111766,1.12,138.5,FALSE,FALSE
Hindmarsh Shire,Regional Victoria,2015,House,119,105000,116649,16.67,161.5,FALSE,FALSE
Hindmarsh Shire,Regional Victoria,2016,House,90,124250,133579,18.33,191.2,FALSE,FALSE
Hindmarsh Shire,Regional Victoria,2017,House,86,108750,134417,-12.47,167.3,FALSE,FALSE
Hindmarsh Shire,Regional Victoria,2018,House,118,120000,138141,10.34,184.6,FALSE,FALSE
Hindmarsh Shire,Regional Victoria,2019,House,97,106000,129074,-11.67,163.1,FALSE,FALSE
Hindmarsh Shire,Regional Victoria,2020,House,118,125000,144576,17.92,192.3,FALSE,FALSE
Hindmarsh Shire,Regional Victoria,2021,House,140,155500,172023,24.4,239.2,FALSE,FALSE
Hindmarsh Shire,Regional Victoria,2022,House,124,200000,232818,28.62,307.7,FALSE,FALSE
Hindmarsh Shire,Regional Victoria,2023,House,100,209000,232009,4.5,321.5,FALSE,FALSE
Hindmarsh Shire,Regional Victoria,2024,House,132,248000,274325,18.66,381.5,FALSE,FALSE
Hindmarsh Shire,Regional Victoria,2025,House,19,260000,236894,4.84,400,FALSE,TRUE
Hindmarsh Shire,Regional Victoria,2004,Unit/Apartment,5,125000,133950,,100,FALSE,FALSE
Hindmarsh Shire,Regional Victoria,2005,Unit/Apartment,5,126000,128800,0.8,100.8,FALSE,FALSE
Hindmarsh Shire,Regional Victoria,2006,Unit/Apartment,7,130000,145892,3.17,104,FALSE,FALSE
Hindmarsh Shire,Regional Victoria,2007,Unit/Apartment,0,0,0,-100,0,FALSE,FALSE
Hindmarsh Shire,Regional Victoria,2008,Unit/Apartment,0,0,0,,0,FALSE,FALSE
Hindmarsh Shire,Regional Victoria,2009,Unit/Apartment,5,136000,130600,inf,108.8,FALSE,FALSE
Hindmarsh Shire,Regional Victoria,2010,Unit/Apartment,3,130000,132500,-4.41,104,FALSE,FALSE
Hindmarsh Shire,Regional Victoria,2011,Unit/Apartment,3,150000,161166,15.38,120,FALSE,FALSE
Hindmarsh Shire,Regional Victoria,2012,Unit/Apartment,4,127500,138750,-15,102,FALSE,FALSE
Hindmarsh Shire,Regional Victoria,2013,Unit/Apartment,5,132000,140100,3.53,105.6,FALSE,FALSE
Hindmarsh Shire,Regional Victoria,2014,Unit/Apartment,2,148500,148500,12.5,118.8,FALSE,FALSE
Hindmarsh Shire,Regional Victoria,2015,Unit/Apartment,2,149500,149500,0.67,119.6,FALSE,FALSE
Hindmarsh Shire,Regional Victoria,2016,Unit/Apartment,2,122000,122000,-18.39,97.6,FALSE,FALSE
Hindmarsh Shire,Regional Victoria,2017,Unit/Apartment,2,159000,159000,30.33,127.2,FALSE,FALSE
Hindmarsh Shire,Regional Victoria,2018,Unit/Apartment,4,149000,147625,-6.29,119.2,FALSE,FALSE
Hindmarsh Shire,Regional Victoria,2019,Unit/Apartment,4,172500,177500,15.77,138,FALSE,FALSE
Hindmarsh Shire,Regional Victoria,2020,Unit/Apartment,5,172500,185900,0,138,FALSE,FALSE
Hindmarsh Shire,Regional Victoria,2021,Unit/Apartment,2,135250,135250,-21.59,108.2,FALSE,FALSE
Hindmarsh Shire,Regional Victoria,2022,Unit/Apartment,4,205000,207500,51.57,164,FALSE,FALSE
Hindmarsh Shire,Regional Victoria,2023,Unit/Apartment,3,230000,476667,12.2,184,FALSE,FALSE
Hindmarsh Shire,Regional Victoria,2024,Unit/Apartment,4,327500,320000,42.39,262,FALSE,FALSE
Hindmarsh Shire,Regional Victoria,2025,Unit/Apartment,0,0,0,-100,0,FALSE,TRUE
Hindmarsh Shire,Regional Victoria,2004,Vacant Land,40,17128,18752,,100,FALSE,FALSE
Hindmarsh Shire,Regional Victoria,2005,Vacant Land,38,18500,18557,8.01,108,FALSE,FALSE
Hindmarsh Shire,Regional Victoria,2006,Vacant Land,25,9000,17468,-51.35,52.5,FALSE,FALSE
Hindmarsh Shire,Regional Victoria,2007,Vacant Land,23,12000,17108,33.33,70.1,FALSE,FALSE
Hindmarsh Shire,Regional Victoria,2008,Vacant Land,23,22000,21160,83.33,128.4,FALSE,FALSE
Hindmarsh Shire,Regional Victoria,2009,Vacant Land,17,25000,25535,13.64,146,FALSE,FALSE
Hindmarsh Shire,Regional Victoria,2010,Vacant Land,21,15000,18932,-40,87.6,FALSE,FALSE
Hindmarsh Shire,Regional Victoria,2011,Vacant Land,20,22875,44822,52.5,133.6,FALSE,FALSE
Hindmarsh Shire,Regional Victoria,2012,Vacant Land,21,30000,38662,31.15,175.2,FALSE,FALSE
Hindmarsh Shire,Regional Victoria,2013,Vacant Land,20,13275,26362,-55.75,77.5,FALSE,FALSE
Hindmarsh Shire,Regional Victoria,2014,Vacant Land,16,19250,31040,45.01,112.4,FALSE,FALSE
Hindmarsh Shire,Regional Victoria,2015,Vacant Land,11,29000,22818,50.65,169.3,FALSE,FALSE
Hindmarsh Shire,Regional Victoria,2016,Vacant Land,7,25000,23546,-13.79,146,FALSE,FALSE
Hindmarsh Shire,Regional Victoria,2017,Vacant Land,10,18750,22420,-25,109.5,FALSE,FALSE
Hindmarsh Shire,Regional Victoria,2018,Vacant Land,23,18000,24239,-4,105.1,FALSE,FALSE
Hindmarsh Shire,Regional Victoria,2019,Vacant Land,23,21500,22032,19.44,125.5,FALSE,FALSE
Hindmarsh Shire,Regional Victoria,2020,Vacant Land,20,20000,32500,-6.98,116.8,FALSE,FALSE
Hindmarsh Shire,Regional Victoria,2021,Vacant Land,29,29000,32500,45,169.3,FALSE,FALSE
Hindmarsh Shire,Regional Victoria,2022,Vacant Land,14,44475,54746,53.36,259.7,FALSE,FALSE
Hindmarsh Shire,Regional Victoria,2023,Vacant Land,14,40000,47274,-10.06,233.5,FALSE,FALSE
Hindmarsh Shire,Regional Victoria,2024,Vacant Land,16,55000,63187,37.5,321.1,FALSE,FALSE
Hindmarsh Shire,Regional Victoria,2025,Vacant Land,2,36000,36000,-34.55,210.2,FALSE,TRUE
Hobsons Bay City,Metro Melbourne,2004,House,1368,307750,356743,,100,FALSE,FALSE
Hobsons Bay City,Metro Melbourne,2005,House,1447,308000,381595,0.08,100.1,FALSE,FALSE
Hobsons Bay City,Metro Melbourne,2006,House,1453,335000,406743,8.77,108.9,FALSE,FALSE
Hobsons Bay City,Metro Melbourne,2007,House,1720,393225,483701,17.38,127.8,FALSE,FALSE
Hobsons Bay City,Metro Melbourne,2008,House,1288,417750,496247,6.24,135.7,FALSE,FALSE
Hobsons Bay City,Metro Melbourne,2009,House,1420,435000,516572,4.13,141.3,FALSE,FALSE
Hobsons Bay City,Metro Melbourne,2010,House,1357,535000,605079,22.99,173.8,FALSE,FALSE
Hobsons Bay City,Metro Melbourne,2011,House,1138,545000,634239,1.87,177.1,FALSE,FALSE
Hobsons Bay City,Metro Melbourne,2012,House,1087,529000,612749,-2.94,171.9,FALSE,FALSE
Hobsons Bay City,Metro Melbourne,2013,House,1327,570000,640573,7.75,185.2,FALSE,FALSE
Hobsons Bay City,Metro Melbourne,2014,House,1415,595000,661712,4.39,193.3,FALSE,FALSE
Hobsons Bay City,Metro Melbourne,2015,House,1467,675000,749968,13.45,219.3,FALSE,FALSE
Hobsons Bay City,Metro Melbourne,2016,House,1297,751000,831025,11.26,244,FALSE,FALSE
Hobsons Bay City,Metro Melbourne,2017,House,1252,867500,973398,15.51,281.9,FALSE,FALSE
Hobsons Bay City,Metro Melbourne,2018,House,1045,875000,990535,0.86,284.3,FALSE,FALSE
Hobsons Bay City,Metro Melbourne,2019,House,1167,830000,930287,-5.14,269.7,FALSE,FALSE
Hobsons Bay City,Metro Melbourne,2020,House,1002,855000,946367,3.01,277.8,FALSE,FALSE
Hobsons Bay City,Metro Melbourne,2021,House,1639,982500,1112735,14.91,319.3,FALSE,FALSE
Hobsons Bay City,Metro Melbourne,2022,House,1095,985600,1133480,0.32,320.3,FALSE,FALSE
Hobsons Bay City,Metro Melbourne,2023,House,967,940000,1108209,-4.63,305.4,FALSE,FALSE
Hobsons Bay City,Metro Melbourne,2024,House,1193,979500,1105667,4.2,318.3,FALSE,FALSE
Hobsons Bay City,Metro Melbourne,2025,House,104,866500,920862,-11.54,281.6,FALSE,TRUE
Hobsons Bay City,Metro Melbourne,2004,Unit/Apartment,388,242000,274857,,100,FALSE,FALSE
Hobsons Bay City,Metro Melbourne,2005,Unit/Apartment,486,249000,282322,2.89,102.9,FALSE,FALSE
Hobsons Bay City,Metro Melbourne,2006,Unit/Apartment,501,285000,317239,14.46,117.8,FALSE,FALSE
Hobsons Bay City,Metro Melbourne,2007,Unit/Apartment,736,297000,329088,4.21,122.7,FALSE,FALSE
Hobsons Bay City,Metro Melbourne,2008,Unit/Apartment,479,316000,358575,6.4,130.6,FALSE,FALSE
Hobsons Bay City,Metro Melbourne,2009,Unit/Apartment,651,368000,396509,16.46,152.1,FALSE,FALSE
Hobsons Bay City,Metro Melbourne,2010,Unit/Apartment,576,417250,447345,13.38,172.4,FALSE,FALSE
Hobsons Bay City,Metro Melbourne,2011,Unit/Apartment,504,430000,447661,3.06,177.7,FALSE,FALSE
Hobsons Bay City,Metro Melbourne,2012,Unit/Apartment,433,410000,435097,-4.65,169.4,FALSE,FALSE
Hobsons Bay City,Metro Melbourne,2013,Unit/Apartment,574,445000,467369,8.54,183.9,FALSE,FALSE
Hobsons Bay City,Metro Melbourne,2014,Unit/Apartment,668,467000,496978,4.94,193,FALSE,FALSE
Hobsons Bay City,Metro Melbourne,2015,Unit/Apartment,776,470000,512033,0.64,194.2,FALSE,FALSE
Hobsons Bay City,Metro Melbourne,2016,Unit/Apartment,772,530000,562216,12.77,219,FALSE,FALSE
Hobsons Bay City,Metro Melbourne,2017,Unit/Apartment,729,599999,628850,13.21,247.9,FALSE,FALSE
Hobsons Bay City,Metro Melbourne,2018,Unit/Apartment,561,620000,647750,3.33,256.2,FALSE,FALSE
Hobsons Bay City,Metro Melbourne,2019,Unit/Apartment,594,610000,648703,-1.61,252.1,FALSE,FALSE
Hobsons Bay City,Metro Melbourne,2020,Unit/Apartment,532,639250,655042,4.8,264.2,FALSE,FALSE
Hobsons Bay City,Metro Melbourne,2021,Unit/Apartment,959,655000,726415,2.46,270.7,FALSE,FALSE
Hobsons Bay City,Metro Melbourne,2022,Unit/Apartment,654,660000,718444,0.76,272.7,FALSE,FALSE
Hobsons Bay City,Metro Melbourne,2023,Unit/Apartment,681,685000,746092,3.79,283.1,FALSE,FALSE
Hobsons Bay City,Metro Melbourne,2024,Unit/Apartment,779,670000,700496,-2.19,276.9,FALSE,FALSE
Hobsons Bay City,Metro Melbourne,2025,Unit/Apartment,100,700000,708514,4.48,289.3,FALSE,TRUE
Hobsons Bay City,Metro Melbourne,2004,Vacant Land,42,135000,139786,,100,FALSE,FALSE
Hobsons Bay City,Metro Melbourne,2005,Vacant Land,21,140000,178100,3.7,103.7,FALSE,FALSE
Hobsons Bay City,Metro Melbourne,2006,Vacant Land,49,150000,162658,7.14,111.1,FALSE,FALSE
Hobsons Bay City,Metro Melbourne,2007,Vacant Land,76,155000,168925,3.33,114.8,FALSE,FALSE
Hobsons Bay City,Metro Melbourne,2008,Vacant Land,35,153000,138378,-1.29,113.3,FALSE,FALSE
Hobsons Bay City,Metro Melbourne,2009,Vacant Land,25,170000,194981,11.11,125.9,FALSE,FALSE
Hobsons Bay City,Metro Melbourne,2010,Vacant Land,26,207500,215534,22.06,153.7,FALSE,FALSE
Hobsons Bay City,Metro Melbourne,2011,Vacant Land,25,265000,269254,27.71,196.3,FALSE,FALSE
Hobsons Bay City,Metro Melbourne,2012,Vacant Land,24,270000,285391,1.89,200,FALSE,FALSE
Hobsons Bay City,Metro Melbourne,2013,Vacant Land,37,305000,330064,12.96,225.9,FALSE,FALSE
Hobsons Bay City,Metro Melbourne,2014,Vacant Land,20,319250,422297,4.67,236.5,FALSE,FALSE
Hobsons Bay City,Metro Melbourne,2015,Vacant Land,24,396000,431722,24.04,293.3,FALSE,FALSE
Hobsons Bay City,Metro Melbourne,2016,Vacant Land,32,431840,474387,9.05,319.9,FALSE,FALSE
Hobsons Bay City,Metro Melbourne,2017,Vacant Land,86,517700,532261,19.88,383.5,FALSE,FALSE
Hobsons Bay City,Metro Melbourne,2018,Vacant Land,43,513000,488663,-0.91,380,FALSE,FALSE
Hobsons Bay City,Metro Melbourne,2019,Vacant Land,18,597750,738751,16.52,442.8,FALSE,FALSE
Hobsons Bay City,Metro Melbourne,2020,Vacant Land,41,590000,635586,-1.3,437,FALSE,FALSE
Hobsons Bay City,Metro Melbourne,2021,Vacant Land,35,679800,870334,15.22,503.6,FALSE,FALSE
Hobsons Bay City,Metro Melbourne,2022,Vacant Land,27,614000,699543,-9.68,454.8,FALSE,FALSE
Hobsons Bay City,Metro Melbourne,2023,Vacant Land,28,515143,578635,-16.1,381.6,FALSE,FALSE
Hobsons Bay City,Metro Melbourne,2024,Vacant Land,21,650000,846882,26.18,481.5,FALSE,FALSE
Hobsons Bay City,Metro Melbourne,2025,Vacant Land,3,560000,566666,-13.85,414.8,FALSE,TRUE
Horsham Rural City,Regional Victoria,2004,House,437,155000,165181,,100,FALSE,FALSE
Horsham Rural City,Regional Victoria,2005,House,350,167250,183101,7.9,107.9,FALSE,FALSE
Horsham Rural City,Regional Victoria,2006,House,318,167850,187928,0.36,108.3,FALSE,FALSE
Horsham Rural City,Regional Victoria,2007,House,407,173000,189362,3.07,111.6,FALSE,FALSE
Horsham Rural City,Regional Victoria,2008,House,381,177500,198518,2.6,114.5,FALSE,FALSE
Horsham Rural City,Regional Victoria,2009,House,411,178000,190557,0.28,114.8,FALSE,FALSE
Horsham Rural City,Regional Victoria,2010,House,342,185000,203692,3.93,119.4,FALSE,FALSE
Horsham Rural City,Regional Victoria,2011,House,293,210000,226312,13.51,135.5,FALSE,FALSE
Horsham Rural City,Regional Victoria,2012,House,341,220000,231852,4.76,141.9,FALSE,FALSE
Horsham Rural City,Regional Victoria,2013,House,376,210500,222873,-4.32,135.8,FALSE,FALSE
Horsham Rural City,Regional Victoria,2014,House,347,210000,229596,-0.24,135.5,FALSE,FALSE
Horsham Rural City,Regional Victoria,2015,House,331,239950,252806,14.26,154.8,FALSE,FALSE
Horsham Rural City,Regional Victoria,2016,House,305,240000,258634,0.02,154.8,FALSE,FALSE
Horsham Rural City,Regional Victoria,2017,House,312,263750,275492,9.9,170.2,FALSE,FALSE
Horsham Rural City,Regional Victoria,2018,House,327,252500,269324,-4.27,162.9,FALSE,FALSE
Horsham Rural City,Regional Victoria,2019,House,318,265000,281734,4.95,171,FALSE,FALSE
Horsham Rural City,Regional Victoria,2020,House,390,265000,284705,0,171,FALSE,FALSE
Horsham Rural City,Regional Victoria,2021,House,450,345000,366939,30.19,222.6,FALSE,FALSE
Horsham Rural City,Regional Victoria,2022,House,349,380000,411563,10.14,245.2,FALSE,FALSE
Horsham Rural City,Regional Victoria,2023,House,317,400000,430844,5.26,258.1,FALSE,FALSE
Horsham Rural City,Regional Victoria,2024,House,353,385000,423822,-3.75,248.4,FALSE,FALSE
Horsham Rural City,Regional Victoria,2025,House,41,447000,476252,16.1,288.4,FALSE,TRUE
Horsham Rural City,Regional Victoria,2004,Unit/Apartment,66,178975,183717,,100,FALSE,FALSE
Horsham Rural City,Regional Victoria,2005,Unit/Apartment,56,162500,166101,-9.21,90.8,FALSE,FALSE
Horsham Rural City,Regional Victoria,2006,Unit/Apartment,51,175000,187214,7.69,97.8,FALSE,FALSE
Horsham Rural City,Regional Victoria,2007,Unit/Apartment,57,155000,166386,-11.43,86.6,FALSE,FALSE
Horsham Rural City,Regional Victoria,2008,Unit/Apartment,55,180000,181819,16.13,100.6,FALSE,FALSE
Horsham Rural City,Regional Victoria,2009,Unit/Apartment,60,167250,190395,-7.08,93.4,FALSE,FALSE
Horsham Rural City,Regional Victoria,2010,Unit/Apartment,50,200000,211795,19.58,111.7,FALSE,FALSE
Horsham Rural City,Regional Victoria,2011,Unit/Apartment,55,197000,213256,-1.5,110.1,FALSE,FALSE
Horsham Rural City,Regional Victoria,2012,Unit/Apartment,63,187000,196003,-5.08,104.5,FALSE,FALSE
Horsham Rural City,Regional Victoria,2013,Unit/Apartment,70,174250,185868,-6.82,97.4,FALSE,FALSE
Horsham Rural City,Regional Victoria,2014,Unit/Apartment,72,185550,196333,6.48,103.7,FALSE,FALSE
Horsham Rural City,Regional Victoria,2015,Unit/Apartment,68,204500,224362,10.21,114.3,FALSE,FALSE
Horsham Rural City,Regional Victoria,2016,Unit/Apartment,45,225250,236393,10.15,125.9,FALSE,FALSE
Horsham Rural City,Regional Victoria,2017,Unit/Apartment,48,254000,254750,12.76,141.9,FALSE,FALSE
Horsham Rural City,Regional Victoria,2018,Unit/Apartment,52,248500,241893,-2.17,138.8,FALSE,FALSE
Horsham Rural City,Regional Victoria,2019,Unit/Apartment,54,219500,233499,-11.67,122.6,FALSE,FALSE
Horsham Rural City,Regional Victoria,2020,Unit/Apartment,50,238500,251678,8.66,133.3,FALSE,FALSE
Horsham Rural City,Regional Victoria,2021,Unit/Apartment,69,270000,284585,13.21,150.9,FALSE,FALSE
Horsham Rural City,Regional Victoria,2022,Unit/Apartment,49,330000,322434,22.22,184.4,FALSE,FALSE
Horsham Rural City,Regional Victoria,2023,Unit/Apartment,34,335000,338955,1.52,187.2,FALSE,FALSE
Horsham Rural City,Regional Victoria,2024,Unit/Apartment,43,340000,351683,1.49,190,FALSE,FALSE
Horsham Rural City,Regional Victoria,2025,Unit/Apartment,7,255000,275214,-25,142.5,FALSE,TRUE
Horsham Rural City,Regional Victoria,2004,Vacant Land,163,53000,56255,,100,FALSE,FALSE
Horsham Rural City,Regional Victoria,2005,Vacant Land,133,59900,63346,13.02,113,FALSE,FALSE
Horsham Rural City,Regional Victoria,2006,Vacant Land,139,64600,70445,7.85,121.9,FALSE,FALSE
Horsham Rural City,Regional Victoria,2007,Vacant Land,73,62000,72329,-4.02,117,FALSE,FALSE
Horsham Rural City,Regional Victoria,2008,Vacant Land,53,62500,58764,0.81,117.9,FALSE,FALSE
Horsham Rural City,Regional Victoria,2009,Vacant Land,74,62400,61311,-0.16,117.7,FALSE,FALSE
Horsham Rural City,Regional Victoria,2010,Vacant Land,73,83500,81132,33.81,157.5,FALSE,FALSE
Horsham Rural City,Regional Victoria,2011,Vacant Land,87,96260,104444,15.28,181.6,FALSE,FALSE
Horsham Rural City,Regional Victoria,2012,Vacant Land,91,93400,97052,-2.97,176.2,FALSE,FALSE
Horsham Rural City,Regional Victoria,2013,Vacant Land,87,98900,112346,5.89,186.6,FALSE,FALSE
Horsham Rural City,Regional Victoria,2014,Vacant Land,94,104000,101627,5.16,196.2,FALSE,FALSE
Horsham Rural City,Regional Victoria,2015,Vacant Land,55,96000,107663,-7.69,181.1,FALSE,FALSE
Horsham Rural City,Regional Victoria,2016,Vacant Land,80,99000,101482,3.12,186.8,FALSE,FALSE
Horsham Rural City,Regional Victoria,2017,Vacant Land,75,110000,117320,11.11,207.5,FALSE,FALSE
Horsham Rural City,Regional Victoria,2018,Vacant Land,52,108500,113182,-1.36,204.7,FALSE,FALSE
Horsham Rural City,Regional Victoria,2019,Vacant Land,67,109000,120355,0.46,205.7,FALSE,FALSE
Horsham Rural City,Regional Victoria,2020,Vacant Land,124,123100,119532,12.94,232.3,FALSE,FALSE
Horsham Rural City,Regional Victoria,2021,Vacant Land,111,174500,168034,41.75,329.2,FALSE,FALSE
Horsham Rural City,Regional Victoria,2022,Vacant Land,47,200000,191063,14.61,377.4,FALSE,FALSE
Horsham Rural City,Regional Victoria,2023,Vacant Land,40,195500,219187,-2.25,368.9,FALSE,FALSE
Horsham Rural City,Regional Victoria,2024,Vacant Land,46,202642,209310,3.65,382.3,FALSE,FALSE
Horsham Rural City,Regional Victoria,2025,Vacant Land,4,181250,193625,-10.56,342,FALSE,TRUE
Hume City,Metro Melbourne,2004,House,2447,242000,254983,,100,FALSE,FALSE
Hume City,Metro Melbourne,2005,House,2506,245000,259365,1.24,101.2,FALSE,FALSE
Hume City,Metro Melbourne,2006,House,2232,249000,269444,1.63,102.9,FALSE,FALSE
Hume City,Metro Melbourne,2007,House,2862,260000,284088,4.42,107.4,FALSE,FALSE
Hume City,Metro Melbourne,2008,House,2873,280000,299653,7.69,115.7,FALSE,FALSE
Hume City,Metro Melbourne,2009,House,3024,325000,340153,16.07,134.3,FALSE,FALSE
Hume City,Metro Melbourne,2010,House,2483,370000,389071,13.85,152.9,FALSE,FALSE
Hume City,Metro Melbourne,2011,House,2308,361250,383799,-2.36,149.3,FALSE,FALSE
Hume City,Metro Melbourne,2012,House,2114,350000,372220,-3.11,144.6,FALSE,FALSE
Hume City,Metro Melbourne,2013,House,2386,360000,383071,2.86,148.8,FALSE,FALSE
Hume City,Metro Melbourne,2014,House,2716,369900,391174,2.75,152.9,FALSE,FALSE
Hume City,Metro Melbourne,2015,House,3335,390000,413749,5.43,161.2,FALSE,FALSE
Hume City,Metro Melbourne,2016,House,3456,426000,447949,9.23,176,FALSE,FALSE
Hume City,Metro Melbourne,2017,House,3757,515000,530610,20.89,212.8,FALSE,FALSE
Hume City,Metro Melbourne,2018,House,3051,560000,577227,8.74,231.4,FALSE,FALSE
Hume City,Metro Melbourne,2019,House,3034,540000,555790,-3.57,223.1,FALSE,FALSE
Hume City,Metro Melbourne,2020,House,2936,570000,588669,5.56,235.5,FALSE,FALSE
Hume City,Metro Melbourne,2021,House,4470,630000,663363,10.53,260.3,FALSE,FALSE
Hume City,Metro Melbourne,2022,House,3771,665000,716397,5.56,274.8,FALSE,FALSE
Hume City,Metro Melbourne,2023,House,3550,656000,692208,-1.35,271.1,FALSE,FALSE
Hume City,Metro Melbourne,2024,House,4250,665000,700901,1.37,274.8,FALSE,FALSE
Hume City,Metro Melbourne,2025,House,492,665000,683990,0,274.8,FALSE,TRUE
Hume City,Metro Melbourne,2004,Unit/Apartment,432,223000,238234,,100,FALSE,FALSE
Hume City,Metro Melbourne,2005,Unit/Apartment,390,225750,256927,1.23,101.2,FALSE,FALSE
Hume City,Metro Melbourne,2006,Unit/Apartment,411,232500,245686,2.99,104.3,FALSE,FALSE
Hume City,Metro Melbourne,2007,Unit/Apartment,573,226000,243985,-2.8,101.3,FALSE,FALSE
Hume City,Metro Melbourne,2008,Unit/Apartment,571,252500,263613,11.73,113.2,FALSE,FALSE
Hume City,Metro Melbourne,2009,Unit/Apartment,651,273500,277951,8.32,122.6,FALSE,FALSE
Hume City,Metro Melbourne,2010,Unit/Apartment,455,320000,346956,17,143.5,FALSE,FALSE
Hume City,Metro Melbourne,2011,Unit/Apartment,495,320000,314924,0,143.5,FALSE,FALSE
Hume City,Metro Melbourne,2012,Unit/Apartment,493,310000,303231,-3.12,139,FALSE,FALSE
Hume City,Metro Melbourne,2013,Unit/Apartment,566,305000,299649,-1.61,136.8,FALSE,FALSE
Hume City,Metro Melbourne,2014,Unit/Apartment,694,320000,319518,4.92,143.5,FALSE,FALSE
Hume City,Metro Melbourne,2015,Unit/Apartment,785,335000,340144,4.69,150.2,FALSE,FALSE
Hume City,Metro Melbourne,2016,Unit/Apartment,790,347500,353960,3.73,155.8,FALSE,FALSE
Hume City,Metro Melbourne,2017,Unit/Apartment,789,375000,389254,7.91,168.2,FALSE,FALSE
Hume City,Metro Melbourne,2018,Unit/Apartment,537,415000,427227,10.67,186.1,FALSE,FALSE
Hume City,Metro Melbourne,2019,Unit/Apartment,492,405000,416134,-2.41,181.6,FALSE,FALSE
Hume City,Metro Melbourne,2020,Unit/Apartment,524,422500,438743,4.32,189.5,FALSE,FALSE
Hume City,Metro Melbourne,2021,Unit/Apartment,841,460000,480111,8.88,206.3,FALSE,FALSE
Hume City,Metro Melbourne,2022,Unit/Apartment,767,470000,481871,2.17,210.8,FALSE,FALSE
Hume City,Metro Melbourne,2023,Unit/Apartment,724,470000,484691,0,210.8,FALSE,FALSE
Hume City,Metro Melbourne,2024,Unit/Apartment,867,475000,486820,1.06,213,FALSE,FALSE
Hume City,Metro Melbourne,2025,Unit/Apartment,106,480000,488145,1.05,215.2,FALSE,TRUE
Hume City,Metro Melbourne,2004,Vacant Land,1452,120000,124266,,100,FALSE,FALSE
Hume City,Metro Melbourne,2005,Vacant Land,1327,128250,135985,6.88,106.9,FALSE,FALSE
Hume City,Metro Melbourne,2006,Vacant Land,1391,128000,139862,-0.19,106.7,FALSE,FALSE
Hume City,Metro Melbourne,2007,Vacant Land,1612,130500,138670,1.95,108.7,FALSE,FALSE
Hume City,Metro Melbourne,2008,Vacant Land,1381,143000,150563,9.58,119.2,FALSE,FALSE
Hume City,Metro Melbourne,2009,Vacant Land,1668,160000,166637,11.89,133.3,FALSE,FALSE
Hume City,Metro Melbourne,2010,Vacant Land,1483,191000,200511,19.38,159.2,FALSE,FALSE
Hume City,Metro Melbourne,2011,Vacant Land,1306,209000,211149,9.42,174.2,FALSE,FALSE
Hume City,Metro Melbourne,2012,Vacant Land,1310,199700,200755,-4.45,166.4,FALSE,FALSE
Hume City,Metro Melbourne,2013,Vacant Land,1561,201000,202350,0.65,167.5,FALSE,FALSE
Hume City,Metro Melbourne,2014,Vacant Land,1932,213750,216397,6.34,178.1,FALSE,FALSE
Hume City,Metro Melbourne,2015,Vacant Land,3184,219900,217578,2.88,183.2,FALSE,FALSE
Hume City,Metro Melbourne,2016,Vacant Land,4114,225000,225850,2.32,187.5,FALSE,FALSE
Hume City,Metro Melbourne,2017,Vacant Land,4236,283000,283912,25.78,235.8,FALSE,FALSE
Hume City,Metro Melbourne,2018,Vacant Land,2083,321000,329972,13.43,267.5,FALSE,FALSE
Hume City,Metro Melbourne,2019,Vacant Land,1852,295000,302271,-8.1,245.8,FALSE,FALSE
Hume City,Metro Melbourne,2020,Vacant Land,3550,305000,310687,3.39,254.2,FALSE,FALSE
Hume City,Metro Melbourne,2021,Vacant Land,4493,331000,345715,8.52,275.8,FALSE,FALSE
Hume City,Metro Melbourne,2022,Vacant Land,1772,363000,381316,9.67,302.5,FALSE,FALSE
Hume City,Metro Melbourne,2023,Vacant Land,1403,359000,359667,-1.1,299.2,FALSE,FALSE
Hume City,Metro Melbourne,2024,Vacant Land,1341,358000,359175,-0.28,298.3,FALSE,FALSE
Hume City,Metro Melbourne,2025,Vacant Land,142,376450,376876,5.15,313.7,FALSE,TRUE
Indigo Shire,Regional Victoria,2004,House,170,174000,186106,,100,FALSE,FALSE
Indigo Shire,Regional Victoria,2005,House,170,215000,218584,23.56,123.6,FALSE,FALSE
Indigo Shire,Regional Victoria,2006,House,157,218000,233610,1.4,125.3,FALSE,FALSE
Indigo Shire,Regional Victoria,2007,House,160,217250,235215,-0.34,124.9,FALSE,FALSE
Indigo Shire,Regional Victoria,2008,House,109,225000,236774,3.57,129.3,FALSE,FALSE
Indigo Shire,Regional Victoria,2009,House,127,215000,227732,-4.44,123.6,FALSE,FALSE
Indigo Shire,Regional Victoria,2010,House,156,246250,262855,14.53,141.5,FALSE,FALSE
Indigo Shire,Regional Victoria,2011,House,142,245000,264660,-0.51,140.8,FALSE,FALSE
Indigo Shire,Regional Victoria,2012,House,147,260000,268186,6.12,149.4,FALSE,FALSE
Indigo Shire,Regional Victoria,2013,House,173,260000,268517,0,149.4,FALSE,FALSE
Indigo Shire,Regional Victoria,2014,House,167,250000,259512,-3.85,143.7,FALSE,FALSE
Indigo Shire,Regional Victoria,2015,House,171,270000,287184,8,155.2,FALSE,FALSE
Indigo Shire,Regional Victoria,2016,House,166,291000,310246,7.78,167.2,FALSE,FALSE
Indigo Shire,Regional Victoria,2017,House,166,320000,337640,9.97,183.9,FALSE,FALSE
Indigo Shire,Regional Victoria,2018,House,193,320000,351557,0,183.9,FALSE,FALSE
Indigo Shire,Regional Victoria,2019,House,179,365000,377798,14.06,209.8,FALSE,FALSE
Indigo Shire,Regional Victoria,2020,House,171,410000,442985,12.33,235.6,FALSE,FALSE
Indigo Shire,Regional Victoria,2021,House,215,485000,510243,18.29,278.7,FALSE,FALSE
Indigo Shire,Regional Victoria,2022,House,196,559000,592455,15.26,321.3,FALSE,FALSE
Indigo Shire,Regional Victoria,2023,House,150,552500,592523,-1.16,317.5,FALSE,FALSE
Indigo Shire,Regional Victoria,2024,House,144,595500,635828,7.78,342.2,FALSE,FALSE
Indigo Shire,Regional Victoria,2025,House,23,650000,651282,9.15,373.6,FALSE,TRUE
Indigo Shire,Regional Victoria,2004,Unit/Apartment,14,167500,158535,,100,FALSE,FALSE
Indigo Shire,Regional Victoria,2005,Unit/Apartment,15,190000,181266,13.43,113.4,FALSE,FALSE
Indigo Shire,Regional Victoria,2006,Unit/Apartment,21,159950,158185,-15.82,95.5,FALSE,FALSE
Indigo Shire,Regional Victoria,2007,Unit/Apartment,12,201250,193333,25.82,120.1,FALSE,FALSE
Indigo Shire,Regional Victoria,2008,Unit/Apartment,16,169500,195875,-15.78,101.2,FALSE,FALSE
Indigo Shire,Regional Victoria,2009,Unit/Apartment,22,202500,207281,19.47,120.9,FALSE,FALSE
Indigo Shire,Regional Victoria,2010,Unit/Apartment,12,159000,154625,-21.48,94.9,FALSE,FALSE
Indigo Shire,Regional Victoria,2011,Unit/Apartment,14,222500,231785,39.94,132.8,FALSE,FALSE
Indigo Shire,Regional Victoria,2012,Unit/Apartment,15,190000,205200,-14.61,113.4,FALSE,FALSE
Indigo Shire,Regional Victoria,2013,Unit/Apartment,18,212500,220555,11.84,126.9,FALSE,FALSE
Indigo Shire,Regional Victoria,2014,Unit/Apartment,14,197500,195428,-7.06,117.9,FALSE,FALSE
Indigo Shire,Regional Victoria,2015,Unit/Apartment,19,180000,190789,-8.86,107.5,FALSE,FALSE
Indigo Shire,Regional Victoria,2016,Unit/Apartment,15,232000,243033,28.89,138.5,FALSE,FALSE
Indigo Shire,Regional Victoria,2017,Unit/Apartment,14,265000,241142,14.22,158.2,FALSE,FALSE
Indigo Shire,Regional Victoria,2018,Unit/Apartment,26,202150,224353,-23.72,120.7,FALSE,FALSE
Indigo Shire,Regional Victoria,2019,Unit/Apartment,20,255500,271275,26.39,152.5,FALSE,FALSE
Indigo Shire,Regional Victoria,2020,Unit/Apartment,17,210000,241470,-17.81,125.4,FALSE,FALSE
Indigo Shire,Regional Victoria,2021,Unit/Apartment,13,295000,352230,40.48,176.1,FALSE,FALSE
Indigo Shire,Regional Victoria,2022,Unit/Apartment,15,380000,430000,28.81,226.9,FALSE,FALSE
Indigo Shire,Regional Victoria,2023,Unit/Apartment,14,340000,359285,-10.53,203,FALSE,FALSE
Indigo Shire,Regional Victoria,2024,Unit/Apartment,14,390000,444785,14.71,232.8,FALSE,FALSE
Indigo Shire,Regional Victoria,2025,Unit/Apartment,3,329000,331333,-15.64,196.4,FALSE,TRUE
Indigo Shire,Regional Victoria,2004,Vacant Land,71,60000,69592,,100,FALSE,FALSE
Indigo Shire,Regional Victoria,2005,Vacant Land,74,72000,74515,20,120,FALSE,FALSE
Indigo Shire,Regional Victoria,2006,Vacant Land,51,75000,80681,4.17,125,FALSE,FALSE
Indigo Shire,Regional Victoria,2007,Vacant Land,53,87500,103528,16.67,145.8,FALSE,FALSE
Indigo Shire,Regional Victoria,2008,Vacant Land,44,90000,90957,2.86,150,FALSE,FALSE
Indigo Shire,Regional Victoria,2009,Vacant Land,60,83000,93799,-7.78,138.3,FALSE,FALSE
Indigo Shire,Regional Victoria,2010,Vacant Land,56,77375,89470,-6.78,129,FALSE,FALSE
Indigo Shire,Regional Victoria,2011,Vacant Land,46,81975,99137,5.95,136.6,FALSE,FALSE
Indigo Shire,Regional Victoria,2012,Vacant Land,44,80000,92318,-2.41,133.3,FALSE,FALSE
Indigo Shire,Regional Victoria,2013,Vacant Land,65,99000,103831,23.75,165,FALSE,FALSE
Indigo Shire,Regional Victoria,2014,Vacant Land,44,105000,105314,6.06,175,FALSE,FALSE
Indigo Shire,Regional Victoria,2015,Vacant Land,78,94500,108639,-10,157.5,FALSE,FALSE
Indigo Shire,Regional Victoria,2016,Vacant Land,52,101000,111053,6.88,168.3,FALSE,FALSE
Indigo Shire,Regional Victoria,2017,Vacant Land,87,119000,121218,17.82,198.3,FALSE,FALSE
Indigo Shire,Regional Victoria,2018,Vacant Land,82,130000,144301,9.24,216.7,FALSE,FALSE
Indigo Shire,Regional Victoria,2019,Vacant Land,63,142500,162937,9.62,237.5,FALSE,FALSE
Indigo Shire,Regional Victoria,2020,Vacant Land,143,142000,158961,-0.35,236.7,FALSE,FALSE
Indigo Shire,Regional Victoria,2021,Vacant Land,54,180000,196156,26.76,300,FALSE,FALSE
Indigo Shire,Regional Victoria,2022,Vacant Land,42,205000,238023,13.89,341.7,FALSE,FALSE
Indigo Shire,Regional Victoria,2023,Vacant Land,20,333750,315625,62.8,556.2,FALSE,FALSE
Indigo Shire,Regional Victoria,2024,Vacant Land,30,247500,273333,-25.84,412.5,FALSE,FALSE
Indigo Shire,Regional Victoria,2025,Vacant Land,4,280000,271250,13.13,466.7,FALSE,TRUE
Kingston City,Metro Melbourne,2004,House,1785,357000,387856,,100,FALSE,FALSE
Kingston City,Metro Melbourne,2005,House,2026,367500,410339,2.94,102.9,FALSE,FALSE
Kingston City,Metro Melbourne,2006,House,1849,400000,448061,8.84,112,FALSE,FALSE
Kingston City,Metro Melbourne,2007,House,2369,465000,511362,16.25,130.3,FALSE,FALSE
Kingston City,Metro Melbourne,2008,House,1614,500000,537513,7.53,140.1,FALSE,FALSE
Kingston City,Metro Melbourne,2009,House,1858,520000,559421,4,145.7,FALSE,FALSE
Kingston City,Metro Melbourne,2010,House,1781,620000,654193,19.23,173.7,FALSE,FALSE
Kingston City,Metro Melbourne,2011,House,1567,590000,630300,-4.84,165.3,FALSE,FALSE
Kingston City,Metro Melbourne,2012,House,1455,580000,614618,-1.69,162.5,FALSE,FALSE
Kingston City,Metro Melbourne,2013,House,1714,619000,660719,6.72,173.4,FALSE,FALSE
Kingston City,Metro Melbourne,2014,House,1863,685000,737771,10.66,191.9,FALSE,FALSE
Kingston City,Metro Melbourne,2015,House,1937,770000,834413,12.41,215.7,FALSE,FALSE
Kingston City,Metro Melbourne,2016,House,1853,862000,937508,11.95,241.5,FALSE,FALSE
Kingston City,Metro Melbourne,2017,House,1734,975000,1069071,13.11,273.1,FALSE,FALSE
Kingston City,Metro Melbourne,2018,House,1419,950000,1052815,-2.56,266.1,FALSE,FALSE
Kingston City,Metro Melbourne,2019,House,1534,925250,1007315,-2.61,259.2,FALSE,FALSE
Kingston City,Metro Melbourne,2020,House,1237,999500,1079991,8.02,280,FALSE,FALSE
Kingston City,Metro Melbourne,2021,House,1893,1205000,1286157,20.56,337.5,FALSE,FALSE
Kingston City,Metro Melbourne,2022,House,1505,1245250,1333350,3.34,348.8,FALSE,FALSE
Kingston City,Metro Melbourne,2023,House,1456,1176500,1280538,-5.52,329.6,FALSE,FALSE
Kingston City,Metro Melbourne,2024,House,1567,1210000,1284053,2.85,338.9,FALSE,FALSE
Kingston City,Metro Melbourne,2025,House,122,1050000,1124876,-13.22,294.1,FALSE,TRUE
Kingston City,Metro Melbourne,2004,Unit/Apartment,1227,258000,294202,,100,FALSE,FALSE
Kingston City,Metro Melbourne,2005,Unit/Apartment,1424,267500,289919,3.68,103.7,FALSE,FALSE
Kingston City,Metro Melbourne,2006,Unit/Apartment,1498,280000,311905,4.67,108.5,FALSE,FALSE
Kingston City,Metro Melbourne,2007,Unit/Apartment,2097,333000,364625,18.93,129.1,FALSE,FALSE
Kingston City,Metro Melbourne,2008,Unit/Apartment,1377,348000,371995,4.5,134.9,FALSE,FALSE
Kingston City,Metro Melbourne,2009,Unit/Apartment,1762,380000,400057,9.2,147.3,FALSE,FALSE
Kingston City,Metro Melbourne,2010,Unit/Apartment,1522,443375,477039,16.68,171.9,FALSE,FALSE
Kingston City,Metro Melbourne,2011,Unit/Apartment,1361,422150,452966,-4.79,163.6,FALSE,FALSE
Kingston City,Metro Melbourne,2012,Unit/Apartment,1431,420000,437319,-0.51,162.8,FALSE,FALSE
Kingston City,Metro Melbourne,2013,Unit/Apartment,1543,447000,471995,6.43,173.3,FALSE,FALSE
Kingston City,Metro Melbourne,2014,Unit/Apartment,1916,470000,495082,5.15,182.2,FALSE,FALSE
Kingston City,Metro Melbourne,2015,Unit/Apartment,2079,491710,534448,4.62,190.6,FALSE,FALSE
Kingston City,Metro Melbourne,2016,Unit/Apartment,1916,532000,566789,8.19,206.2,FALSE,FALSE
Kingston City,Metro Melbourne,2017,Unit/Apartment,1973,595000,635424,11.84,230.6,FALSE,FALSE
Kingston City,Metro Melbourne,2018,Unit/Apartment,1489,610000,645336,2.52,236.4,FALSE,FALSE
Kingston City,Metro Melbourne,2019,Unit/Apartment,1477,605200,642029,-0.79,234.6,FALSE,FALSE
Kingston City,Metro Melbourne,2020,Unit/Apartment,1443,642000,674729,6.08,248.8,FALSE,FALSE
Kingston City,Metro Melbourne,2021,Unit/Apartment,2232,700000,747104,9.03,271.3,FALSE,FALSE
Kingston City,Metro Melbourne,2022,Unit/Apartment,1597,690000,733851,-1.43,267.4,FALSE,FALSE
Kingston City,Metro Melbourne,2023,Unit/Apartment,1543,700000,746122,1.45,271.3,FALSE,FALSE
Kingston City,Metro Melbourne,2024,Unit/Apartment,1716,711000,737798,1.57,275.6,FALSE,FALSE
Kingston City,Metro Melbourne,2025,Unit/Apartment,193,690000,722400,-2.95,267.4,FALSE,TRUE
Kingston City,Metro Melbourne,2004,Vacant Land,133,220000,223955,,100,FALSE,FALSE
Kingston City,Metro Melbourne,2005,Vacant Land,75,244000,240252,10.91,110.9,FALSE,FALSE
Kingston City,Metro Melbourne,2006,Vacant Land,113,252500,252287,3.48,114.8,FALSE,FALSE
Kingston City,Metro Melbourne,2007,Vacant Land,293,258000,235307,2.18,117.3,FALSE,FALSE
Kingston City,Metro Melbourne,2008,Vacant Land,97,243500,255147,-5.62,110.7,FALSE,FALSE
Kingston City,Metro Melbourne,2009,Vacant Land,77,267800,286558,9.98,121.7,FALSE,FALSE
Kingston City,Metro Melbourne,2010,Vacant Land,60,362500,380712,35.36,164.8,FALSE,FALSE
Kingston City,Metro Melbourne,2011,Vacant Land,49,410000,366909,13.1,186.4,FALSE,FALSE
Kingston City,Metro Melbourne,2012,Vacant Land,113,319003,332351,-22.19,145,FALSE,FALSE
Kingston City,Metro Melbourne,2013,Vacant Land,101,350000,351954,9.72,159.1,FALSE,FALSE
Kingston City,Metro Melbourne,2014,Vacant Land,61,350000,426008,0,159.1,FALSE,FALSE
Kingston City,Metro Melbourne,2015,Vacant Land,32,395000,399109,12.86,179.5,FALSE,FALSE
Kingston City,Metro Melbourne,2016,Vacant Land,44,486000,552222,23.04,220.9,FALSE,FALSE
Kingston City,Metro Melbourne,2017,Vacant Land,35,600000,706200,23.46,272.7,FALSE,FALSE
Kingston City,Metro Melbourne,2018,Vacant Land,12,506750,582291,-15.54,230.3,FALSE,FALSE
Kingston City,Metro Melbourne,2019,Vacant Land,37,615000,723770,21.36,279.5,FALSE,FALSE
Kingston City,Metro Melbourne,2020,Vacant Land,33,495000,526400,-19.51,225,FALSE,FALSE
Kingston City,Metro Melbourne,2021,Vacant Land,46,622500,731588,25.76,283,FALSE,FALSE
Kingston City,Metro Melbourne,2022,Vacant Land,20,845000,1024330,35.74,384.1,FALSE,FALSE
Kingston City,Metro Melbourne,2023,Vacant Land,21,750000,894988,-11.24,340.9,FALSE,FALSE
Kingston City,Metro Melbourne,2024,Vacant Land,18,817500,940734,9,371.6,FALSE,FALSE
Kingston City,Metro Melbourne,2025,Vacant Land,5,275000,260950,-66.36,125,FALSE,TRUE
Knox City,Metro Melbourne,2004,House,2240,282750,307599,,100,FALSE,FALSE
Knox City,Metro Melbourne,2005,House,2309,300000,316633,6.1,106.1,FALSE,FALSE
Knox City,Metro Melbourne,2006,House,2148,312500,338346,4.17,110.5,FALSE,FALSE
Knox City,Metro Melbourne,2007,House,2362,360000,383552,15.2,127.3,FALSE,FALSE
Knox City,Metro Melbourne,2008,House,1975,382000,405606,6.11,135.1,FALSE,FALSE
Knox City,Metro Melbourne,2009,House,2083,417500,443233,9.29,147.7,FALSE,FALSE
Knox City,Metro Melbourne,2010,House,1929,491500,516506,17.72,173.8,FALSE,FALSE
Knox City,Metro Melbourne,2011,House,1825,480000,503047,-2.34,169.8,FALSE,FALSE
Knox City,Metro Melbourne,2012,House,1687,476000,500263,-0.83,168.3,FALSE,FALSE
Knox City,Metro Melbourne,2013,House,2021,510000,535036,7.14,180.4,FALSE,FALSE
Knox City,Metro Melbourne,2014,House,2161,574000,599958,12.55,203,FALSE,FALSE
Knox City,Metro Melbourne,2015,House,2369,670000,702367,16.72,237,FALSE,FALSE
Knox City,Metro Melbourne,2016,House,2025,720000,750600,7.46,254.6,FALSE,FALSE
Knox City,Metro Melbourne,2017,House,2085,825000,866521,14.58,291.8,FALSE,FALSE
Knox City,Metro Melbourne,2018,House,1645,802000,849441,-2.79,283.6,FALSE,FALSE
Knox City,Metro Melbourne,2019,House,1627,760000,826011,-5.24,268.8,FALSE,FALSE
Knox City,Metro Melbourne,2020,House,1364,795000,837853,4.61,281.2,FALSE,FALSE
Knox City,Metro Melbourne,2021,House,2160,942000,995711,18.49,333.2,FALSE,FALSE
Knox City,Metro Melbourne,2022,House,1600,970000,1027178,2.97,343.1,FALSE,FALSE
Knox City,Metro Melbourne,2023,House,1526,970000,1050357,0,343.1,FALSE,FALSE
Knox City,Metro Melbourne,2024,House,1634,980000,1049473,1.03,346.6,FALSE,FALSE
Knox City,Metro Melbourne,2025,House,116,925000,969421,-5.61,327.1,FALSE,TRUE
Knox City,Metro Melbourne,2004,Unit/Apartment,582,240000,240594,,100,FALSE,FALSE
Knox City,Metro Melbourne,2005,Unit/Apartment,766,252750,261950,5.31,105.3,FALSE,FALSE
Knox City,Metro Melbourne,2006,Unit/Apartment,813,262000,269575,3.66,109.2,FALSE,FALSE
Knox City,Metro Melbourne,2007,Unit/Apartment,1048,285000,290914,8.78,118.8,FALSE,FALSE
Knox City,Metro Melbourne,2008,Unit/Apartment,787,315000,325203,10.53,131.2,FALSE,FALSE
Knox City,Metro Melbourne,2009,Unit/Apartment,953,347500,349964,10.32,144.8,FALSE,FALSE
Knox City,Metro Melbourne,2010,Unit/Apartment,749,381000,384927,9.64,158.8,FALSE,FALSE
Knox City,Metro Melbourne,2011,Unit/Apartment,681,375000,384560,-1.57,156.2,FALSE,FALSE
Knox City,Metro Melbourne,2012,Unit/Apartment,790,375000,382154,0,156.2,FALSE,FALSE
Knox City,Metro Melbourne,2013,Unit/Apartment,977,390000,396779,4,162.5,FALSE,FALSE
Knox City,Metro Melbourne,2014,Unit/Apartment,978,420000,424586,7.69,175,FALSE,FALSE
Knox City,Metro Melbourne,2015,Unit/Apartment,1176,457250,468324,8.87,190.5,FALSE,FALSE
Knox City,Metro Melbourne,2016,Unit/Apartment,1008,497000,510065,8.69,207.1,FALSE,FALSE
Knox City,Metro Melbourne,2017,Unit/Apartment,1116,565000,556877,13.68,235.4,FALSE,FALSE
Knox City,Metro Melbourne,2018,Unit/Apartment,793,599000,595576,6.02,249.6,FALSE,FALSE
Knox City,Metro Melbourne,2019,Unit/Apartment,813,577000,572604,-3.67,240.4,FALSE,FALSE
Knox City,Metro Melbourne,2020,Unit/Apartment,742,605000,599475,4.85,252.1,FALSE,FALSE
Knox City,Metro Melbourne,2021,Unit/Apartment,1130,660000,666735,9.09,275,FALSE,FALSE
Knox City,Metro Melbourne,2022,Unit/Apartment,783,670000,667188,1.52,279.2,FALSE,FALSE
Knox City,Metro Melbourne,2023,Unit/Apartment,865,670000,681124,0,279.2,FALSE,FALSE
Knox City,Metro Melbourne,2024,Unit/Apartment,887,680000,683854,1.49,283.3,FALSE,FALSE
Knox City,Metro Melbourne,2025,Unit/Apartment,109,645000,647967,-5.15,268.8,FALSE,TRUE
Knox City,Metro Melbourne,2004,Vacant Land,156,215500,204968,,100,FALSE,FALSE
Knox City,Metro Melbourne,2005,Vacant Land,216,214950,207349,-0.26,99.7,FALSE,FALSE
Knox City,Metro Melbourne,2006,Vacant Land,145,215000,213563,0.02,99.8,FALSE,FALSE
Knox City,Metro Melbourne,2007,Vacant Land,133,249000,238087,15.81,115.5,FALSE,FALSE
Knox City,Metro Melbourne,2008,Vacant Land,40,254600,233623,2.25,118.1,FALSE,FALSE
Knox City,Metro Melbourne,2009,Vacant Land,39,241000,236331,-5.34,111.8,FALSE,FALSE
Knox City,Metro Melbourne,2010,Vacant Land,58,357500,318123,48.34,165.9,FALSE,FALSE
Knox City,Metro Melbourne,2011,Vacant Land,51,390000,372225,9.09,181,FALSE,FALSE
Knox City,Metro Melbourne,2012,Vacant Land,97,397000,367469,1.79,184.2,FALSE,FALSE
Knox City,Metro Melbourne,2013,Vacant Land,127,410000,398546,3.27,190.3,FALSE,FALSE
Knox City,Metro Melbourne,2014,Vacant Land,139,435000,414256,6.1,201.9,FALSE,FALSE
Knox City,Metro Melbourne,2015,Vacant Land,236,487500,492102,12.07,226.2,FALSE,FALSE
Knox City,Metro Melbourne,2016,Vacant Land,64,419750,415793,-13.9,194.8,FALSE,FALSE
Knox City,Metro Melbourne,2017,Vacant Land,40,535000,521543,27.46,248.3,FALSE,FALSE
Knox City,Metro Melbourne,2018,Vacant Land,48,562500,597091,5.14,261,FALSE,FALSE
Knox City,Metro Melbourne,2019,Vacant Land,44,509444,546420,-9.43,236.4,FALSE,FALSE
Knox City,Metro Melbourne,2020,Vacant Land,46,652500,607408,28.08,302.8,FALSE,FALSE
Knox City,Metro Melbourne,2021,Vacant Land,102,627500,663046,-3.83,291.2,FALSE,FALSE
Knox City,Metro Melbourne,2022,Vacant Land,71,652000,670622,3.9,302.6,FALSE,FALSE
Knox City,Metro Melbourne,2023,Vacant Land,57,718000,805726,10.12,333.2,FALSE,FALSE
Knox City,Metro Melbourne,2024,Vacant Land,48,772300,776338,7.56,358.4,FALSE,FALSE
Knox City,Metro Melbourne,2025,Vacant Land,2,750000,750000,-2.89,348,FALSE,TRUE
Latrobe City,Regional Victoria,2004,House,1451,131000,147286,,100,FALSE,FALSE
Latrobe City,Regional Victoria,2005,House,1451,145000,158101,10.69,110.7,FALSE,FALSE
Latrobe City,Regional Victoria,2006,House,1424,152000,170362,4.83,116,FALSE,FALSE
Latrobe City,Regional Victoria,2007,House,1712,160000,181911,5.26,122.1,FALSE,FALSE
Latrobe City,Regional Victoria,2008,House,1327,165000,185430,3.12,126,FALSE,FALSE
Latrobe City,Regional Victoria,2009,House,1582,176250,197513,6.82,134.5,FALSE,FALSE
Latrobe City,Regional Victoria,2010,House,1295,195000,220788,10.64,148.9,FALSE,FALSE
Latrobe City,Regional Victoria,2011,House,1127,209000,229854,7.18,159.5,FALSE,FALSE
Latrobe City,Regional Victoria,2012,House,1122,208000,225149,-0.48,158.8,FALSE,FALSE
Latrobe City,Regional Victoria,2013,House,1153,210000,231076,0.96,160.3,FALSE,FALSE
Latrobe City,Regional Victoria,2014,House,1123,215000,234557,2.38,164.1,FALSE,FALSE
Latrobe City,Regional Victoria,2015,House,1210,214000,233503,-0.47,163.4,FALSE,FALSE
Latrobe City,Regional Victoria,2016,House,1231,210000,234406,-1.87,160.3,FALSE,FALSE
Latrobe City,Regional Victoria,2017,House,1380,225000,245026,7.14,171.8,FALSE,FALSE
Latrobe City,Regional Victoria,2018,House,1631,230000,257691,2.22,175.6,FALSE,FALSE
Latrobe City,Regional Victoria,2019,House,1398,254750,272576,10.76,194.5,FALSE,FALSE
Latrobe City,Regional Victoria,2020,House,1548,275000,299513,7.95,209.9,FALSE,FALSE
Latrobe City,Regional Victoria,2021,House,1865,355000,373207,29.09,271,FALSE,FALSE
Latrobe City,Regional Victoria,2022,House,1364,412000,438175,16.06,314.5,FALSE,FALSE
Latrobe City,Regional Victoria,2023,House,1257,415000,448691,0.73,316.8,FALSE,FALSE
Latrobe City,Regional Victoria,2024,House,1460,410500,443120,-1.08,313.4,FALSE,FALSE
Latrobe City,Regional Victoria,2025,House,241,407500,433477,-0.73,311.1,FALSE,TRUE
Latrobe City,Regional Victoria,2004,Unit/Apartment,234,115000,126431,,100,FALSE,FALSE
Latrobe City,Regional Victoria,2005,Unit/Apartment,233,137000,163915,19.13,119.1,FALSE,FALSE
Latrobe City,Regional Victoria,2006,Unit/Apartment,219,139500,163470,1.82,121.3,FALSE,FALSE
Latrobe City,Regional Victoria,2007,Unit/Apartment,259,143000,162481,2.51,124.3,FALSE,FALSE
Latrobe City,Regional Victoria,2008,Unit/Apartment,210,142250,156371,-0.52,123.7,FALSE,FALSE
Latrobe City,Regional Victoria,2009,Unit/Apartment,275,155000,181753,8.96,134.8,FALSE,FALSE
Latrobe City,Regional Victoria,2010,Unit/Apartment,230,157500,194403,1.61,137,FALSE,FALSE
Latrobe City,Regional Victoria,2011,Unit/Apartment,175,178000,196003,13.02,154.8,FALSE,FALSE
Latrobe City,Regional Victoria,2012,Unit/Apartment,174,179000,209401,0.56,155.7,FALSE,FALSE
Latrobe City,Regional Victoria,2013,Unit/Apartment,176,165750,188962,-7.4,144.1,FALSE,FALSE
Latrobe City,Regional Victoria,2014,Unit/Apartment,172,182250,197720,9.95,158.5,FALSE,FALSE
Latrobe City,Regional Victoria,2015,Unit/Apartment,208,181500,189561,-0.41,157.8,FALSE,FALSE
Latrobe City,Regional Victoria,2016,Unit/Apartment,163,170000,196647,-6.34,147.8,FALSE,FALSE
Latrobe City,Regional Victoria,2017,Unit/Apartment,164,161500,174194,-5,140.4,FALSE,FALSE
Latrobe City,Regional Victoria,2018,Unit/Apartment,233,170000,189297,5.26,147.8,FALSE,FALSE
Latrobe City,Regional Victoria,2019,Unit/Apartment,171,192500,211515,13.24,167.4,FALSE,FALSE
Latrobe City,Regional Victoria,2020,Unit/Apartment,235,190000,210164,-1.3,165.2,FALSE,FALSE
Latrobe City,Regional Victoria,2021,Unit/Apartment,254,236500,248907,24.47,205.7,FALSE,FALSE
Latrobe City,Regional Victoria,2022,Unit/Apartment,181,279000,281042,17.97,242.6,FALSE,FALSE
Latrobe City,Regional Victoria,2023,Unit/Apartment,176,280000,296946,0.36,243.5,FALSE,FALSE
Latrobe City,Regional Victoria,2024,Unit/Apartment,178,285000,312379,1.79,247.8,FALSE,FALSE
Latrobe City,Regional Victoria,2025,Unit/Apartment,33,230000,265954,-19.3,200,FALSE,TRUE
Latrobe City,Regional Victoria,2004,Vacant Land,563,65000,62952,,100,FALSE,FALSE
Latrobe City,Regional Victoria,2005,Vacant Land,481,75000,74442,15.38,115.4,FALSE,FALSE
Latrobe City,Regional Victoria,2006,Vacant Land,494,82000,81643,9.33,126.2,FALSE,FALSE
Latrobe City,Regional Victoria,2007,Vacant Land,524,88000,91149,7.32,135.4,FALSE,FALSE
Latrobe City,Regional Victoria,2008,Vacant Land,353,95000,96806,7.95,146.2,FALSE,FALSE
Latrobe City,Regional Victoria,2009,Vacant Land,517,102950,100799,8.37,158.4,FALSE,FALSE
Latrobe City,Regional Victoria,2010,Vacant Land,386,110000,110266,6.85,169.2,FALSE,FALSE
Latrobe City,Regional Victoria,2011,Vacant Land,237,127000,127745,15.45,195.4,FALSE,FALSE
Latrobe City,Regional Victoria,2012,Vacant Land,197,135000,134774,6.3,207.7,FALSE,FALSE
Latrobe City,Regional Victoria,2013,Vacant Land,271,129500,131187,-4.07,199.2,FALSE,FALSE
Latrobe City,Regional Victoria,2014,Vacant Land,258,135000,133780,4.25,207.7,FALSE,FALSE
Latrobe City,Regional Victoria,2015,Vacant Land,211,135350,139348,0.26,208.2,FALSE,FALSE
Latrobe City,Regional Victoria,2016,Vacant Land,172,135000,137907,-0.26,207.7,FALSE,FALSE
Latrobe City,Regional Victoria,2017,Vacant Land,159,135000,136709,0,207.7,FALSE,FALSE
Latrobe City,Regional Victoria,2018,Vacant Land,298,134250,134582,-0.56,206.5,FALSE,FALSE
Latrobe City,Regional Victoria,2019,Vacant Land,324,139000,141010,3.54,213.8,FALSE,FALSE
Latrobe City,Regional Victoria,2020,Vacant Land,645,158000,160147,13.67,243.1,FALSE,FALSE
Latrobe City,Regional Victoria,2021,Vacant Land,697,184000,191282,16.46,283.1,FALSE,FALSE
Latrobe City,Regional Victoria,2022,Vacant Land,255,260000,267419,41.3,400,FALSE,FALSE
Latrobe City,Regional Victoria,2023,Vacant Land,159,270000,268806,3.85,415.4,FALSE,FALSE
Latrobe City,Regional Victoria,2024,Vacant Land,177,275000,274939,1.85,423.1,FALSE,FALSE
Latrobe City,Regional Victoria,2025,Vacant Land,25,269000,255020,-2.18,413.8,FALSE,TRUE
Loddon Shire,Regional Victoria,2004,House,86,76500,89683,,100,FALSE,FALSE
Loddon Shire,Regional Victoria,2005,House,85,99000,103422,29.41,129.4,FALSE,FALSE
Loddon Shire,Regional Victoria,2006,House,72,115000,130322,16.16,150.3,FALSE,FALSE
Loddon Shire,Regional Victoria,2007,House,78,112500,116410,-2.17,147.1,FALSE,FALSE
Loddon Shire,Regional Victoria,2008,House,77,100000,111464,-11.11,130.7,FALSE,FALSE
Loddon Shire,Regional Victoria,2009,House,46,110000,110733,10,143.8,FALSE,FALSE
Loddon Shire,Regional Victoria,2010,House,60,142000,155275,29.09,185.6,FALSE,FALSE
Loddon Shire,Regional Victoria,2011,House,90,130000,133788,-8.45,169.9,FALSE,FALSE
Loddon Shire,Regional Victoria,2012,House,67,120000,142325,-7.69,156.9,FALSE,FALSE
Loddon Shire,Regional Victoria,2013,House,71,149000,153679,24.17,194.8,FALSE,FALSE
Loddon Shire,Regional Victoria,2014,House,71,140000,142633,-6.04,183,FALSE,FALSE
Loddon Shire,Regional Victoria,2015,House,51,130000,155088,-7.14,169.9,FALSE,FALSE
Loddon Shire,Regional Victoria,2016,House,80,157500,166444,21.15,205.9,FALSE,FALSE
Loddon Shire,Regional Victoria,2017,House,78,174500,194778,10.79,228.1,FALSE,FALSE
Loddon Shire,Regional Victoria,2018,House,83,160000,165597,-8.31,209.2,FALSE,FALSE
Loddon Shire,Regional Victoria,2019,House,85,160000,169476,0,209.2,FALSE,FALSE
Loddon Shire,Regional Victoria,2020,House,93,177000,188919,10.62,231.4,FALSE,FALSE
Loddon Shire,Regional Victoria,2021,House,115,235000,244330,32.77,307.2,FALSE,FALSE
Loddon Shire,Regional Victoria,2022,House,73,277000,292036,17.87,362.1,FALSE,FALSE
Loddon Shire,Regional Victoria,2023,House,75,270000,285224,-2.53,352.9,FALSE,FALSE
Loddon Shire,Regional Victoria,2024,House,72,287500,320180,6.48,375.8,FALSE,FALSE
Loddon Shire,Regional Victoria,2025,House,10,302500,331200,5.22,395.4,FALSE,TRUE
Loddon Shire,Regional Victoria,2004,Unit/Apartment,1,87500,87500,,100,FALSE,FALSE
Loddon Shire,Regional Victoria,2005,Unit/Apartment,2,59000,59000,-32.57,67.4,FALSE,FALSE
Loddon Shire,Regional Victoria,2006,Unit/Apartment,3,110000,103333,86.44,125.7,FALSE,FALSE
Loddon Shire,Regional Victoria,2007,Unit/Apartment,1,125000,125000,13.64,142.9,FALSE,FALSE
Loddon Shire,Regional Victoria,2008,Unit/Apartment,3,85000,81333,-32,97.1,FALSE,FALSE
Loddon Shire,Regional Victoria,2009,Unit/Apartment,3,130000,133333,52.94,148.6,FALSE,FALSE
Loddon Shire,Regional Victoria,2010,Unit/Apartment,4,122000,127250,-6.15,139.4,FALSE,FALSE
Loddon Shire,Regional Victoria,2011,Unit/Apartment,2,103000,103000,-15.57,117.7,FALSE,FALSE
Loddon Shire,Regional Victoria,2012,Unit/Apartment,0,0,0,-100,0,FALSE,FALSE
Loddon Shire,Regional Victoria,2013,Unit/Apartment,1,116000,116000,inf,132.6,FALSE,FALSE
Loddon Shire,Regional Victoria,2014,Unit/Apartment,1,110000,110000,-5.17,125.7,FALSE,FALSE
Loddon Shire,Regional Victoria,2015,Unit/Apartment,0,0,0,-100,0,FALSE,FALSE
Loddon Shire,Regional Victoria,2016,Unit/Apartment,1,150000,150000,inf,171.4,FALSE,FALSE
Loddon Shire,Regional Victoria,2017,Unit/Apartment,2,227500,227500,51.67,260,FALSE,FALSE
Loddon Shire,Regional Victoria,2018,Unit/Apartment,2,211250,211250,-7.14,241.4,FALSE,FALSE
Loddon Shire,Regional Victoria,2019,Unit/Apartment,1,200000,200000,-5.33,228.6,FALSE,FALSE
Loddon Shire,Regional Victoria,2020,Unit/Apartment,1,120000,120000,-40,137.1,FALSE,FALSE
Loddon Shire,Regional Victoria,2021,Unit/Apartment,0,0,0,-100,0,FALSE,FALSE
Loddon Shire,Regional Victoria,2022,Unit/Apartment,2,230000,230000,inf,262.9,FALSE,FALSE
Loddon Shire,Regional Victoria,2023,Unit/Apartment,4,222500,582500,-3.26,254.3,FALSE,FALSE
Loddon Shire,Regional Victoria,2024,Unit/Apartment,1,210000,210000,-5.62,240,FALSE,FALSE
Loddon Shire,Regional Victoria,2025,Unit/Apartment,0,0,0,-100,0,FALSE,TRUE
Loddon Shire,Regional Victoria,2004,Vacant Land,52,19000,25804,,100,FALSE,FALSE
Loddon Shire,Regional Victoria,2005,Vacant Land,54,19650,65359,3.42,103.4,FALSE,FALSE
Loddon Shire,Regional Victoria,2006,Vacant Land,37,15000,29705,-23.66,78.9,FALSE,FALSE
Loddon Shire,Regional Victoria,2007,Vacant Land,24,37475,50508,149.83,197.2,FALSE,FALSE
Loddon Shire,Regional Victoria,2008,Vacant Land,39,36000,45153,-3.94,189.5,FALSE,FALSE
Loddon Shire,Regional Victoria,2009,Vacant Land,26,23750,33763,-34.03,125,FALSE,FALSE
Loddon Shire,Regional Victoria,2010,Vacant Land,32,48000,54046,102.11,252.6,FALSE,FALSE
Loddon Shire,Regional Victoria,2011,Vacant Land,16,35000,38387,-27.08,184.2,FALSE,FALSE
Loddon Shire,Regional Victoria,2012,Vacant Land,29,30000,35569,-14.29,157.9,FALSE,FALSE
Loddon Shire,Regional Victoria,2013,Vacant Land,30,35000,69641,16.67,184.2,FALSE,FALSE
Loddon Shire,Regional Victoria,2014,Vacant Land,28,35375,46203,1.07,186.2,FALSE,FALSE
Loddon Shire,Regional Victoria,2015,Vacant Land,25,22000,32716,-37.81,115.8,FALSE,FALSE
Loddon Shire,Regional Victoria,2016,Vacant Land,18,30800,49997,40,162.1,FALSE,FALSE
Loddon Shire,Regional Victoria,2017,Vacant Land,24,29000,32208,-5.84,152.6,FALSE,FALSE
Loddon Shire,Regional Victoria,2018,Vacant Land,30,37250,59040,28.45,196.1,FALSE,FALSE
Loddon Shire,Regional Victoria,2019,Vacant Land,25,32500,47721,-12.75,171.1,FALSE,FALSE
Loddon Shire,Regional Victoria,2020,Vacant Land,38,35000,59929,7.69,184.2,FALSE,FALSE
Loddon Shire,Regional Victoria,2021,Vacant Land,37,55935,77755,59.81,294.4,FALSE,FALSE
Loddon Shire,Regional Victoria,2022,Vacant Land,27,65000,122861,16.21,342.1,FALSE,FALSE
Loddon Shire,Regional Victoria,2023,Vacant Land,21,72000,107119,10.77,378.9,FALSE,FALSE
Loddon Shire,Regional Victoria,2024,Vacant Land,31,106000,126531,47.22,557.9,FALSE,FALSE
Loddon Shire,Regional Victoria,2025,Vacant Land,3,15000,81100,-85.85,78.9,FALSE,TRUE
Macedon Ranges Shire,Regional Victoria,2004,House,515,240000,251615,,100,FALSE,FALSE
Macedon Ranges Shire,Regional Victoria,2005,House,511,260200,288039,8.42,108.4,FALSE,FALSE
Macedon Ranges Shire,Regional Victoria,2006,House,509,275000,299161,5.69,114.6,FALSE,FALSE
Macedon Ranges Shire,Regional Victoria,2007,House,617,285000,316880,3.64,118.8,FALSE,FALSE
Macedon Ranges Shire,Regional Victoria,2008,House,507,295000,321159,3.51,122.9,FALSE,FALSE
Macedon Ranges Shire,Regional Victoria,2009,House,642,315000,335293,6.78,131.2,FALSE,FALSE
Macedon Ranges Shire,Regional Victoria,2010,House,530,372000,402642,18.1,155,FALSE,FALSE
Macedon Ranges Shire,Regional Victoria,2011,House,501,405000,445650,8.87,168.8,FALSE,FALSE
Macedon Ranges Shire,Regional Victoria,2012,House,445,410000,441787,1.23,170.8,FALSE,FALSE
Macedon Ranges Shire,Regional Victoria,2013,House,529,425000,462272,3.66,177.1,FALSE,FALSE
Macedon Ranges Shire,Regional Victoria,2014,House,540,445000,470485,4.71,185.4,FALSE,FALSE
Macedon Ranges Shire,Regional Victoria,2015,House,609,465000,503654,4.49,193.8,FALSE,FALSE
Macedon Ranges Shire,Regional Victoria,2016,House,552,480000,523654,3.23,200,FALSE,FALSE
Macedon Ranges Shire,Regional Victoria,2017,House,649,537000,568232,11.87,223.7,FALSE,FALSE
Macedon Ranges Shire,Regional Victoria,2018,House,573,608000,665384,13.22,253.3,FALSE,FALSE
Macedon Ranges Shire,Regional Victoria,2019,House,476,651000,693364,7.07,271.2,FALSE,FALSE
Macedon Ranges Shire,Regional Victoria,2020,House,544,695000,747367,6.76,289.6,FALSE,FALSE
Macedon Ranges Shire,Regional Victoria,2021,House,660,830000,898709,19.42,345.8,FALSE,FALSE
Macedon Ranges Shire,Regional Victoria,2022,House,501,895000,985616,7.83,372.9,FALSE,FALSE
Macedon Ranges Shire,Regional Victoria,2023,House,500,847500,922626,-5.31,353.1,FALSE,FALSE
Macedon Ranges Shire,Regional Victoria,2024,House,520,830000,906859,-2.06,345.8,FALSE,FALSE
Macedon Ranges Shire,Regional Victoria,2025,House,62,782500,835419,-5.72,326,FALSE,TRUE
Macedon Ranges Shire,Regional Victoria,2004,Unit/Apartment,52,207500,216160,,100,FALSE,FALSE
Macedon Ranges Shire,Regional Victoria,2005,Unit/Apartment,82,238500,238863,14.94,114.9,FALSE,FALSE
Macedon Ranges Shire,Regional Victoria,2006,Unit/Apartment,69,239000,221712,0.21,115.2,FALSE,FALSE
Macedon Ranges Shire,Regional Victoria,2007,Unit/Apartment,90,257250,251409,7.64,124,FALSE,FALSE
Macedon Ranges Shire,Regional Victoria,2008,Unit/Apartment,72,240000,241005,-6.71,115.7,FALSE,FALSE
Macedon Ranges Shire,Regional Victoria,2009,Unit/Apartment,132,261500,260366,8.96,126,FALSE,FALSE
Macedon Ranges Shire,Regional Victoria,2010,Unit/Apartment,89,310000,313208,18.55,149.4,FALSE,FALSE
Macedon Ranges Shire,Regional Victoria,2011,Unit/Apartment,90,305000,319921,-1.61,147,FALSE,FALSE
Macedon Ranges Shire,Regional Victoria,2012,Unit/Apartment,87,295000,309850,-3.28,142.2,FALSE,FALSE
Macedon Ranges Shire,Regional Victoria,2013,Unit/Apartment,97,345000,363735,16.95,166.3,FALSE,FALSE
Macedon Ranges Shire,Regional Victoria,2014,Unit/Apartment,100,346500,359369,0.43,167,FALSE,FALSE
Macedon Ranges Shire,Regional Victoria,2015,Unit/Apartment,111,358000,369783,3.32,172.5,FALSE,FALSE
Macedon Ranges Shire,Regional Victoria,2016,Unit/Apartment,120,386500,390991,7.96,186.3,FALSE,FALSE
Macedon Ranges Shire,Regional Victoria,2017,Unit/Apartment,140,410000,413487,6.08,197.6,FALSE,FALSE
Macedon Ranges Shire,Regional Victoria,2018,Unit/Apartment,98,418500,432827,2.07,201.7,FALSE,FALSE
Macedon Ranges Shire,Regional Victoria,2019,Unit/Apartment,93,482000,467046,15.17,232.3,FALSE,FALSE
Macedon Ranges Shire,Regional Victoria,2020,Unit/Apartment,80,500000,511781,3.73,241,FALSE,FALSE
Macedon Ranges Shire,Regional Victoria,2021,Unit/Apartment,136,575000,605448,15,277.1,FALSE,FALSE
Macedon Ranges Shire,Regional Victoria,2022,Unit/Apartment,71,630000,623204,9.57,303.6,FALSE,FALSE
Macedon Ranges Shire,Regional Victoria,2023,Unit/Apartment,76,599950,614801,-4.77,289.1,FALSE,FALSE
Macedon Ranges Shire,Regional Victoria,2024,Unit/Apartment,96,571000,586286,-4.83,275.2,FALSE,FALSE
Macedon Ranges Shire,Regional Victoria,2025,Unit/Apartment,14,525000,540035,-8.06,253,FALSE,TRUE
Macedon Ranges Shire,Regional Victoria,2004,Vacant Land,207,90000,100298,,100,FALSE,FALSE
Macedon Ranges Shire,Regional Victoria,2005,Vacant Land,173,105000,113677,16.67,116.7,FALSE,FALSE
Macedon Ranges Shire,Regional Victoria,2006,Vacant Land,189,116000,126556,10.48,128.9,FALSE,FALSE
Macedon Ranges Shire,Regional Victoria,2007,Vacant Land,290,127500,134874,9.91,141.7,FALSE,FALSE
Macedon Ranges Shire,Regional Victoria,2008,Vacant Land,276,135000,144092,5.88,150,FALSE,FALSE
Macedon Ranges Shire,Regional Victoria,2009,Vacant Land,340,140000,138400,3.7,155.6,FALSE,FALSE
Macedon Ranges Shire,Regional Victoria,2010,Vacant Land,342,175000,164778,25,194.4,FALSE,FALSE
Macedon Ranges Shire,Regional Victoria,2011,Vacant Land,238,209000,197902,19.43,232.2,FALSE,FALSE
Macedon Ranges Shire,Regional Victoria,2012,Vacant Land,221,215000,206511,2.87,238.9,FALSE,FALSE
Macedon Ranges Shire,Regional Victoria,2013,Vacant Land,221,215000,212589,0,238.9,FALSE,FALSE
Macedon Ranges Shire,Regional Victoria,2014,Vacant Land,206,215000,205960,0,238.9,FALSE,FALSE
Macedon Ranges Shire,Regional Victoria,2015,Vacant Land,231,216500,218857,0.7,240.6,FALSE,FALSE
Macedon Ranges Shire,Regional Victoria,2016,Vacant Land,315,235000,235764,8.55,261.1,FALSE,FALSE
Macedon Ranges Shire,Regional Victoria,2017,Vacant Land,484,249750,255235,6.28,277.5,FALSE,FALSE
Macedon Ranges Shire,Regional Victoria,2018,Vacant Land,189,295000,310243,18.12,327.8,FALSE,FALSE
Macedon Ranges Shire,Regional Victoria,2019,Vacant Land,182,340500,357753,15.42,378.3,FALSE,FALSE
Macedon Ranges Shire,Regional Victoria,2020,Vacant Land,423,341000,337180,0.15,378.9,FALSE,FALSE
Macedon Ranges Shire,Regional Victoria,2021,Vacant Land,616,390000,388474,14.37,433.3,FALSE,FALSE
Macedon Ranges Shire,Regional Victoria,2022,Vacant Land,237,431000,461842,10.51,478.9,FALSE,FALSE
Macedon Ranges Shire,Regional Victoria,2023,Vacant Land,121,454000,465285,5.34,504.4,FALSE,FALSE
Macedon Ranges Shire,Regional Victoria,2024,Vacant Land,115,415500,505335,-8.48,461.7,FALSE,FALSE
Macedon Ranges Shire,Regional Victoria,2025,Vacant Land,8,463750,512562,11.61,515.3,FALSE,TRUE
Manningham City,Metro Melbourne,2004,House,1267,421000,459806,,100,FALSE,FALSE
Manningham City,Metro Melbourne,2005,House,1253,432000,473446,2.61,102.6,FALSE,FALSE
Manningham City,Metro Melbourne,2006,House,1333,470000,517617,8.8,111.6,FALSE,FALSE
Manningham City,Metro Melbourne,2007,House,1485,580000,599072,23.4,137.8,FALSE,FALSE
Manningham City,Metro Melbourne,2008,House,1082,600000,639531,3.45,142.5,FALSE,FALSE
Manningham City,Metro Melbourne,2009,House,1299,650000,690728,8.33,154.4,FALSE,FALSE
Manningham City,Metro Melbourne,2010,House,1176,750000,803833,15.38,178.1,FALSE,FALSE
Manningham City,Metro Melbourne,2011,House,1023,735000,795608,-2,174.6,FALSE,FALSE
Manningham City,Metro Melbourne,2012,House,1005,706000,756127,-3.95,167.7,FALSE,FALSE
Manningham City,Metro Melbourne,2013,House,1340,795000,849634,12.61,188.8,FALSE,FALSE
Manningham City,Metro Melbourne,2014,House,1501,900000,984243,13.21,213.8,FALSE,FALSE
Manningham City,Metro Melbourne,2015,House,1809,1110000,1182293,23.33,263.7,FALSE,FALSE
Manningham City,Metro Melbourne,2016,House,1409,1195000,1252824,7.66,283.8,FALSE,FALSE
Manningham City,Metro Melbourne,2017,House,1351,1340000,1398883,12.13,318.3,FALSE,FALSE
Manningham City,Metro Melbourne,2018,House,1067,1250000,1312123,-6.72,296.9,FALSE,FALSE
Manningham City,Metro Melbourne,2019,House,1218,1200000,1246093,-4,285,FALSE,FALSE
Manningham City,Metro Melbourne,2020,House,943,1230000,1290971,2.5,292.2,FALSE,FALSE
Manningham City,Metro Melbourne,2021,House,1582,1460000,1518111,18.7,346.8,FALSE,FALSE
Manningham City,Metro Melbourne,2022,House,1180,1491500,1567243,2.16,354.3,FALSE,FALSE
Manningham City,Metro Melbourne,2023,House,1208,1535000,1601457,2.92,364.6,FALSE,FALSE
Manningham City,Metro Melbourne,2024,House,1289,1520000,1611713,-0.98,361,FALSE,FALSE
Manningham City,Metro Melbourne,2025,House,77,1305000,1446381,-14.14,310,FALSE,TRUE
Manningham City,Metro Melbourne,2004,Unit/Apartment,491,330000,340927,,100,FALSE,FALSE
Manningham City,Metro Melbourne,2005,Unit/Apartment,510,360000,366247,9.09,109.1,FALSE,FALSE
Manningham City,Metro Melbourne,2006,Unit/Apartment,583,362500,388575,0.69,109.8,FALSE,FALSE
Manningham City,Metro Melbourne,2007,Unit/Apartment,724,429000,445104,18.34,130,FALSE,FALSE
Manningham City,Metro Melbourne,2008,Unit/Apartment,561,440000,474974,2.56,133.3,FALSE,FALSE
Manningham City,Metro Melbourne,2009,Unit/Apartment,752,480750,495791,9.26,145.7,FALSE,FALSE
Manningham City,Metro Melbourne,2010,Unit/Apartment,598,530250,553993,10.3,160.7,FALSE,FALSE
Manningham City,Metro Melbourne,2011,Unit/Apartment,494,526000,544340,-0.8,159.4,FALSE,FALSE
Manningham City,Metro Melbourne,2012,Unit/Apartment,641,523250,548213,-0.52,158.6,FALSE,FALSE
Manningham City,Metro Melbourne,2013,Unit/Apartment,781,575000,585120,9.89,174.2,FALSE,FALSE
Manningham City,Metro Melbourne,2014,Unit/Apartment,1212,564000,579689,-1.91,170.9,FALSE,FALSE
Manningham City,Metro Melbourne,2015,Unit/Apartment,1282,617750,656648,9.53,187.2,FALSE,FALSE
Manningham City,Metro Melbourne,2016,Unit/Apartment,1070,608132,666270,-1.56,184.3,FALSE,FALSE
Manningham City,Metro Melbourne,2017,Unit/Apartment,1258,658000,735460,8.2,199.4,FALSE,FALSE
Manningham City,Metro Melbourne,2018,Unit/Apartment,791,638200,696355,-3.01,193.4,FALSE,FALSE
Manningham City,Metro Melbourne,2019,Unit/Apartment,903,710500,746845,11.33,215.3,FALSE,FALSE
Manningham City,Metro Melbourne,2020,Unit/Apartment,752,716500,741091,0.84,217.1,FALSE,FALSE
Manningham City,Metro Melbourne,2021,Unit/Apartment,1188,813750,845599,13.57,246.6,FALSE,FALSE
Manningham City,Metro Melbourne,2022,Unit/Apartment,979,790000,839018,-2.92,239.4,FALSE,FALSE
Manningham City,Metro Melbourne,2023,Unit/Apartment,963,792000,863902,0.25,240,FALSE,FALSE
Manningham City,Metro Melbourne,2024,Unit/Apartment,878,792500,840445,0.06,240.2,FALSE,FALSE
Manningham City,Metro Melbourne,2025,Unit/Apartment,85,617500,743407,-22.08,187.1,FALSE,TRUE
Manningham City,Metro Melbourne,2004,Vacant Land,31,343800,306551,,100,FALSE,FALSE
Manningham City,Metro Melbourne,2005,Vacant Land,7,110000,121666,-68,32,FALSE,FALSE
Manningham City,Metro Melbourne,2006,Vacant Land,12,285000,308725,159.09,82.9,FALSE,FALSE
Manningham City,Metro Melbourne,2007,Vacant Land,28,365000,366148,28.07,106.2,FALSE,FALSE
Manningham City,Metro Melbourne,2008,Vacant Land,16,590000,570909,61.64,171.6,FALSE,FALSE
Manningham City,Metro Melbourne,2009,Vacant Land,22,355000,347852,-39.83,103.3,FALSE,FALSE
Manningham City,Metro Melbourne,2010,Vacant Land,54,432500,516011,21.83,125.8,FALSE,FALSE
Manningham City,Metro Melbourne,2011,Vacant Land,27,440000,496370,1.73,128,FALSE,FALSE
Manningham City,Metro Melbourne,2012,Vacant Land,24,432500,446905,-1.7,125.8,FALSE,FALSE
Manningham City,Metro Melbourne,2013,Vacant Land,56,391250,425738,-9.54,113.8,FALSE,FALSE
Manningham City,Metro Melbourne,2014,Vacant Land,38,542500,579181,38.66,157.8,FALSE,FALSE
Manningham City,Metro Melbourne,2015,Vacant Land,188,785000,804401,44.7,228.3,FALSE,FALSE
Manningham City,Metro Melbourne,2016,Vacant Land,55,900000,967430,14.65,261.8,FALSE,FALSE
Manningham City,Metro Melbourne,2017,Vacant Land,53,950000,926680,5.56,276.3,FALSE,FALSE
Manningham City,Metro Melbourne,2018,Vacant Land,48,990000,979470,4.21,288,FALSE,FALSE
Manningham City,Metro Melbourne,2019,Vacant Land,53,995000,953498,0.51,289.4,FALSE,FALSE
Manningham City,Metro Melbourne,2020,Vacant Land,53,1030000,1073277,3.52,299.6,FALSE,FALSE
Manningham City,Metro Melbourne,2021,Vacant Land,54,1175000,1211193,14.08,341.8,FALSE,FALSE
Manningham City,Metro Melbourne,2022,Vacant Land,21,1170000,1220761,-0.43,340.3,FALSE,FALSE
Manningham City,Metro Melbourne,2023,Vacant Land,20,1195250,1119025,2.16,347.7,FALSE,FALSE
Manningham City,Metro Melbourne,2024,Vacant Land,25,1200000,1094760,0.4,349,FALSE,FALSE
Manningham City,Metro Melbourne,2025,Vacant Land,3,990000,990000,-17.5,288,FALSE,TRUE
Mansfield Shire,Regional Victoria,2004,House,153,170000,178139,,100,FALSE,FALSE
Mansfield Shire,Regional Victoria,2005,House,136,189000,203502,11.18,111.2,FALSE,FALSE
Mansfield Shire,Regional Victoria,2006,House,113,207000,220908,9.52,121.8,FALSE,FALSE
Mansfield Shire,Regional Victoria,2007,House,141,227500,231302,9.9,133.8,FALSE,FALSE
Mansfield Shire,Regional Victoria,2008,House,83,200000,217800,-12.09,117.6,FALSE,FALSE
Mansfield Shire,Regional Victoria,2009,House,123,215000,226755,7.5,126.5,FALSE,FALSE
Mansfield Shire,Regional Victoria,2010,House,165,238000,248467,10.7,140,FALSE,FALSE
Mansfield Shire,Regional Victoria,2011,House,131,264500,270055,11.13,155.6,FALSE,FALSE
Mansfield Shire,Regional Victoria,2012,House,147,280000,275276,5.86,164.7,FALSE,FALSE
Mansfield Shire,Regional Victoria,2013,House,120,300000,321750,7.14,176.5,FALSE,FALSE
Mansfield Shire,Regional Victoria,2014,House,130,295500,303662,-1.5,173.8,FALSE,FALSE
Mansfield Shire,Regional Victoria,2015,House,135,305000,313480,3.21,179.4,FALSE,FALSE
Mansfield Shire,Regional Victoria,2016,House,145,320000,331226,4.92,188.2,FALSE,FALSE
Mansfield Shire,Regional Victoria,2017,House,174,339750,353401,6.17,199.9,FALSE,FALSE
Mansfield Shire,Regional Victoria,2018,House,151,380000,391384,11.85,223.5,FALSE,FALSE
Mansfield Shire,Regional Victoria,2019,House,128,407500,426959,7.24,239.7,FALSE,FALSE
Mansfield Shire,Regional Victoria,2020,House,176,446500,465311,9.57,262.6,FALSE,FALSE
Mansfield Shire,Regional Victoria,2021,House,236,589500,626268,32.03,346.8,FALSE,FALSE
Mansfield Shire,Regional Victoria,2022,House,145,670000,712562,13.66,394.1,FALSE,FALSE
Mansfield Shire,Regional Victoria,2023,House,130,695000,748003,3.73,408.8,FALSE,FALSE
Mansfield Shire,Regional Victoria,2024,House,106,660000,711733,-5.04,388.2,FALSE,FALSE
Mansfield Shire,Regional Victoria,2025,House,19,645000,651052,-2.27,379.4,FALSE,TRUE
Mansfield Shire,Regional Victoria,2004,Unit/Apartment,36,150000,154259,,100,FALSE,FALSE
Mansfield Shire,Regional Victoria,2005,Unit/Apartment,26,207500,184250,38.33,138.3,FALSE,FALSE
Mansfield Shire,Regional Victoria,2006,Unit/Apartment,31,245000,221632,18.07,163.3,FALSE,FALSE
Mansfield Shire,Regional Victoria,2007,Unit/Apartment,26,243000,219528,-0.82,162,FALSE,FALSE
Mansfield Shire,Regional Victoria,2008,Unit/Apartment,38,226250,210473,-6.89,150.8,FALSE,FALSE
Mansfield Shire,Regional Victoria,2009,Unit/Apartment,37,240000,218783,6.08,160,FALSE,FALSE
Mansfield Shire,Regional Victoria,2010,Unit/Apartment,30,238500,252460,-0.62,159,FALSE,FALSE
Mansfield Shire,Regional Victoria,2011,Unit/Apartment,29,256000,238293,7.34,170.7,FALSE,FALSE
Mansfield Shire,Regional Victoria,2012,Unit/Apartment,25,295750,274450,15.53,197.2,FALSE,FALSE
Mansfield Shire,Regional Victoria,2013,Unit/Apartment,16,266500,249343,-9.89,177.7,FALSE,FALSE
Mansfield Shire,Regional Victoria,2014,Unit/Apartment,31,289500,268431,8.63,193,FALSE,FALSE
Mansfield Shire,Regional Victoria,2015,Unit/Apartment,27,275000,273346,-5.01,183.3,FALSE,FALSE
Mansfield Shire,Regional Victoria,2016,Unit/Apartment,26,197500,244634,-28.18,131.7,FALSE,FALSE
Mansfield Shire,Regional Victoria,2017,Unit/Apartment,19,265000,280578,34.18,176.7,FALSE,FALSE
Mansfield Shire,Regional Victoria,2018,Unit/Apartment,28,310000,317926,16.98,206.7,FALSE,FALSE
Mansfield Shire,Regional Victoria,2019,Unit/Apartment,22,324000,310793,4.52,216,FALSE,FALSE
Mansfield Shire,Regional Victoria,2020,Unit/Apartment,30,386000,405360,19.14,257.3,FALSE,FALSE
Mansfield Shire,Regional Victoria,2021,Unit/Apartment,18,433000,469222,12.18,288.7,FALSE,FALSE
Mansfield Shire,Regional Victoria,2022,Unit/Apartment,19,495000,479184,14.32,330,FALSE,FALSE
Mansfield Shire,Regional Victoria,2023,Unit/Apartment,18,555000,633722,12.12,370,FALSE,FALSE
Mansfield Shire,Regional Victoria,2024,Unit/Apartment,14,545000,528071,-1.8,363.3,FALSE,FALSE
Mansfield Shire,Regional Victoria,2025,Unit/Apartment,3,535000,440000,-1.83,356.7,FALSE,TRUE
Mansfield Shire,Regional Victoria,2004,Vacant Land,110,55000,52756,,100,FALSE,FALSE
Mansfield Shire,Regional Victoria,2005,Vacant Land,86,68000,68834,23.64,123.6,FALSE,FALSE
Mansfield Shire,Regional Victoria,2006,Vacant Land,62,80000,76993,17.65,145.5,FALSE,FALSE
Mansfield Shire,Regional Victoria,2007,Vacant Land,58,82500,82590,3.12,150,FALSE,FALSE
Mansfield Shire,Regional Victoria,2008,Vacant Land,46,94250,88085,14.24,171.4,FALSE,FALSE
Mansfield Shire,Regional Victoria,2009,Vacant Land,49,100000,100641,6.1,181.8,FALSE,FALSE
Mansfield Shire,Regional Victoria,2010,Vacant Land,65,115000,111344,15,209.1,FALSE,FALSE
Mansfield Shire,Regional Victoria,2011,Vacant Land,92,89500,104813,-22.17,162.7,FALSE,FALSE
Mansfield Shire,Regional Victoria,2012,Vacant Land,48,92500,113281,3.35,168.2,FALSE,FALSE
Mansfield Shire,Regional Victoria,2013,Vacant Land,38,127500,117932,37.84,231.8,FALSE,FALSE
Mansfield Shire,Regional Victoria,2014,Vacant Land,43,130000,119732,1.96,236.4,FALSE,FALSE
Mansfield Shire,Regional Victoria,2015,Vacant Land,70,154950,149095,19.19,281.7,FALSE,FALSE
Mansfield Shire,Regional Victoria,2016,Vacant Land,70,164975,149001,6.47,300,FALSE,FALSE
Mansfield Shire,Regional Victoria,2017,Vacant Land,81,156000,152501,-5.44,283.6,FALSE,FALSE
Mansfield Shire,Regional Victoria,2018,Vacant Land,106,165000,162474,5.77,300,FALSE,FALSE
Mansfield Shire,Regional Victoria,2019,Vacant Land,100,169475,167780,2.71,308.1,FALSE,FALSE
Mansfield Shire,Regional Victoria,2020,Vacant Land,120,185000,200300,9.16,336.4,FALSE,FALSE
Mansfield Shire,Regional Victoria,2021,Vacant Land,112,266250,269601,43.92,484.1,FALSE,FALSE
Mansfield Shire,Regional Victoria,2022,Vacant Land,58,350000,329043,31.46,636.4,FALSE,FALSE
Mansfield Shire,Regional Victoria,2023,Vacant Land,28,355000,345214,1.43,645.5,FALSE,FALSE
Mansfield Shire,Regional Victoria,2024,Vacant Land,25,350000,327640,-1.41,636.4,FALSE,FALSE
Mansfield Shire,Regional Victoria,2025,Vacant Land,4,390500,348250,11.57,710,FALSE,TRUE
Maribyrnong City,Metro Melbourne,2004,House,1081,317000,332513,,100,FALSE,FALSE
Maribyrnong City,Metro Melbourne,2005,House,1181,327000,350548,3.15,103.2,FALSE,FALSE
Maribyrnong City,Metro Melbourne,2006,House,1206,350500,375857,7.19,110.6,FALSE,FALSE
Maribyrnong City,Metro Melbourne,2007,House,1570,430000,451956,22.68,135.6,FALSE,FALSE
Maribyrnong City,Metro Melbourne,2008,House,1073,460000,487018,6.98,145.1,FALSE,FALSE
Maribyrnong City,Metro Melbourne,2009,House,1184,500000,529186,8.7,157.7,FALSE,FALSE
Maribyrnong City,Metro Melbourne,2010,House,1034,605000,623936,21,190.9,FALSE,FALSE
Maribyrnong City,Metro Melbourne,2011,House,970,570200,606041,-5.75,179.9,FALSE,FALSE
Maribyrnong City,Metro Melbourne,2012,House,927,566300,595651,-0.68,178.6,FALSE,FALSE
Maribyrnong City,Metro Melbourne,2013,House,1105,601000,631911,6.13,189.6,FALSE,FALSE
Maribyrnong City,Metro Melbourne,2014,House,1139,670000,700668,11.48,211.4,FALSE,FALSE
Maribyrnong City,Metro Melbourne,2015,House,1041,725000,761229,8.21,228.7,FALSE,FALSE
Maribyrnong City,Metro Melbourne,2016,House,1001,822000,870845,13.38,259.3,FALSE,FALSE
Maribyrnong City,Metro Melbourne,2017,House,1020,900000,955571,9.49,283.9,FALSE,FALSE
Maribyrnong City,Metro Melbourne,2018,House,747,926000,979624,2.89,292.1,FALSE,FALSE
Maribyrnong City,Metro Melbourne,2019,House,855,848000,907381,-8.42,267.5,FALSE,FALSE
Maribyrnong City,Metro Melbourne,2020,House,912,870500,983534,2.65,274.6,FALSE,FALSE
Maribyrnong City,Metro Melbourne,2021,House,1205,1010000,1085021,16.03,318.6,FALSE,FALSE
Maribyrnong City,Metro Melbourne,2022,House,834,1009000,1097680,-0.1,318.3,FALSE,FALSE
Maribyrnong City,Metro Melbourne,2023,House,742,985000,1056915,-2.38,310.7,FALSE,FALSE
Maribyrnong City,Metro Melbourne,2024,House,892,1010000,1087670,2.54,318.6,FALSE,FALSE
Maribyrnong City,Metro Melbourne,2025,House,90,895000,977238,-11.39,282.3,FALSE,TRUE
Maribyrnong City,Metro Melbourne,2004,Unit/Apartment,623,268500,276422,,100,FALSE,FALSE
Maribyrnong City,Metro Melbourne,2005,Unit/Apartment,661,232750,254409,-13.31,86.7,FALSE,FALSE
Maribyrnong City,Metro Melbourne,2006,Unit/Apartment,705,237000,267728,1.83,88.3,FALSE,FALSE
Maribyrnong City,Metro Melbourne,2007,Unit/Apartment,1149,315000,323193,32.91,117.3,FALSE,FALSE
Maribyrnong City,Metro Melbourne,2008,Unit/Apartment,827,320000,328548,1.59,119.2,FALSE,FALSE
Maribyrnong City,Metro Melbourne,2009,Unit/Apartment,1359,375000,386912,17.19,139.7,FALSE,FALSE
Maribyrnong City,Metro Melbourne,2010,Unit/Apartment,1180,410000,428651,9.33,152.7,FALSE,FALSE
Maribyrnong City,Metro Melbourne,2011,Unit/Apartment,878,400000,419132,-2.44,149,FALSE,FALSE
Maribyrnong City,Metro Melbourne,2012,Unit/Apartment,1023,410000,418520,2.5,152.7,FALSE,FALSE
Maribyrnong City,Metro Melbourne,2013,Unit/Apartment,1073,400000,412550,-2.44,149,FALSE,FALSE
Maribyrnong City,Metro Melbourne,2014,Unit/Apartment,1197,430000,432325,7.5,160.1,FALSE,FALSE
Maribyrnong City,Metro Melbourne,2015,Unit/Apartment,1514,469170,468399,9.11,174.7,FALSE,FALSE
Maribyrnong City,Metro Melbourne,2016,Unit/Apartment,1322,465000,476817,-0.89,173.2,FALSE,FALSE
Maribyrnong City,Metro Melbourne,2017,Unit/Apartment,1768,495000,506927,6.45,184.4,FALSE,FALSE
Maribyrnong City,Metro Melbourne,2018,Unit/Apartment,1265,507500,515413,2.53,189,FALSE,FALSE
Maribyrnong City,Metro Melbourne,2019,Unit/Apartment,1028,512500,530616,0.99,190.9,FALSE,FALSE
Maribyrnong City,Metro Melbourne,2020,Unit/Apartment,1119,538000,548335,4.98,200.4,FALSE,FALSE
Maribyrnong City,Metro Melbourne,2021,Unit/Apartment,1356,550350,576317,2.3,205,FALSE,FALSE
Maribyrnong City,Metro Melbourne,2022,Unit/Apartment,1167,524801,545498,-4.64,195.5,FALSE,FALSE
Maribyrnong City,Metro Melbourne,2023,Unit/Apartment,1143,532000,542157,1.37,198.1,FALSE,FALSE
Maribyrnong City,Metro Melbourne,2024,Unit/Apartment,1298,537000,553011,0.94,200,FALSE,FALSE
Maribyrnong City,Metro Melbourne,2025,Unit/Apartment,177,480000,504839,-10.61,178.8,FALSE,TRUE
Maribyrnong City,Metro Melbourne,2004,Vacant Land,87,195000,215882,,100,FALSE,FALSE
Maribyrnong City,Metro Melbourne,2005,Vacant Land,222,190000,201860,-2.56,97.4,FALSE,FALSE
Maribyrnong City,Metro Melbourne,2006,Vacant Land,109,180000,199473,-5.26,92.3,FALSE,FALSE
Maribyrnong City,Metro Melbourne,2007,Vacant Land,90,272500,265286,51.39,139.7,FALSE,FALSE
Maribyrnong City,Metro Melbourne,2008,Vacant Land,48,246250,274777,-9.63,126.3,FALSE,FALSE
Maribyrnong City,Metro Melbourne,2009,Vacant Land,157,160000,207136,-35.03,82.1,FALSE,FALSE
Maribyrnong City,Metro Melbourne,2010,Vacant Land,27,169000,220375,5.62,86.7,FALSE,FALSE
Maribyrnong City,Metro Melbourne,2011,Vacant Land,14,232250,257850,37.43,119.1,FALSE,FALSE
Maribyrnong City,Metro Melbourne,2012,Vacant Land,38,292600,335421,25.98,150.1,FALSE,FALSE
Maribyrnong City,Metro Melbourne,2013,Vacant Land,90,275786,278587,-5.75,141.4,FALSE,FALSE
Maribyrnong City,Metro Melbourne,2014,Vacant Land,78,282311,282402,2.37,144.8,FALSE,FALSE
Maribyrnong City,Metro Melbourne,2015,Vacant Land,42,295898,300939,4.81,151.7,FALSE,FALSE
Maribyrnong City,Metro Melbourne,2016,Vacant Land,35,400000,497130,35.18,205.1,FALSE,FALSE
Maribyrnong City,Metro Melbourne,2017,Vacant Land,23,650000,654595,62.5,333.3,FALSE,FALSE
Maribyrnong City,Metro Melbourne,2018,Vacant Land,42,439500,479404,-32.38,225.4,FALSE,FALSE
Maribyrnong City,Metro Melbourne,2019,Vacant Land,101,413500,445128,-5.92,212.1,FALSE,FALSE
Maribyrnong City,Metro Melbourne,2020,Vacant Land,58,496500,480707,20.07,254.6,FALSE,FALSE
Maribyrnong City,Metro Melbourne,2021,Vacant Land,25,565000,610840,13.8,289.7,FALSE,FALSE
Maribyrnong City,Metro Melbourne,2022,Vacant Land,6,766589,891696,35.68,393.1,FALSE,FALSE
Maribyrnong City,Metro Melbourne,2023,Vacant Land,15,635000,547700,-17.17,325.6,FALSE,FALSE
Maribyrnong City,Metro Melbourne,2024,Vacant Land,10,623500,599350,-1.81,319.7,FALSE,FALSE
Maribyrnong City,Metro Melbourne,2025,Vacant Land,0,0,0,-100,0,FALSE,TRUE
Maroondah City,Metro Melbourne,2004,House,1443,300000,321985,,100,FALSE,FALSE
Maroondah City,Metro Melbourne,2005,House,1574,313000,331422,4.33,104.3,FALSE,FALSE
Maroondah City,Metro Melbourne,2006,House,1370,330000,352190,5.43,110,FALSE,FALSE
Maroondah City,Metro Melbourne,2007,House,1614,375250,402219,13.71,125.1,FALSE,FALSE
Maroondah City,Metro Melbourne,2008,House,1335,400000,427430,6.6,133.3,FALSE,FALSE
Maroondah City,Metro Melbourne,2009,House,1558,431000,456693,7.75,143.7,FALSE,FALSE
Maroondah City,Metro Melbourne,2010,House,1400,520000,539165,20.65,173.3,FALSE,FALSE
Maroondah City,Metro Melbourne,2011,House,1244,490000,517445,-5.77,163.3,FALSE,FALSE
Maroondah City,Metro Melbourne,2012,House,1274,490000,517217,0,163.3,FALSE,FALSE
Maroondah City,Metro Melbourne,2013,House,1461,532000,552749,8.57,177.3,FALSE,FALSE
Maroondah City,Metro Melbourne,2014,House,1526,600500,624010,12.88,200.2,FALSE,FALSE
Maroondah City,Metro Melbourne,2015,House,1633,695000,725398,15.74,231.7,FALSE,FALSE
Maroondah City,Metro Melbourne,2016,House,1446,750000,791574,7.91,250,FALSE,FALSE
Maroondah City,Metro Melbourne,2017,House,1343,860000,916621,14.67,286.7,FALSE,FALSE
Maroondah City,Metro Melbourne,2018,House,1220,850000,899798,-1.16,283.3,FALSE,FALSE
Maroondah City,Metro Melbourne,2019,House,1216,789000,820672,-7.18,263,FALSE,FALSE
Maroondah City,Metro Melbourne,2020,House,1006,850000,886469,7.73,283.3,FALSE,FALSE
Maroondah City,Metro Melbourne,2021,House,1529,1000000,1057899,17.65,333.3,FALSE,FALSE
Maroondah City,Metro Melbourne,2022,House,1224,1000000,1081567,0,333.3,FALSE,FALSE
Maroondah City,Metro Melbourne,2023,House,1141,1000000,1068404,0,333.3,FALSE,FALSE
Maroondah City,Metro Melbourne,2024,House,1226,1025000,1099124,2.5,341.7,FALSE,FALSE
Maroondah City,Metro Melbourne,2025,House,114,1000000,1035826,-2.44,333.3,FALSE,TRUE
Maroondah City,Metro Melbourne,2004,Unit/Apartment,897,235000,243128,,100,FALSE,FALSE
Maroondah City,Metro Melbourne,2005,Unit/Apartment,947,245000,254996,4.26,104.3,FALSE,FALSE
Maroondah City,Metro Melbourne,2006,Unit/Apartment,940,252050,261594,2.88,107.3,FALSE,FALSE
Maroondah City,Metro Melbourne,2007,Unit/Apartment,1171,280000,294532,11.09,119.1,FALSE,FALSE
Maroondah City,Metro Melbourne,2008,Unit/Apartment,945,303000,322893,8.21,128.9,FALSE,FALSE
Maroondah City,Metro Melbourne,2009,Unit/Apartment,1137,339950,356084,12.19,144.7,FALSE,FALSE
Maroondah City,Metro Melbourne,2010,Unit/Apartment,916,381000,402095,12.08,162.1,FALSE,FALSE
Maroondah City,Metro Melbourne,2011,Unit/Apartment,820,380444,,-0.15,161.9,FALSE,FALSE
Maroondah City,Metro Melbourne,2012,Unit/Apartment,913,375000,394805,-1.43,159.6,FALSE,FALSE
Maroondah City,Metro Melbourne,2013,Unit/Apartment,1042,396000,406987,5.6,168.5,FALSE,FALSE
Maroondah City,Metro Melbourne,2014,Unit/Apartment,1161,430000,445199,8.59,183,FALSE,FALSE
Maroondah City,Metro Melbourne,2015,Unit/Apartment,1270,470000,491651,9.3,200,FALSE,FALSE
Maroondah City,Metro Melbourne,2016,Unit/Apartment,1172,506500,537658,7.77,215.5,FALSE,FALSE
Maroondah City,Metro Melbourne,2017,Unit/Apartment,1273,573000,604667,13.13,243.8,FALSE,FALSE
Maroondah City,Metro Melbourne,2018,Unit/Apartment,838,595000,606422,3.84,253.2,FALSE,FALSE
Maroondah City,Metro Melbourne,2019,Unit/Apartment,1001,580000,603766,-2.52,246.8,FALSE,FALSE
Maroondah City,Metro Melbourne,2020,Unit/Apartment,806,610000,625901,5.17,259.6,FALSE,FALSE
Maroondah City,Metro Melbourne,2021,Unit/Apartment,1349,673000,693535,10.33,286.4,FALSE,FALSE
Maroondah City,Metro Melbourne,2022,Unit/Apartment,998,672250,695384,-0.11,286.1,FALSE,FALSE
Maroondah City,Metro Melbourne,2023,Unit/Apartment,1011,678000,709941,0.86,288.5,FALSE,FALSE
Maroondah City,Metro Melbourne,2024,Unit/Apartment,1114,698500,711735,3.02,297.2,FALSE,FALSE
Maroondah City,Metro Melbourne,2025,Unit/Apartment,138,650000,649149,-6.94,276.6,FALSE,TRUE
Maroondah City,Metro Melbourne,2004,Vacant Land,81,198000,200951,,100,FALSE,FALSE
Maroondah City,Metro Melbourne,2005,Vacant Land,28,146428,172409,-26.05,74,FALSE,FALSE
Maroondah City,Metro Melbourne,2006,Vacant Land,67,220000,222332,50.24,111.1,FALSE,FALSE
Maroondah City,Metro Melbourne,2007,Vacant Land,62,246250,244758,11.93,124.4,FALSE,FALSE
Maroondah City,Metro Melbourne,2008,Vacant Land,80,239000,258870,-2.94,120.7,FALSE,FALSE
Maroondah City,Metro Melbourne,2009,Vacant Land,141,279000,266289,16.74,140.9,FALSE,FALSE
Maroondah City,Metro Melbourne,2010,Vacant Land,100,320000,300286,14.7,161.6,FALSE,FALSE
Maroondah City,Metro Melbourne,2011,Vacant Land,126,293250,298652,-8.36,148.1,FALSE,FALSE
Maroondah City,Metro Melbourne,2012,Vacant Land,117,275000,284438,-6.22,138.9,FALSE,FALSE
Maroondah City,Metro Melbourne,2013,Vacant Land,189,250000,274471,-9.09,126.3,FALSE,FALSE
Maroondah City,Metro Melbourne,2014,Vacant Land,117,320000,338215,28,161.6,FALSE,FALSE
Maroondah City,Metro Melbourne,2015,Vacant Land,75,409000,424871,27.81,206.6,FALSE,FALSE
Maroondah City,Metro Melbourne,2016,Vacant Land,38,369500,436839,-9.66,186.6,FALSE,FALSE
Maroondah City,Metro Melbourne,2017,Vacant Land,50,582500,593904,57.65,294.2,FALSE,FALSE
Maroondah City,Metro Melbourne,2018,Vacant Land,48,422500,476638,-27.47,213.4,FALSE,FALSE
Maroondah City,Metro Melbourne,2019,Vacant Land,61,400000,467333,-5.33,202,FALSE,FALSE
Maroondah City,Metro Melbourne,2020,Vacant Land,67,560000,581497,40,282.8,FALSE,FALSE
Maroondah City,Metro Melbourne,2021,Vacant Land,78,664000,688075,18.57,335.4,FALSE,FALSE
Maroondah City,Metro Melbourne,2022,Vacant Land,38,625237,647516,-5.84,315.8,FALSE,FALSE
Maroondah City,Metro Melbourne,2023,Vacant Land,32,817500,790087,30.75,412.9,FALSE,FALSE
Maroondah City,Metro Melbourne,2024,Vacant Land,22,935000,1172689,14.37,472.2,FALSE,FALSE
Maroondah City,Metro Melbourne,2025,Vacant Land,1,640000,640000,-31.55,323.2,FALSE,TRUE
Melbourne City,Metro Melbourne,2004,House,422,470000,656109,,100,FALSE,FALSE
Melbourne City,Metro Melbourne,2005,House,477,460000,646406,-2.13,97.9,FALSE,FALSE
Melbourne City,Metro Melbourne,2006,House,469,532000,762290,15.65,113.2,FALSE,FALSE
Melbourne City,Metro Melbourne,2007,House,572,650000,931237,22.18,138.3,FALSE,FALSE
Melbourne City,Metro Melbourne,2008,House,340,615000,875459,-5.38,130.9,FALSE,FALSE
Melbourne City,Metro Melbourne,2009,House,383,660000,904350,7.32,140.4,FALSE,FALSE
Melbourne City,Metro Melbourne,2010,House,324,802500,1053402,21.59,170.7,FALSE,FALSE
Melbourne City,Metro Melbourne,2011,House,380,750000,1051846,-6.54,159.6,FALSE,FALSE
Melbourne City,Metro Melbourne,2012,House,345,740000,1013078,-1.33,157.4,FALSE,FALSE
Melbourne City,Metro Melbourne,2013,House,423,815000,1111837,10.14,173.4,FALSE,FALSE
Melbourne City,Metro Melbourne,2014,House,382,915000,1273009,12.27,194.7,FALSE,FALSE
Melbourne City,Metro Melbourne,2015,House,400,958000,1302544,4.7,203.8,FALSE,FALSE
Melbourne City,Metro Melbourne,2016,House,377,1169000,1654392,22.03,248.7,FALSE,FALSE
Melbourne City,Metro Melbourne,2017,House,335,1370000,1884841,17.19,291.5,FALSE,FALSE
Melbourne City,Metro Melbourne,2018,House,304,1272000,1837681,-7.15,270.6,FALSE,FALSE
Melbourne City,Metro Melbourne,2019,House,273,1295000,1661676,1.81,275.5,FALSE,FALSE
Melbourne City,Metro Melbourne,2020,House,223,1300000,1890895,0.39,276.6,FALSE,FALSE
Melbourne City,Metro Melbourne,2021,House,394,1370000,1788719,5.38,291.5,FALSE,FALSE
Melbourne City,Metro Melbourne,2022,House,364,1433406,1857169,4.63,305,FALSE,FALSE
Melbourne City,Metro Melbourne,2023,House,305,1330000,1890309,-7.21,283,FALSE,FALSE
Melbourne City,Metro Melbourne,2024,House,345,1290000,1875918,-3.01,274.5,FALSE,FALSE
Melbourne City,Metro Melbourne,2025,House,47,1170000,1283957,-9.3,248.9,FALSE,TRUE
Melbourne City,Metro Melbourne,2004,Unit/Apartment,3324,319000,372006,,100,FALSE,FALSE
Melbourne City,Metro Melbourne,2005,Unit/Apartment,3721,321875,390734,0.9,100.9,FALSE,FALSE
Melbourne City,Metro Melbourne,2006,Unit/Apartment,4189,353000,440810,9.67,110.7,FALSE,FALSE
Melbourne City,Metro Melbourne,2007,Unit/Apartment,6092,391000,516261,10.76,122.6,FALSE,FALSE
Melbourne City,Metro Melbourne,2008,Unit/Apartment,5091,409000,480188,4.6,128.2,FALSE,FALSE
Melbourne City,Metro Melbourne,2009,Unit/Apartment,5797,430000,497490,5.13,134.8,FALSE,FALSE
Melbourne City,Metro Melbourne,2010,Unit/Apartment,7680,495000,570174,15.12,155.2,FALSE,FALSE
Melbourne City,Metro Melbourne,2011,Unit/Apartment,6416,500000,568089,1.01,156.7,FALSE,FALSE
Melbourne City,Metro Melbourne,2012,Unit/Apartment,5642,497000,555054,-0.6,155.8,FALSE,FALSE
Melbourne City,Metro Melbourne,2013,Unit/Apartment,7713,515500,590389,3.72,161.6,FALSE,FALSE
Melbourne City,Metro Melbourne,2014,Unit/Apartment,11256,526751,583985,2.18,165.1,FALSE,FALSE
Melbourne City,Metro Melbourne,2015,Unit/Apartment,10377,575000,652560,9.16,180.3,FALSE,FALSE
Melbourne City,Metro Melbourne,2016,Unit/Apartment,7624,590000,708568,2.61,185,FALSE,FALSE
Melbourne City,Metro Melbourne,2017,Unit/Apartment,7331,583250,698090,-1.14,182.8,FALSE,FALSE
Melbourne City,Metro Melbourne,2018,Unit/Apartment,5481,586400,691478,0.54,183.8,FALSE,FALSE
Melbourne City,Metro Melbourne,2019,Unit/Apartment,4577,589000,738636,0.44,184.6,FALSE,FALSE
Melbourne City,Metro Melbourne,2020,Unit/Apartment,3111,593000,733323,0.68,185.9,FALSE,FALSE
Melbourne City,Metro Melbourne,2021,Unit/Apartment,4054,567500,726205,-4.3,177.9,FALSE,FALSE
Melbourne City,Metro Melbourne,2022,Unit/Apartment,4668,587000,713839,3.44,184,FALSE,FALSE
Melbourne City,Metro Melbourne,2023,Unit/Apartment,5237,565664,691225,-3.63,177.3,FALSE,FALSE
Melbourne City,Metro Melbourne,2024,Unit/Apartment,5681,575000,687535,1.65,180.3,FALSE,FALSE
Melbourne City,Metro Melbourne,2025,Unit/Apartment,787,507000,615065,-11.83,158.9,FALSE,TRUE
Melbourne City,Metro Melbourne,2004,Vacant Land,6,176187,185812,,100,FALSE,FALSE
Melbourne City,Metro Melbourne,2005,Vacant Land,4,280000,286500,58.92,158.9,FALSE,FALSE
Melbourne City,Metro Melbourne,2006,Vacant Land,14,260000,264121,-7.14,147.6,FALSE,FALSE
Melbourne City,Metro Melbourne,2007,Vacant Land,5,354000,294800,36.15,200.9,FALSE,FALSE
Melbourne City,Metro Melbourne,2008,Vacant Land,1,307500,307500,-13.14,174.5,FALSE,FALSE
Melbourne City,Metro Melbourne,2009,Vacant Land,2,150760,150760,-50.97,85.6,FALSE,FALSE
Melbourne City,Metro Melbourne,2010,Vacant Land,7,347000,676785,130.17,196.9,FALSE,FALSE
Melbourne City,Metro Melbourne,2011,Vacant Land,5,330000,524800,-4.9,187.3,FALSE,FALSE
Melbourne City,Metro Melbourne,2012,Vacant Land,6,445250,585333,34.92,252.7,FALSE,FALSE
Melbourne City,Metro Melbourne,2013,Vacant Land,9,320000,367944,-28.13,181.6,FALSE,FALSE
Melbourne City,Metro Melbourne,2014,Vacant Land,1,515000,515000,60.94,292.3,FALSE,FALSE
Melbourne City,Metro Melbourne,2015,Vacant Land,2,565500,565500,9.81,321,FALSE,FALSE
Melbourne City,Metro Melbourne,2016,Vacant Land,4,956500,846750,69.14,542.9,FALSE,FALSE
Melbourne City,Metro Melbourne,2017,Vacant Land,7,900000,963571,-5.91,510.8,FALSE,FALSE
Melbourne City,Metro Melbourne,2018,Vacant Land,6,488750,784879,-45.69,277.4,FALSE,FALSE
Melbourne City,Metro Melbourne,2019,Vacant Land,1,560000,560000,14.58,317.8,FALSE,FALSE
Melbourne City,Metro Melbourne,2020,Vacant Land,0,0,0,-100,0,FALSE,FALSE
Melbourne City,Metro Melbourne,2021,Vacant Land,4,1387500,1796250,inf,787.5,FALSE,FALSE
Melbourne City,Metro Melbourne,2022,Vacant Land,1,1732500,1732500,24.86,983.3,FALSE,FALSE
Melbourne City,Metro Melbourne,2023,Vacant Land,0,0,0,-100,0,FALSE,FALSE
Melbourne City,Metro Melbourne,2024,Vacant Land,4,776000,2988000,inf,440.4,FALSE,FALSE
Melbourne City,Metro Melbourne,2025,Vacant Land,0,0,0,-100,0,FALSE,TRUE
Melbourne Metropolitan Area,Aggregate,2004,House,53796,308944,381618,,100,TRUE,FALSE
Melbourne Metropolitan Area,Aggregate,2005,House,56847,320000,399974,3.58,103.6,TRUE,FALSE
Melbourne Metropolitan Area,Aggregate,2006,House,55173,345000,439669,7.81,111.7,TRUE,FALSE
Melbourne Metropolitan Area,Aggregate,2007,House,66462,372000,503365,7.83,120.4,TRUE,FALSE
Melbourne Metropolitan Area,Aggregate,2008,House,52125,385000,510272,3.49,124.6,TRUE,FALSE
Melbourne Metropolitan Area,Aggregate,2009,House,60061,418100,540086,8.6,135.3,TRUE,FALSE
Melbourne Metropolitan Area,Aggregate,2010,House,55462,495500,636509,18.51,160.4,TRUE,FALSE
Melbourne Metropolitan Area,Aggregate,2011,House,48935,493000,633428,-0.5,159.6,TRUE,FALSE
Melbourne Metropolitan Area,Aggregate,2012,House,47572,485000,618323,-1.62,157,TRUE,FALSE
Melbourne Metropolitan Area,Aggregate,2013,House,55225,520000,668715,7.22,168.3,TRUE,FALSE
Melbourne Metropolitan Area,Aggregate,2014,House,60830,556000,726543,6.92,180,TRUE,FALSE
Melbourne Metropolitan Area,Aggregate,2015,House,66599,600000,811682,7.91,194.2,TRUE,FALSE
Melbourne Metropolitan Area,Aggregate,2016,House,61898,641000,861361,6.83,207.5,TRUE,FALSE
Melbourne Metropolitan Area,Aggregate,2017,House,63281,720000,953221,12.32,233.1,TRUE,FALSE
Melbourne Metropolitan Area,Aggregate,2018,House,51756,740000,977282,2.78,239.5,TRUE,FALSE
Melbourne Metropolitan Area,Aggregate,2019,House,51585,720000,941834,-2.7,233.1,TRUE,FALSE
Melbourne Metropolitan Area,Aggregate,2020,House,46909,750000,988981,4.17,242.8,TRUE,FALSE
Melbourne Metropolitan Area,Aggregate,2021,House,72092,867500,1151981,15.67,280.8,TRUE,FALSE
Melbourne Metropolitan Area,Aggregate,2022,House,57186,890000,1181246,2.59,288.1,TRUE,FALSE
Melbourne Metropolitan Area,Aggregate,2023,House,54694,860000,1160843,-3.37,278.4,TRUE,FALSE
Melbourne Metropolitan Area,Aggregate,2024,House,61409,855000,1136618,-0.58,276.7,TRUE,FALSE
Melbourne Metropolitan Area,Aggregate,2025,House,6492,750000,926371,-12.28,242.8,TRUE,TRUE
Melbourne Metropolitan Area,Aggregate,2004,Unit/Apartment,26087,275000,323110,,100,TRUE,FALSE
Melbourne Metropolitan Area,Aggregate,2005,Unit/Apartment,29089,285000,332408,3.64,103.6,TRUE,FALSE
Melbourne Metropolitan Area,Aggregate,2006,Unit/Apartment,30837,305000,364847,7.02,110.9,TRUE,FALSE
Melbourne Metropolitan Area,Aggregate,2007,Unit/Apartment,42246,340000,408442,11.48,123.6,TRUE,FALSE
Melbourne Metropolitan Area,Aggregate,2008,Unit/Apartment,32068,355000,407357,4.41,129.1,TRUE,FALSE
Melbourne Metropolitan Area,Aggregate,2009,Unit/Apartment,40964,385000,435919,8.45,140,TRUE,FALSE
Melbourne Metropolitan Area,Aggregate,2010,Unit/Apartment,39924,448250,507647,16.43,163,TRUE,FALSE
Melbourne Metropolitan Area,Aggregate,2011,Unit/Apartment,34099,445000,504090,-0.73,161.8,TRUE,FALSE
Melbourne Metropolitan Area,Aggregate,2012,Unit/Apartment,33779,436500,492145,-1.91,158.7,TRUE,FALSE
Melbourne Metropolitan Area,Aggregate,2013,Unit/Apartment,42374,460000,518346,5.38,167.3,TRUE,FALSE
Melbourne Metropolitan Area,Aggregate,2014,Unit/Apartment,50746,482500,541512,4.89,175.5,TRUE,FALSE
Melbourne Metropolitan Area,Aggregate,2015,Unit/Apartment,53906,510000,581898,5.7,185.5,TRUE,FALSE
Melbourne Metropolitan Area,Aggregate,2016,Unit/Apartment,47184,520000,608562,1.96,189.1,TRUE,FALSE
Melbourne Metropolitan Area,Aggregate,2017,Unit/Apartment,48433,555000,649299,6.73,201.8,TRUE,FALSE
Melbourne Metropolitan Area,Aggregate,2018,Unit/Apartment,36196,570000,658172,2.7,207.3,TRUE,FALSE
Melbourne Metropolitan Area,Aggregate,2019,Unit/Apartment,33197,580000,679084,1.75,210.9,TRUE,FALSE
Melbourne Metropolitan Area,Aggregate,2020,Unit/Apartment,29927,600000,687890,3.45,218.2,TRUE,FALSE
Melbourne Metropolitan Area,Aggregate,2021,Unit/Apartment,46610,635000,745824,5.83,230.9,TRUE,FALSE
Melbourne Metropolitan Area,Aggregate,2022,Unit/Apartment,38273,625000,737641,-1.57,227.3,TRUE,FALSE
Melbourne Metropolitan Area,Aggregate,2023,Unit/Apartment,39073,620000,731770,-0.8,225.5,TRUE,FALSE
Melbourne Metropolitan Area,Aggregate,2024,Unit/Apartment,43359,615000,712535,-0.81,223.6,TRUE,FALSE
Melbourne Metropolitan Area,Aggregate,2025,Unit/Apartment,5399,579000,642984,-5.85,210.5,TRUE,TRUE
Melbourne Metropolitan Area,Aggregate,2004,Vacant Land,13000,135000,145009,,100,TRUE,FALSE
Melbourne Metropolitan Area,Aggregate,2005,Vacant Land,13330,137000,146848,1.48,101.5,TRUE,FALSE
Melbourne Metropolitan Area,Aggregate,2006,Vacant Land,14768,139000,153139,1.46,103,TRUE,FALSE
Melbourne Metropolitan Area,Aggregate,2007,Vacant Land,20424,143900,155663,3.53,106.6,TRUE,FALSE
Melbourne Metropolitan Area,Aggregate,2008,Vacant Land,16166,152000,161795,5.63,112.6,TRUE,FALSE
Melbourne Metropolitan Area,Aggregate,2009,Vacant Land,22634,166000,174726,9.21,123,TRUE,FALSE
Melbourne Metropolitan Area,Aggregate,2010,Vacant Land,19560,190000,206050,14.46,140.7,TRUE,FALSE
Melbourne Metropolitan Area,Aggregate,2011,Vacant Land,12331,210766,227228,10.93,156.1,TRUE,FALSE
Melbourne Metropolitan Area,Aggregate,2012,Vacant Land,10219,210000,226861,-0.36,155.6,TRUE,FALSE
Melbourne Metropolitan Area,Aggregate,2013,Vacant Land,13507,207900,227227,-1,154,TRUE,FALSE
Melbourne Metropolitan Area,Aggregate,2014,Vacant Land,16207,210000,232680,1.01,155.6,TRUE,FALSE
Melbourne Metropolitan Area,Aggregate,2015,Vacant Land,20573,219500,240588,4.52,162.6,TRUE,FALSE
Melbourne Metropolitan Area,Aggregate,2016,Vacant Land,26139,229000,245131,4.33,169.6,TRUE,FALSE
Melbourne Metropolitan Area,Aggregate,2017,Vacant Land,28426,270000,287287,17.9,200,TRUE,FALSE
Melbourne Metropolitan Area,Aggregate,2018,Vacant Land,16775,313900,332687,16.26,232.5,TRUE,FALSE
Melbourne Metropolitan Area,Aggregate,2019,Vacant Land,12511,310900,335740,-0.96,230.3,TRUE,FALSE
Melbourne Metropolitan Area,Aggregate,2020,Vacant Land,23113,309000,327323,-0.61,228.9,TRUE,FALSE
Melbourne Metropolitan Area,Aggregate,2021,Vacant Land,36411,329000,352969,6.47,243.7,TRUE,FALSE
Melbourne Metropolitan Area,Aggregate,2022,Vacant Land,14571,370000,405399,12.46,274.1,TRUE,FALSE
Melbourne Metropolitan Area,Aggregate,2023,Vacant Land,8613,379000,426116,2.43,280.7,TRUE,FALSE
Melbourne Metropolitan Area,Aggregate,2024,Vacant Land,8977,368000,411910,-2.9,272.6,TRUE,FALSE
Melbourne Metropolitan Area,Aggregate,2025,Vacant Land,750,380500,440707,3.4,281.9,TRUE,TRUE
Melton City,Metro Melbourne,2004,House,1481,240000,243832,,100,FALSE,FALSE
Melton City,Metro Melbourne,2005,House,1611,250000,250869,4.17,104.2,FALSE,FALSE
Melton City,Metro Melbourne,2006,House,1409,255000,255948,2,106.2,FALSE,FALSE
Melton City,Metro Melbourne,2007,House,2183,263000,270421,3.14,109.6,FALSE,FALSE
Melton City,Metro Melbourne,2008,House,2165,285000,293233,8.37,118.8,FALSE,FALSE
Melton City,Metro Melbourne,2009,House,2404,305000,315048,7.02,127.1,FALSE,FALSE
Melton City,Metro Melbourne,2010,House,2174,336750,353620,10.41,140.3,FALSE,FALSE
Melton City,Metro Melbourne,2011,House,1774,355000,368401,5.42,147.9,FALSE,FALSE
Melton City,Metro Melbourne,2012,House,1683,353000,369029,-0.56,147.1,FALSE,FALSE
Melton City,Metro Melbourne,2013,House,1813,360000,378482,1.98,150,FALSE,FALSE
Melton City,Metro Melbourne,2014,House,1939,380000,393485,5.56,158.3,FALSE,FALSE
Melton City,Metro Melbourne,2015,House,2269,385000,410639,1.32,160.4,FALSE,FALSE
Melton City,Metro Melbourne,2016,House,2445,401000,433630,4.16,167.1,FALSE,FALSE
Melton City,Metro Melbourne,2017,House,2834,453000,490820,12.97,188.8,FALSE,FALSE
Melton City,Metro Melbourne,2018,House,2443,515000,546417,13.69,214.6,FALSE,FALSE
Melton City,Metro Melbourne,2019,House,2199,510000,531968,-0.97,212.5,FALSE,FALSE
Melton City,Metro Melbourne,2020,House,2272,533190,560094,4.55,222.2,FALSE,FALSE
Melton City,Metro Melbourne,2021,House,3697,580000,615254,8.78,241.7,FALSE,FALSE
Melton City,Metro Melbourne,2022,House,3363,625000,665361,7.76,260.4,FALSE,FALSE
Melton City,Metro Melbourne,2023,House,3568,623500,650035,-0.24,259.8,FALSE,FALSE
Melton City,Metro Melbourne,2024,House,4305,625000,659043,0.24,260.4,FALSE,FALSE
Melton City,Metro Melbourne,2025,House,567,605000,634196,-3.2,252.1,FALSE,TRUE
Melton City,Metro Melbourne,2004,Unit/Apartment,255,225000,201051,,100,FALSE,FALSE
Melton City,Metro Melbourne,2005,Unit/Apartment,174,190000,198717,-15.56,84.4,FALSE,FALSE
Melton City,Metro Melbourne,2006,Unit/Apartment,165,220000,221030,15.79,97.8,FALSE,FALSE
Melton City,Metro Melbourne,2007,Unit/Apartment,311,215000,224431,-2.27,95.6,FALSE,FALSE
Melton City,Metro Melbourne,2008,Unit/Apartment,364,230000,231203,6.98,102.2,FALSE,FALSE
Melton City,Metro Melbourne,2009,Unit/Apartment,441,249000,259440,8.26,110.7,FALSE,FALSE
Melton City,Metro Melbourne,2010,Unit/Apartment,377,259000,288300,4.02,115.1,FALSE,FALSE
Melton City,Metro Melbourne,2011,Unit/Apartment,276,270000,280258,4.25,120,FALSE,FALSE
Melton City,Metro Melbourne,2012,Unit/Apartment,304,286500,290663,6.11,127.3,FALSE,FALSE
Melton City,Metro Melbourne,2013,Unit/Apartment,393,265000,273276,-7.5,117.8,FALSE,FALSE
Melton City,Metro Melbourne,2014,Unit/Apartment,396,308500,316556,16.42,137.1,FALSE,FALSE
Melton City,Metro Melbourne,2015,Unit/Apartment,379,275000,298562,-10.86,122.2,FALSE,FALSE
Melton City,Metro Melbourne,2016,Unit/Apartment,383,305000,351901,10.91,135.6,FALSE,FALSE
Melton City,Metro Melbourne,2017,Unit/Apartment,533,360000,370393,18.03,160,FALSE,FALSE
Melton City,Metro Melbourne,2018,Unit/Apartment,293,385000,401863,6.94,171.1,FALSE,FALSE
Melton City,Metro Melbourne,2019,Unit/Apartment,261,350000,370302,-9.09,155.6,FALSE,FALSE
Melton City,Metro Melbourne,2020,Unit/Apartment,213,370000,397703,5.71,164.4,FALSE,FALSE
Melton City,Metro Melbourne,2021,Unit/Apartment,334,402900,415030,8.89,179.1,FALSE,FALSE
Melton City,Metro Melbourne,2022,Unit/Apartment,276,430000,439103,6.73,191.1,FALSE,FALSE
Melton City,Metro Melbourne,2023,Unit/Apartment,262,436500,456939,1.51,194,FALSE,FALSE
Melton City,Metro Melbourne,2024,Unit/Apartment,328,440000,453059,0.8,195.6,FALSE,FALSE
Melton City,Metro Melbourne,2025,Unit/Apartment,44,437500,469011,-0.57,194.4,FALSE,TRUE
Melton City,Metro Melbourne,2004,Vacant Land,2061,120000,122587,,100,FALSE,FALSE
Melton City,Metro Melbourne,2005,Vacant Land,1833,123000,124973,2.5,102.5,FALSE,FALSE
Melton City,Metro Melbourne,2006,Vacant Land,1889,129000,131335,4.88,107.5,FALSE,FALSE
Melton City,Metro Melbourne,2007,Vacant Land,2841,129000,130060,0,107.5,FALSE,FALSE
Melton City,Metro Melbourne,2008,Vacant Land,2165,131000,136485,1.55,109.2,FALSE,FALSE
Melton City,Metro Melbourne,2009,Vacant Land,2380,125000,145984,-4.58,104.2,FALSE,FALSE
Melton City,Metro Melbourne,2010,Vacant Land,2462,140250,163293,12.2,116.9,FALSE,FALSE
Melton City,Metro Melbourne,2011,Vacant Land,1353,185000,201743,31.91,154.2,FALSE,FALSE
Melton City,Metro Melbourne,2012,Vacant Land,1033,198000,200727,7.03,165,FALSE,FALSE
Melton City,Metro Melbourne,2013,Vacant Land,1410,186000,194831,-6.06,155,FALSE,FALSE
Melton City,Metro Melbourne,2014,Vacant Land,1596,155000,186308,-16.67,129.2,FALSE,FALSE
Melton City,Metro Melbourne,2015,Vacant Land,2132,185000,196417,19.35,154.2,FALSE,FALSE
Melton City,Metro Melbourne,2016,Vacant Land,3844,193000,200998,4.32,160.8,FALSE,FALSE
Melton City,Metro Melbourne,2017,Vacant Land,5352,228000,234161,18.13,190,FALSE,FALSE
Melton City,Metro Melbourne,2018,Vacant Land,3865,275200,278572,20.7,229.3,FALSE,FALSE
Melton City,Metro Melbourne,2019,Vacant Land,2359,270000,272812,-1.89,225,FALSE,FALSE
Melton City,Metro Melbourne,2020,Vacant Land,5236,277500,279607,2.78,231.2,FALSE,FALSE
Melton City,Metro Melbourne,2021,Vacant Land,9823,308000,305063,10.99,256.7,FALSE,FALSE
Melton City,Metro Melbourne,2022,Vacant Land,3511,355000,364289,15.26,295.8,FALSE,FALSE
Melton City,Metro Melbourne,2023,Vacant Land,1663,350000,356612,-1.41,291.7,FALSE,FALSE
Melton City,Metro Melbourne,2024,Vacant Land,1857,325000,341177,-7.14,270.8,FALSE,FALSE
Melton City,Metro Melbourne,2025,Vacant Land,136,352500,464083,8.46,293.8,FALSE,TRUE
Mildura Rural City,Regional Victoria,2004,House,995,178000,186297,,100,FALSE,FALSE
Mildura Rural City,Regional Victoria,2005,House,1006,185000,200844,3.93,103.9,FALSE,FALSE
Mildura Rural City,Regional Victoria,2006,House,869,190000,202941,2.7,106.7,FALSE,FALSE
Mildura Rural City,Regional Victoria,2007,House,891,200000,213699,5.26,112.4,FALSE,FALSE
Mildura Rural City,Regional Victoria,2008,House,792,192000,205995,-4,107.9,FALSE,FALSE
Mildura Rural City,Regional Victoria,2009,House,910,195000,205726,1.56,109.6,FALSE,FALSE
Mildura Rural City,Regional Victoria,2010,House,766,210000,217254,7.69,118,FALSE,FALSE
Mildura Rural City,Regional Victoria,2011,House,709,213000,222792,1.43,119.7,FALSE,FALSE
Mildura Rural City,Regional Victoria,2012,House,730,210000,217645,-1.41,118,FALSE,FALSE
Mildura Rural City,Regional Victoria,2013,House,869,218600,230942,4.1,122.8,FALSE,FALSE
Mildura Rural City,Regional Victoria,2014,House,930,225000,239515,2.93,126.4,FALSE,FALSE
Mildura Rural City,Regional Victoria,2015,House,968,242025,253534,7.57,136,FALSE,FALSE
Mildura Rural City,Regional Victoria,2016,House,992,245000,256520,1.23,137.6,FALSE,FALSE
Mildura Rural City,Regional Victoria,2017,House,923,250000,270363,2.04,140.4,FALSE,FALSE
Mildura Rural City,Regional Victoria,2018,House,938,270000,283951,8,151.7,FALSE,FALSE
Mildura Rural City,Regional Victoria,2019,House,895,292000,307548,8.15,164,FALSE,FALSE
Mildura Rural City,Regional Victoria,2020,House,935,311000,327536,6.51,174.7,FALSE,FALSE
Mildura Rural City,Regional Victoria,2021,House,1113,362000,385408,16.4,203.4,FALSE,FALSE
Mildura Rural City,Regional Victoria,2022,House,1003,402000,421407,11.05,225.8,FALSE,FALSE
Mildura Rural City,Regional Victoria,2023,House,895,415000,444541,3.23,233.1,FALSE,FALSE
Mildura Rural City,Regional Victoria,2024,House,1044,450000,476492,8.43,252.8,FALSE,FALSE
Mildura Rural City,Regional Victoria,2025,House,169,465000,467553,3.33,261.2,FALSE,TRUE
Mildura Rural City,Regional Victoria,2004,Unit/Apartment,216,140000,142194,,100,FALSE,FALSE
Mildura Rural City,Regional Victoria,2005,Unit/Apartment,206,143000,148259,2.14,102.1,FALSE,FALSE
Mildura Rural City,Regional Victoria,2006,Unit/Apartment,193,150000,152378,4.9,107.1,FALSE,FALSE
Mildura Rural City,Regional Victoria,2007,Unit/Apartment,220,160000,159740,6.67,114.3,FALSE,FALSE
Mildura Rural City,Regional Victoria,2008,Unit/Apartment,200,155000,163694,-3.12,110.7,FALSE,FALSE
Mildura Rural City,Regional Victoria,2009,Unit/Apartment,185,152500,158831,-1.61,108.9,FALSE,FALSE
Mildura Rural City,Regional Victoria,2010,Unit/Apartment,129,165000,177433,8.2,117.9,FALSE,FALSE
Mildura Rural City,Regional Victoria,2011,Unit/Apartment,99,150000,159454,-9.09,107.1,FALSE,FALSE
Mildura Rural City,Regional Victoria,2012,Unit/Apartment,157,137757,154178,-8.16,98.4,FALSE,FALSE
Mildura Rural City,Regional Victoria,2013,Unit/Apartment,214,148000,156258,7.44,105.7,FALSE,FALSE
Mildura Rural City,Regional Victoria,2014,Unit/Apartment,208,160625,174326,8.53,114.7,FALSE,FALSE
Mildura Rural City,Regional Victoria,2015,Unit/Apartment,194,160000,186616,-0.39,114.3,FALSE,FALSE
Mildura Rural City,Regional Victoria,2016,Unit/Apartment,176,177500,188055,10.94,126.8,FALSE,FALSE
Mildura Rural City,Regional Victoria,2017,Unit/Apartment,193,185000,190817,4.23,132.1,FALSE,FALSE
Mildura Rural City,Regional Victoria,2018,Unit/Apartment,150,210250,219088,13.65,150.2,FALSE,FALSE
Mildura Rural City,Regional Victoria,2019,Unit/Apartment,144,205000,210875,-2.5,146.4,FALSE,FALSE
Mildura Rural City,Regional Victoria,2020,Unit/Apartment,140,215000,230177,4.88,153.6,FALSE,FALSE
Mildura Rural City,Regional Victoria,2021,Unit/Apartment,227,250000,272128,16.28,178.6,FALSE,FALSE
Mildura Rural City,Regional Victoria,2022,Unit/Apartment,175,292750,315100,17.1,209.1,FALSE,FALSE
Mildura Rural City,Regional Victoria,2023,Unit/Apartment,143,311000,337006,6.23,222.1,FALSE,FALSE
Mildura Rural City,Regional Victoria,2024,Unit/Apartment,193,320000,335012,2.89,228.6,FALSE,FALSE
Mildura Rural City,Regional Victoria,2025,Unit/Apartment,35,374000,375158,16.87,267.1,FALSE,TRUE
Mildura Rural City,Regional Victoria,2004,Vacant Land,354,63000,66696,,100,FALSE,FALSE
Mildura Rural City,Regional Victoria,2005,Vacant Land,365,75000,77552,19.05,119,FALSE,FALSE
Mildura Rural City,Regional Victoria,2006,Vacant Land,329,81000,86279,8,128.6,FALSE,FALSE
Mildura Rural City,Regional Victoria,2007,Vacant Land,257,78500,83549,-3.09,124.6,FALSE,FALSE
Mildura Rural City,Regional Victoria,2008,Vacant Land,167,79530,81310,1.31,126.2,FALSE,FALSE
Mildura Rural City,Regional Victoria,2009,Vacant Land,366,74900,83763,-5.82,118.9,FALSE,FALSE
Mildura Rural City,Regional Victoria,2010,Vacant Land,188,81500,96732,8.81,129.4,FALSE,FALSE
Mildura Rural City,Regional Victoria,2011,Vacant Land,288,80000,87133,-1.84,127,FALSE,FALSE
Mildura Rural City,Regional Victoria,2012,Vacant Land,198,83000,88055,3.75,131.7,FALSE,FALSE
Mildura Rural City,Regional Victoria,2013,Vacant Land,209,87000,92132,4.82,138.1,FALSE,FALSE
Mildura Rural City,Regional Victoria,2014,Vacant Land,181,87000,92448,0,138.1,FALSE,FALSE
Mildura Rural City,Regional Victoria,2015,Vacant Land,213,95000,104274,9.2,150.8,FALSE,FALSE
Mildura Rural City,Regional Victoria,2016,Vacant Land,230,96000,111394,1.05,152.4,FALSE,FALSE
Mildura Rural City,Regional Victoria,2017,Vacant Land,240,108000,121127,12.5,171.4,FALSE,FALSE
Mildura Rural City,Regional Victoria,2018,Vacant Land,244,129000,129781,19.44,204.8,FALSE,FALSE
Mildura Rural City,Regional Victoria,2019,Vacant Land,254,132000,134772,2.33,209.5,FALSE,FALSE
Mildura Rural City,Regional Victoria,2020,Vacant Land,426,135000,137964,2.27,214.3,FALSE,FALSE
Mildura Rural City,Regional Victoria,2021,Vacant Land,399,149000,150125,10.37,236.5,FALSE,FALSE
Mildura Rural City,Regional Victoria,2022,Vacant Land,211,169000,184185,13.42,268.3,FALSE,FALSE
Mildura Rural City,Regional Victoria,2023,Vacant Land,163,170000,182600,0.59,269.8,FALSE,FALSE
Mildura Rural City,Regional Victoria,2024,Vacant Land,183,179000,176842,5.29,284.1,FALSE,FALSE
Mildura Rural City,Regional Victoria,2025,Vacant Land,31,185000,189435,3.35,293.7,FALSE,TRUE
Mitchell Shire,Regional Victoria,2004,House,435,192000,196136,,100,FALSE,FALSE
Mitchell Shire,Regional Victoria,2005,House,400,212500,213474,10.68,110.7,FALSE,FALSE
Mitchell Shire,Regional Victoria,2006,House,393,230000,233138,8.24,119.8,FALSE,FALSE
Mitchell Shire,Regional Victoria,2007,House,503,230000,236962,0,119.8,FALSE,FALSE
Mitchell Shire,Regional Victoria,2008,House,390,240000,238560,4.35,125,FALSE,FALSE
Mitchell Shire,Regional Victoria,2009,House,449,252000,252793,5,131.2,FALSE,FALSE
Mitchell Shire,Regional Victoria,2010,House,434,289250,293489,14.78,150.7,FALSE,FALSE
Mitchell Shire,Regional Victoria,2011,House,422,295000,297729,1.99,153.6,FALSE,FALSE
Mitchell Shire,Regional Victoria,2012,House,397,300000,303484,1.69,156.2,FALSE,FALSE
Mitchell Shire,Regional Victoria,2013,House,435,308000,311318,2.67,160.4,FALSE,FALSE
Mitchell Shire,Regional Victoria,2014,House,484,310000,313228,0.65,161.5,FALSE,FALSE
Mitchell Shire,Regional Victoria,2015,House,528,317500,324232,2.42,165.4,FALSE,FALSE
Mitchell Shire,Regional Victoria,2016,House,585,338200,348477,6.52,176.1,FALSE,FALSE
Mitchell Shire,Regional Victoria,2017,House,725,390000,398645,15.32,203.1,FALSE,FALSE
Mitchell Shire,Regional Victoria,2018,House,681,445000,455661,14.1,231.8,FALSE,FALSE
Mitchell Shire,Regional Victoria,2019,House,557,440000,461570,-1.12,229.2,FALSE,FALSE
Mitchell Shire,Regional Victoria,2020,House,589,480000,482697,9.09,250,FALSE,FALSE
Mitchell Shire,Regional Victoria,2021,House,865,555850,576272,15.8,289.5,FALSE,FALSE
Mitchell Shire,Regional Victoria,2022,House,721,609000,633314,9.56,317.2,FALSE,FALSE
Mitchell Shire,Regional Victoria,2023,House,764,600000,605305,-1.48,312.5,FALSE,FALSE
Mitchell Shire,Regional Victoria,2024,House,924,613500,626839,2.25,319.5,FALSE,FALSE
Mitchell Shire,Regional Victoria,2025,House,146,590000,593957,-3.83,307.3,FALSE,TRUE
Mitchell Shire,Regional Victoria,2004,Unit/Apartment,53,178000,158771,,100,FALSE,FALSE
Mitchell Shire,Regional Victoria,2005,Unit/Apartment,47,197000,200648,10.67,110.7,FALSE,FALSE
Mitchell Shire,Regional Victoria,2006,Unit/Apartment,53,190000,183991,-3.55,106.7,FALSE,FALSE
Mitchell Shire,Regional Victoria,2007,Unit/Apartment,55,210000,199450,10.53,118,FALSE,FALSE
Mitchell Shire,Regional Victoria,2008,Unit/Apartment,62,211500,205842,0.71,118.8,FALSE,FALSE
Mitchell Shire,Regional Victoria,2009,Unit/Apartment,74,234500,206189,10.87,131.7,FALSE,FALSE
Mitchell Shire,Regional Victoria,2010,Unit/Apartment,82,249000,231544,6.18,139.9,FALSE,FALSE
Mitchell Shire,Regional Victoria,2011,Unit/Apartment,70,252500,245703,1.41,141.9,FALSE,FALSE
Mitchell Shire,Regional Victoria,2012,Unit/Apartment,67,250000,235434,-0.99,140.4,FALSE,FALSE
Mitchell Shire,Regional Victoria,2013,Unit/Apartment,66,248500,237924,-0.6,139.6,FALSE,FALSE
Mitchell Shire,Regional Victoria,2014,Unit/Apartment,75,241002,243121,-3.02,135.4,FALSE,FALSE
Mitchell Shire,Regional Victoria,2015,Unit/Apartment,74,249500,254083,3.53,140.2,FALSE,FALSE
Mitchell Shire,Regional Victoria,2016,Unit/Apartment,97,275000,265015,10.22,154.5,FALSE,FALSE
Mitchell Shire,Regional Victoria,2017,Unit/Apartment,115,305000,280508,10.91,171.3,FALSE,FALSE
Mitchell Shire,Regional Victoria,2018,Unit/Apartment,74,320000,315630,4.92,179.8,FALSE,FALSE
Mitchell Shire,Regional Victoria,2019,Unit/Apartment,71,330000,324633,3.12,185.4,FALSE,FALSE
Mitchell Shire,Regional Victoria,2020,Unit/Apartment,69,360000,386255,9.09,202.2,FALSE,FALSE
Mitchell Shire,Regional Victoria,2021,Unit/Apartment,128,392500,399822,9.03,220.5,FALSE,FALSE
Mitchell Shire,Regional Victoria,2022,Unit/Apartment,70,420000,424835,7.01,236,FALSE,FALSE
Mitchell Shire,Regional Victoria,2023,Unit/Apartment,93,425000,415341,1.19,238.8,FALSE,FALSE
Mitchell Shire,Regional Victoria,2024,Unit/Apartment,100,422500,422685,-0.59,237.4,FALSE,FALSE
Mitchell Shire,Regional Victoria,2025,Unit/Apartment,14,382500,362714,-9.47,214.9,FALSE,TRUE
Mitchell Shire,Regional Victoria,2004,Vacant Land,292,93250,97805,,100,FALSE,FALSE
Mitchell Shire,Regional Victoria,2005,Vacant Land,166,105501,105774,13.14,113.1,FALSE,FALSE
Mitchell Shire,Regional Victoria,2006,Vacant Land,182,105625,111471,0.12,113.3,FALSE,FALSE
Mitchell Shire,Regional Victoria,2007,Vacant Land,216,109000,110938,3.2,116.9,FALSE,FALSE
Mitchell Shire,Regional Victoria,2008,Vacant Land,263,98000,103857,-10.09,105.1,FALSE,FALSE
Mitchell Shire,Regional Victoria,2009,Vacant Land,663,118000,117855,20.41,126.5,FALSE,FALSE
Mitchell Shire,Regional Victoria,2010,Vacant Land,718,135000,137719,14.41,144.8,FALSE,FALSE
Mitchell Shire,Regional Victoria,2011,Vacant Land,467,145000,145374,7.41,155.5,FALSE,FALSE
Mitchell Shire,Regional Victoria,2012,Vacant Land,392,144000,144125,-0.69,154.4,FALSE,FALSE
Mitchell Shire,Regional Victoria,2013,Vacant Land,337,149000,148530,3.47,159.8,FALSE,FALSE
Mitchell Shire,Regional Victoria,2014,Vacant Land,327,147000,149616,-1.34,157.6,FALSE,FALSE
Mitchell Shire,Regional Victoria,2015,Vacant Land,445,150000,154586,2.04,160.9,FALSE,FALSE
Mitchell Shire,Regional Victoria,2016,Vacant Land,725,159000,165549,6,170.5,FALSE,FALSE
Mitchell Shire,Regional Victoria,2017,Vacant Land,1058,183000,197952,15.09,196.2,FALSE,FALSE
Mitchell Shire,Regional Victoria,2018,Vacant Land,715,245000,240151,33.88,262.7,FALSE,FALSE
Mitchell Shire,Regional Victoria,2019,Vacant Land,386,249000,254872,1.63,267,FALSE,FALSE
Mitchell Shire,Regional Victoria,2020,Vacant Land,936,248000,253326,-0.4,266,FALSE,FALSE
Mitchell Shire,Regional Victoria,2021,Vacant Land,2625,270000,277928,8.87,289.5,FALSE,FALSE
Mitchell Shire,Regional Victoria,2022,Vacant Land,883,316000,319944,17.04,338.9,FALSE,FALSE
Mitchell Shire,Regional Victoria,2023,Vacant Land,337,312500,330395,-1.11,335.1,FALSE,FALSE
Mitchell Shire,Regional Victoria,2024,Vacant Land,344,310000,322125,-0.8,332.4,FALSE,FALSE
Mitchell Shire,Regional Victoria,2025,Vacant Land,33,330000,321207,6.45,353.9,FALSE,TRUE
Moira Shire,Regional Victoria,2004,House,403,175000,196825,,100,FALSE,FALSE
Moira Shire,Regional Victoria,2005,House,419,180000,201015,2.86,102.9,FALSE,FALSE
Moira Shire,Regional Victoria,2006,House,400,200000,227356,11.11,114.3,FALSE,FALSE
Moira Shire,Regional Victoria,2007,House,389,214000,258319,7,122.3,FALSE,FALSE
Moira Shire,Regional Victoria,2008,House,295,210000,241074,-1.87,120,FALSE,FALSE
Moira Shire,Regional Victoria,2009,House,324,215000,239590,2.38,122.9,FALSE,FALSE
Moira Shire,Regional Victoria,2010,House,311,235000,262926,9.3,134.3,FALSE,FALSE
Moira Shire,Regional Victoria,2011,House,304,226000,259242,-3.83,129.1,FALSE,FALSE
Moira Shire,Regional Victoria,2012,House,326,235000,253255,3.98,134.3,FALSE,FALSE
Moira Shire,Regional Victoria,2013,House,363,220000,245458,-6.38,125.7,FALSE,FALSE
Moira Shire,Regional Victoria,2014,House,360,235000,259464,6.82,134.3,FALSE,FALSE
Moira Shire,Regional Victoria,2015,House,433,250000,266881,6.38,142.9,FALSE,FALSE
Moira Shire,Regional Victoria,2016,House,471,255000,295284,2,145.7,FALSE,FALSE
Moira Shire,Regional Victoria,2017,House,512,260000,291618,1.96,148.6,FALSE,FALSE
Moira Shire,Regional Victoria,2018,House,499,260000,315283,0,148.6,FALSE,FALSE
Moira Shire,Regional Victoria,2019,House,410,301500,330945,15.96,172.3,FALSE,FALSE
Moira Shire,Regional Victoria,2020,House,462,317500,383185,5.31,181.4,FALSE,FALSE
Moira Shire,Regional Victoria,2021,House,606,389500,446299,22.68,222.6,FALSE,FALSE
Moira Shire,Regional Victoria,2022,House,485,440000,532447,12.97,251.4,FALSE,FALSE
Moira Shire,Regional Victoria,2023,House,347,490000,558441,11.36,280,FALSE,FALSE
Moira Shire,Regional Victoria,2024,House,373,515000,563948,5.1,294.3,FALSE,FALSE
Moira Shire,Regional Victoria,2025,House,70,478500,498664,-7.09,273.4,FALSE,TRUE
Moira Shire,Regional Victoria,2004,Unit/Apartment,124,145000,144497,,100,FALSE,FALSE
Moira Shire,Regional Victoria,2005,Unit/Apartment,92,170500,180618,17.59,117.6,FALSE,FALSE
Moira Shire,Regional Victoria,2006,Unit/Apartment,103,170000,180138,-0.29,117.2,FALSE,FALSE
Moira Shire,Regional Victoria,2007,Unit/Apartment,110,202500,207898,19.12,139.7,FALSE,FALSE
Moira Shire,Regional Victoria,2008,Unit/Apartment,68,175000,207473,-13.58,120.7,FALSE,FALSE
Moira Shire,Regional Victoria,2009,Unit/Apartment,108,186250,224273,6.43,128.4,FALSE,FALSE
Moira Shire,Regional Victoria,2010,Unit/Apartment,72,186750,208741,0.27,128.8,FALSE,FALSE
Moira Shire,Regional Victoria,2011,Unit/Apartment,73,187000,236132,0.13,129,FALSE,FALSE
Moira Shire,Regional Victoria,2012,Unit/Apartment,67,200000,205676,6.95,137.9,FALSE,FALSE
Moira Shire,Regional Victoria,2013,Unit/Apartment,80,190000,198668,-5,131,FALSE,FALSE
Moira Shire,Regional Victoria,2014,Unit/Apartment,86,192250,226711,1.18,132.6,FALSE,FALSE
Moira Shire,Regional Victoria,2015,Unit/Apartment,70,205000,223121,6.63,141.4,FALSE,FALSE
Moira Shire,Regional Victoria,2016,Unit/Apartment,80,196000,208221,-4.39,135.2,FALSE,FALSE
Moira Shire,Regional Victoria,2017,Unit/Apartment,110,211250,228726,7.78,145.7,FALSE,FALSE
Moira Shire,Regional Victoria,2018,Unit/Apartment,105,220000,235642,4.14,151.7,FALSE,FALSE
Moira Shire,Regional Victoria,2019,Unit/Apartment,81,222000,234673,0.91,153.1,FALSE,FALSE
Moira Shire,Regional Victoria,2020,Unit/Apartment,92,259500,277903,16.89,179,FALSE,FALSE
Moira Shire,Regional Victoria,2021,Unit/Apartment,76,287500,364139,10.79,198.3,FALSE,FALSE
Moira Shire,Regional Victoria,2022,Unit/Apartment,67,340000,356365,18.26,234.5,FALSE,FALSE
Moira Shire,Regional Victoria,2023,Unit/Apartment,76,316500,401615,-6.91,218.3,FALSE,FALSE
Moira Shire,Regional Victoria,2024,Unit/Apartment,73,365000,467780,15.32,251.7,FALSE,FALSE
Moira Shire,Regional Victoria,2025,Unit/Apartment,9,345000,413555,-5.48,237.9,FALSE,TRUE
Moira Shire,Regional Victoria,2004,Vacant Land,302,57500,59465,,100,FALSE,FALSE
Moira Shire,Regional Victoria,2005,Vacant Land,275,63002,67804,9.57,109.6,FALSE,FALSE
Moira Shire,Regional Victoria,2006,Vacant Land,191,78000,82794,23.81,135.7,FALSE,FALSE
Moira Shire,Regional Victoria,2007,Vacant Land,218,101000,119353,29.49,175.7,FALSE,FALSE
Moira Shire,Regional Victoria,2008,Vacant Land,171,80000,93173,-20.79,139.1,FALSE,FALSE
Moira Shire,Regional Victoria,2009,Vacant Land,173,87975,90594,9.97,153,FALSE,FALSE
Moira Shire,Regional Victoria,2010,Vacant Land,156,95000,100735,7.99,165.2,FALSE,FALSE
Moira Shire,Regional Victoria,2011,Vacant Land,132,89000,99202,-6.32,154.8,FALSE,FALSE
Moira Shire,Regional Victoria,2012,Vacant Land,112,87832,98569,-1.31,152.8,FALSE,FALSE
Moira Shire,Regional Victoria,2013,Vacant Land,123,90880,105571,3.47,158.1,FALSE,FALSE
Moira Shire,Regional Victoria,2014,Vacant Land,144,88500,95857,-2.62,153.9,FALSE,FALSE
Moira Shire,Regional Victoria,2015,Vacant Land,131,100000,112451,12.99,173.9,FALSE,FALSE
Moira Shire,Regional Victoria,2016,Vacant Land,132,109121,127937,9.12,189.8,FALSE,FALSE
Moira Shire,Regional Victoria,2017,Vacant Land,104,111000,121313,1.72,193,FALSE,FALSE
Moira Shire,Regional Victoria,2018,Vacant Land,174,149500,164273,34.68,260,FALSE,FALSE
Moira Shire,Regional Victoria,2019,Vacant Land,196,131500,146554,-12.04,228.7,FALSE,FALSE
Moira Shire,Regional Victoria,2020,Vacant Land,276,152500,177948,15.97,265.2,FALSE,FALSE
Moira Shire,Regional Victoria,2021,Vacant Land,748,178000,202497,16.72,309.6,FALSE,FALSE
Moira Shire,Regional Victoria,2022,Vacant Land,225,221000,299358,24.16,384.3,FALSE,FALSE
Moira Shire,Regional Victoria,2023,Vacant Land,100,230000,269544,4.07,400,FALSE,FALSE
Moira Shire,Regional Victoria,2024,Vacant Land,127,220000,286771,-4.35,382.6,FALSE,FALSE
Moira Shire,Regional Victoria,2025,Vacant Land,20,210000,258150,-4.55,365.2,FALSE,TRUE
Monash City,Metro Melbourne,2004,House,1951,380250,413472,,100,FALSE,FALSE
Monash City,Metro Melbourne,2005,House,2159,390000,421212,2.56,102.6,FALSE,FALSE
Monash City,Metro Melbourne,2006,House,2228,430000,462096,10.26,113.1,FALSE,FALSE
Monash City,Metro Melbourne,2007,House,2418,535300,568220,24.49,140.8,FALSE,FALSE
Monash City,Metro Melbourne,2008,House,1680,571350,602232,6.73,150.3,FALSE,FALSE
Monash City,Metro Melbourne,2009,House,2055,615000,649885,7.64,161.7,FALSE,FALSE
Monash City,Metro Melbourne,2010,House,1855,718000,764948,16.75,188.8,FALSE,FALSE
Monash City,Metro Melbourne,2011,House,1682,679882,728106,-5.31,178.8,FALSE,FALSE
Monash City,Metro Melbourne,2012,House,1717,668000,717957,-1.75,175.7,FALSE,FALSE
Monash City,Metro Melbourne,2013,House,2111,750000,806812,12.28,197.2,FALSE,FALSE
Monash City,Metro Melbourne,2014,House,2327,860000,965641,14.67,226.2,FALSE,FALSE
Monash City,Metro Melbourne,2015,House,2632,1100000,1197905,27.91,289.3,FALSE,FALSE
Monash City,Metro Melbourne,2016,House,2035,1110000,1201867,0.91,291.9,FALSE,FALSE
Monash City,Metro Melbourne,2017,House,2091,1256888,1343125,13.23,330.5,FALSE,FALSE
Monash City,Metro Melbourne,2018,House,1672,1185012,1287075,-5.72,311.6,FALSE,FALSE
Monash City,Metro Melbourne,2019,House,1727,1122600,1220223,-5.27,295.2,FALSE,FALSE
Monash City,Metro Melbourne,2020,House,1346,1200000,1280854,6.89,315.6,FALSE,FALSE
Monash City,Metro Melbourne,2021,House,2203,1388800,1470892,15.73,365.2,FALSE,FALSE
Monash City,Metro Melbourne,2022,House,1860,1400000,1495014,0.81,368.2,FALSE,FALSE
Monash City,Metro Melbourne,2023,House,1855,1450007,1587904,3.57,381.3,FALSE,FALSE
Monash City,Metro Melbourne,2024,House,1931,1423000,1563113,-1.86,374.2,FALSE,FALSE
Monash City,Metro Melbourne,2025,House,119,1400000,1544960,-1.62,368.2,FALSE,TRUE
Monash City,Metro Melbourne,2004,Unit/Apartment,940,301500,326434,,100,FALSE,FALSE
Monash City,Metro Melbourne,2005,Unit/Apartment,1058,320000,350537,6.14,106.1,FALSE,FALSE
Monash City,Metro Melbourne,2006,Unit/Apartment,1030,350000,374438,9.38,116.1,FALSE,FALSE
Monash City,Metro Melbourne,2007,Unit/Apartment,1385,390000,420873,11.43,129.4,FALSE,FALSE
Monash City,Metro Melbourne,2008,Unit/Apartment,966,405000,424180,3.85,134.3,FALSE,FALSE
Monash City,Metro Melbourne,2009,Unit/Apartment,1399,450000,467342,11.11,149.3,FALSE,FALSE
Monash City,Metro Melbourne,2010,Unit/Apartment,1258,481100,490111,6.91,159.6,FALSE,FALSE
Monash City,Metro Melbourne,2011,Unit/Apartment,1213,475000,485888,-1.27,157.5,FALSE,FALSE
Monash City,Metro Melbourne,2012,Unit/Apartment,1092,488250,506572,2.79,161.9,FALSE,FALSE
Monash City,Metro Melbourne,2013,Unit/Apartment,1521,525000,537191,7.53,174.1,FALSE,FALSE
Monash City,Metro Melbourne,2014,Unit/Apartment,1777,532000,572810,1.33,176.5,FALSE,FALSE
Monash City,Metro Melbourne,2015,Unit/Apartment,2054,630400,640879,18.5,209.1,FALSE,FALSE
Monash City,Metro Melbourne,2016,Unit/Apartment,1442,663750,685524,5.29,220.1,FALSE,FALSE
Monash City,Metro Melbourne,2017,Unit/Apartment,1725,656000,706983,-1.17,217.6,FALSE,FALSE
Monash City,Metro Melbourne,2018,Unit/Apartment,1476,697449,730888,6.32,231.3,FALSE,FALSE
Monash City,Metro Melbourne,2019,Unit/Apartment,1270,750005,779964,7.54,248.8,FALSE,FALSE
Monash City,Metro Melbourne,2020,Unit/Apartment,1189,765000,786252,2,253.7,FALSE,FALSE
Monash City,Metro Melbourne,2021,Unit/Apartment,1783,834000,857219,9.02,276.6,FALSE,FALSE
Monash City,Metro Melbourne,2022,Unit/Apartment,1576,773000,805907,-7.31,256.4,FALSE,FALSE
Monash City,Metro Melbourne,2023,Unit/Apartment,1450,820000,859002,6.08,272,FALSE,FALSE
Monash City,Metro Melbourne,2024,Unit/Apartment,1407,800000,839283,-2.44,265.3,FALSE,FALSE
Monash City,Metro Melbourne,2025,Unit/Apartment,140,663500,710524,-17.06,220.1,FALSE,TRUE
Monash City,Metro Melbourne,2004,Vacant Land,59,272500,274917,,100,FALSE,FALSE
Monash City,Metro Melbourne,2005,Vacant Land,85,275000,262000,0.92,100.9,FALSE,FALSE
Monash City,Metro Melbourne,2006,Vacant Land,68,277500,281282,0.91,101.8,FALSE,FALSE
Monash City,Metro Melbourne,2007,Vacant Land,53,318000,368901,14.59,116.7,FALSE,FALSE
Monash City,Metro Melbourne,2008,Vacant Land,20,412500,386892,29.72,151.4,FALSE,FALSE
Monash City,Metro Melbourne,2009,Vacant Land,19,340000,379607,-17.58,124.8,FALSE,FALSE
Monash City,Metro Melbourne,2010,Vacant Land,25,380000,422022,11.76,139.4,FALSE,FALSE
Monash City,Metro Melbourne,2011,Vacant Land,39,395000,470772,3.95,145,FALSE,FALSE
Monash City,Metro Melbourne,2012,Vacant Land,40,354000,490119,-10.38,129.9,FALSE,FALSE
Monash City,Metro Melbourne,2013,Vacant Land,36,505000,544865,42.66,185.3,FALSE,FALSE
Monash City,Metro Melbourne,2014,Vacant Land,33,580000,655632,14.85,212.8,FALSE,FALSE
Monash City,Metro Melbourne,2015,Vacant Land,21,650000,713821,12.07,238.5,FALSE,FALSE
Monash City,Metro Melbourne,2016,Vacant Land,19,880000,844870,35.38,322.9,FALSE,FALSE
Monash City,Metro Melbourne,2017,Vacant Land,22,1121500,1101203,27.44,411.6,FALSE,FALSE
Monash City,Metro Melbourne,2018,Vacant Land,25,763000,1046400,-31.97,280,FALSE,FALSE
Monash City,Metro Melbourne,2019,Vacant Land,22,865250,1020045,13.4,317.5,FALSE,FALSE
Monash City,Metro Melbourne,2020,Vacant Land,31,710000,978243,-17.94,260.6,FALSE,FALSE
Monash City,Metro Melbourne,2021,Vacant Land,33,1000000,1074627,40.85,367,FALSE,FALSE
Monash City,Metro Melbourne,2022,Vacant Land,14,1260000,1327042,26,462.4,FALSE,FALSE
Monash City,Metro Melbourne,2023,Vacant Land,15,1008500,1225118,-19.96,370.1,FALSE,FALSE
Monash City,Metro Melbourne,2024,Vacant Land,14,1303400,1383807,29.24,478.3,FALSE,FALSE
Monash City,Metro Melbourne,2025,Vacant Land,1,1255000,1255000,-3.71,460.6,FALSE,TRUE
Moonee Valley City,Metro Melbourne,2004,House,1259,400000,455810,,100,FALSE,FALSE
Moonee Valley City,Metro Melbourne,2005,House,1395,413000,460057,3.25,103.2,FALSE,FALSE
Moonee Valley City,Metro Melbourne,2006,House,1393,437500,483606,5.93,109.4,FALSE,FALSE
Moonee Valley City,Metro Melbourne,2007,House,1585,522000,588301,19.31,130.5,FALSE,FALSE
Moonee Valley City,Metro Melbourne,2008,House,1147,577500,636454,10.63,144.4,FALSE,FALSE
Moonee Valley City,Metro Melbourne,2009,House,1356,581650,643186,0.72,145.4,FALSE,FALSE
Moonee Valley City,Metro Melbourne,2010,House,1344,720000,803002,23.79,180,FALSE,FALSE
Moonee Valley City,Metro Melbourne,2011,House,1178,700000,783768,-2.78,175,FALSE,FALSE
Moonee Valley City,Metro Melbourne,2012,House,1172,660750,742388,-5.61,165.2,FALSE,FALSE
Moonee Valley City,Metro Melbourne,2013,House,1501,710000,776325,7.45,177.5,FALSE,FALSE
Moonee Valley City,Metro Melbourne,2014,House,1600,760000,841421,7.04,190,FALSE,FALSE
Moonee Valley City,Metro Melbourne,2015,House,1701,840000,948436,10.53,210,FALSE,FALSE
Moonee Valley City,Metro Melbourne,2016,House,1581,919000,1047681,9.4,229.8,FALSE,FALSE
Moonee Valley City,Metro Melbourne,2017,House,1518,1030550,1172467,12.14,257.6,FALSE,FALSE
Moonee Valley City,Metro Melbourne,2018,House,1213,1100000,1255680,6.74,275,FALSE,FALSE
Moonee Valley City,Metro Melbourne,2019,House,1189,1000000,1150637,-9.09,250,FALSE,FALSE
Moonee Valley City,Metro Melbourne,2020,House,1136,1090000,1212861,9,272.5,FALSE,FALSE
Moonee Valley City,Metro Melbourne,2021,House,1838,1240000,1405606,13.76,310,FALSE,FALSE
Moonee Valley City,Metro Melbourne,2022,House,1415,1275000,1440163,2.82,318.8,FALSE,FALSE
Moonee Valley City,Metro Melbourne,2023,House,1304,1186250,1361819,-6.96,296.6,FALSE,FALSE
Moonee Valley City,Metro Melbourne,2024,House,1418,1255000,1412904,5.8,313.8,FALSE,FALSE
Moonee Valley City,Metro Melbourne,2025,House,114,1092500,1226343,-12.95,273.1,FALSE,TRUE
Moonee Valley City,Metro Melbourne,2004,Unit/Apartment,712,275000,290563,,100,FALSE,FALSE
Moonee Valley City,Metro Melbourne,2005,Unit/Apartment,795,290000,303077,5.45,105.5,FALSE,FALSE
Moonee Valley City,Metro Melbourne,2006,Unit/Apartment,858,310050,321005,6.91,112.7,FALSE,FALSE
Moonee Valley City,Metro Melbourne,2007,Unit/Apartment,1145,340000,361015,9.66,123.6,FALSE,FALSE
Moonee Valley City,Metro Melbourne,2008,Unit/Apartment,1037,380000,385495,11.76,138.2,FALSE,FALSE
Moonee Valley City,Metro Melbourne,2009,Unit/Apartment,1119,411000,433890,8.16,149.5,FALSE,FALSE
Moonee Valley City,Metro Melbourne,2010,Unit/Apartment,1210,475000,486424,15.57,172.7,FALSE,FALSE
Moonee Valley City,Metro Melbourne,2011,Unit/Apartment,892,470000,484774,-1.05,170.9,FALSE,FALSE
Moonee Valley City,Metro Melbourne,2012,Unit/Apartment,872,459500,465983,-2.23,167.1,FALSE,FALSE
Moonee Valley City,Metro Melbourne,2013,Unit/Apartment,1174,465000,476752,1.2,169.1,FALSE,FALSE
Moonee Valley City,Metro Melbourne,2014,Unit/Apartment,1315,475000,495945,2.15,172.7,FALSE,FALSE
Moonee Valley City,Metro Melbourne,2015,Unit/Apartment,1642,470000,502980,-1.05,170.9,FALSE,FALSE
Moonee Valley City,Metro Melbourne,2016,Unit/Apartment,1449,515000,540167,9.57,187.3,FALSE,FALSE
Moonee Valley City,Metro Melbourne,2017,Unit/Apartment,1468,530000,571753,2.91,192.7,FALSE,FALSE
Moonee Valley City,Metro Melbourne,2018,Unit/Apartment,1137,525000,581440,-0.94,190.9,FALSE,FALSE
Moonee Valley City,Metro Melbourne,2019,Unit/Apartment,1174,549250,626589,4.62,199.7,FALSE,FALSE
Moonee Valley City,Metro Melbourne,2020,Unit/Apartment,966,570500,610061,3.87,207.5,FALSE,FALSE
Moonee Valley City,Metro Melbourne,2021,Unit/Apartment,1649,609990,651268,6.92,221.8,FALSE,FALSE
Moonee Valley City,Metro Melbourne,2022,Unit/Apartment,1156,590000,640013,-3.28,214.5,FALSE,FALSE
Moonee Valley City,Metro Melbourne,2023,Unit/Apartment,1249,535000,602325,-9.32,194.5,FALSE,FALSE
Moonee Valley City,Metro Melbourne,2024,Unit/Apartment,1387,545000,597917,1.87,198.2,FALSE,FALSE
Moonee Valley City,Metro Melbourne,2025,Unit/Apartment,170,531000,563670,-2.57,193.1,FALSE,TRUE
Moonee Valley City,Metro Melbourne,2004,Vacant Land,48,200500,213781,,100,FALSE,FALSE
Moonee Valley City,Metro Melbourne,2005,Vacant Land,35,225000,227962,12.22,112.2,FALSE,FALSE
Moonee Valley City,Metro Melbourne,2006,Vacant Land,59,235000,244050,4.44,117.2,FALSE,FALSE
Moonee Valley City,Metro Melbourne,2007,Vacant Land,68,299500,318326,27.45,149.4,FALSE,FALSE
Moonee Valley City,Metro Melbourne,2008,Vacant Land,44,327500,305295,9.35,163.3,FALSE,FALSE
Moonee Valley City,Metro Melbourne,2009,Vacant Land,56,345000,346631,5.34,172.1,FALSE,FALSE
Moonee Valley City,Metro Melbourne,2010,Vacant Land,78,370000,381348,7.25,184.5,FALSE,FALSE
Moonee Valley City,Metro Melbourne,2011,Vacant Land,56,402500,447468,8.78,200.7,FALSE,FALSE
Moonee Valley City,Metro Melbourne,2012,Vacant Land,62,450000,474387,11.8,224.4,FALSE,FALSE
Moonee Valley City,Metro Melbourne,2013,Vacant Land,118,449000,454142,-0.22,223.9,FALSE,FALSE
Moonee Valley City,Metro Melbourne,2014,Vacant Land,83,453400,481489,0.98,226.1,FALSE,FALSE
Moonee Valley City,Metro Melbourne,2015,Vacant Land,44,460000,507557,1.46,229.4,FALSE,FALSE
Moonee Valley City,Metro Melbourne,2016,Vacant Land,50,457500,478428,-0.54,228.2,FALSE,FALSE
Moonee Valley City,Metro Melbourne,2017,Vacant Land,23,595000,642717,30.05,296.8,FALSE,FALSE
Moonee Valley City,Metro Melbourne,2018,Vacant Land,20,740000,874249,24.37,369.1,FALSE,FALSE
Moonee Valley City,Metro Melbourne,2019,Vacant Land,25,610000,649407,-17.57,304.2,FALSE,FALSE
Moonee Valley City,Metro Melbourne,2020,Vacant Land,38,770000,813863,26.23,384,FALSE,FALSE
Moonee Valley City,Metro Melbourne,2021,Vacant Land,29,815000,873703,5.84,406.5,FALSE,FALSE
Moonee Valley City,Metro Melbourne,2022,Vacant Land,19,880000,1039178,7.98,438.9,FALSE,FALSE
Moonee Valley City,Metro Melbourne,2023,Vacant Land,20,725000,1122094,-17.61,361.6,FALSE,FALSE
Moonee Valley City,Metro Melbourne,2024,Vacant Land,17,1052500,1209735,45.17,524.9,FALSE,FALSE
Moonee Valley City,Metro Melbourne,2025,Vacant Land,0,0,0,-100,0,FALSE,TRUE
Moorabool Shire,Regional Victoria,2004,House,304,219000,222069,,100,FALSE,FALSE
Moorabool Shire,Regional Victoria,2005,House,281,219000,220176,0,100,FALSE,FALSE
Moorabool Shire,Regional Victoria,2006,House,281,225000,236923,2.74,102.7,FALSE,FALSE
Moorabool Shire,Regional Victoria,2007,House,421,236000,257274,4.89,107.8,FALSE,FALSE
Moorabool Shire,Regional Victoria,2008,House,338,240000,248818,1.69,109.6,FALSE,FALSE
Moorabool Shire,Regional Victoria,2009,House,350,262750,274872,9.48,120,FALSE,FALSE
Moorabool Shire,Regional Victoria,2010,House,411,305000,309158,16.08,139.3,FALSE,FALSE
Moorabool Shire,Regional Victoria,2011,House,352,313500,325313,2.79,143.2,FALSE,FALSE
Moorabool Shire,Regional Victoria,2012,House,309,320000,331559,2.07,146.1,FALSE,FALSE
Moorabool Shire,Regional Victoria,2013,House,337,330000,332271,3.12,150.7,FALSE,FALSE
Moorabool Shire,Regional Victoria,2014,House,395,339000,348438,2.73,154.8,FALSE,FALSE
Moorabool Shire,Regional Victoria,2015,House,410,350000,368543,3.24,159.8,FALSE,FALSE
Moorabool Shire,Regional Victoria,2016,House,428,360000,376659,2.86,164.4,FALSE,FALSE
Moorabool Shire,Regional Victoria,2017,House,550,415000,431288,15.28,189.5,FALSE,FALSE
Moorabool Shire,Regional Victoria,2018,House,474,467500,484212,12.65,213.5,FALSE,FALSE
Moorabool Shire,Regional Victoria,2019,House,437,490000,507025,4.81,223.7,FALSE,FALSE
Moorabool Shire,Regional Victoria,2020,House,432,515000,530278,5.1,235.2,FALSE,FALSE
Moorabool Shire,Regional Victoria,2021,House,606,590000,617305,14.56,269.4,FALSE,FALSE
Moorabool Shire,Regional Victoria,2022,House,458,663000,703066,12.37,302.7,FALSE,FALSE
Moorabool Shire,Regional Victoria,2023,House,447,649950,680105,-1.97,296.8,FALSE,FALSE
Moorabool Shire,Regional Victoria,2024,House,510,620000,653483,-4.61,283.1,FALSE,FALSE
Moorabool Shire,Regional Victoria,2025,House,88,596250,604364,-3.83,272.3,FALSE,TRUE
Moorabool Shire,Regional Victoria,2004,Unit/Apartment,43,197000,187802,,100,FALSE,FALSE
Moorabool Shire,Regional Victoria,2005,Unit/Apartment,28,196750,189053,-0.13,99.9,FALSE,FALSE
Moorabool Shire,Regional Victoria,2006,Unit/Apartment,72,118500,156638,-39.77,60.2,FALSE,FALSE
Moorabool Shire,Regional Victoria,2007,Unit/Apartment,69,165000,170164,39.24,83.8,FALSE,FALSE
Moorabool Shire,Regional Victoria,2008,Unit/Apartment,65,209000,212069,26.67,106.1,FALSE,FALSE
Moorabool Shire,Regional Victoria,2009,Unit/Apartment,94,220000,214386,5.26,111.7,FALSE,FALSE
Moorabool Shire,Regional Victoria,2010,Unit/Apartment,65,245000,241575,11.36,124.4,FALSE,FALSE
Moorabool Shire,Regional Victoria,2011,Unit/Apartment,79,275000,248623,12.24,139.6,FALSE,FALSE
Moorabool Shire,Regional Victoria,2012,Unit/Apartment,76,249500,247304,-9.27,126.6,FALSE,FALSE
Moorabool Shire,Regional Victoria,2013,Unit/Apartment,46,296500,284546,18.84,150.5,FALSE,FALSE
Moorabool Shire,Regional Victoria,2014,Unit/Apartment,49,283000,287153,-4.55,143.7,FALSE,FALSE
Moorabool Shire,Regional Victoria,2015,Unit/Apartment,48,284000,282541,0.35,144.2,FALSE,FALSE
Moorabool Shire,Regional Victoria,2016,Unit/Apartment,73,299000,287383,5.28,151.8,FALSE,FALSE
Moorabool Shire,Regional Victoria,2017,Unit/Apartment,94,315000,307572,5.35,159.9,FALSE,FALSE
Moorabool Shire,Regional Victoria,2018,Unit/Apartment,77,330000,329908,4.76,167.5,FALSE,FALSE
Moorabool Shire,Regional Victoria,2019,Unit/Apartment,62,352500,366588,6.82,178.9,FALSE,FALSE
Moorabool Shire,Regional Victoria,2020,Unit/Apartment,73,340000,347319,-3.55,172.6,FALSE,FALSE
Moorabool Shire,Regional Victoria,2021,Unit/Apartment,106,390000,394670,14.71,198,FALSE,FALSE
Moorabool Shire,Regional Victoria,2022,Unit/Apartment,80,446250,441560,14.42,226.5,FALSE,FALSE
Moorabool Shire,Regional Victoria,2023,Unit/Apartment,78,430000,410929,-3.64,218.3,FALSE,FALSE
Moorabool Shire,Regional Victoria,2024,Unit/Apartment,85,440000,428073,2.33,223.4,FALSE,FALSE
Moorabool Shire,Regional Victoria,2025,Unit/Apartment,13,442500,392115,0.57,224.6,FALSE,TRUE
Moorabool Shire,Regional Victoria,2004,Vacant Land,214,90000,90359,,100,FALSE,FALSE
Moorabool Shire,Regional Victoria,2005,Vacant Land,163,90000,90559,0,100,FALSE,FALSE
Moorabool Shire,Regional Victoria,2006,Vacant Land,134,96700,112460,7.44,107.4,FALSE,FALSE
Moorabool Shire,Regional Victoria,2007,Vacant Land,146,90000,95968,-6.93,100,FALSE,FALSE
Moorabool Shire,Regional Victoria,2008,Vacant Land,205,97000,101159,7.78,107.8,FALSE,FALSE
Moorabool Shire,Regional Victoria,2009,Vacant Land,380,105000,109240,8.25,116.7,FALSE,FALSE
Moorabool Shire,Regional Victoria,2010,Vacant Land,522,118000,121750,12.38,131.1,FALSE,FALSE
Moorabool Shire,Regional Victoria,2011,Vacant Land,340,140000,145165,18.64,155.6,FALSE,FALSE
Moorabool Shire,Regional Victoria,2012,Vacant Land,212,142900,147702,2.07,158.8,FALSE,FALSE
Moorabool Shire,Regional Victoria,2013,Vacant Land,185,146900,149444,2.8,163.2,FALSE,FALSE
Moorabool Shire,Regional Victoria,2014,Vacant Land,278,142750,141344,-2.83,158.6,FALSE,FALSE
Moorabool Shire,Regional Victoria,2015,Vacant Land,284,149500,153416,4.73,166.1,FALSE,FALSE
Moorabool Shire,Regional Victoria,2016,Vacant Land,371,152000,162904,1.67,168.9,FALSE,FALSE
Moorabool Shire,Regional Victoria,2017,Vacant Land,752,168000,176119,10.53,186.7,FALSE,FALSE
Moorabool Shire,Regional Victoria,2018,Vacant Land,431,210000,216732,25,233.3,FALSE,FALSE
Moorabool Shire,Regional Victoria,2019,Vacant Land,286,235000,238910,11.9,261.1,FALSE,FALSE
Moorabool Shire,Regional Victoria,2020,Vacant Land,491,245500,258740,4.47,272.8,FALSE,FALSE
Moorabool Shire,Regional Victoria,2021,Vacant Land,488,275750,294560,12.32,306.4,FALSE,FALSE
Moorabool Shire,Regional Victoria,2022,Vacant Land,209,315000,320993,14.23,350,FALSE,FALSE
Moorabool Shire,Regional Victoria,2023,Vacant Land,76,306000,320507,-2.86,340,FALSE,FALSE
Moorabool Shire,Regional Victoria,2024,Vacant Land,112,305000,331415,-0.33,338.9,FALSE,FALSE
Moorabool Shire,Regional Victoria,2025,Vacant Land,15,320000,331000,4.92,355.6,FALSE,TRUE
Moreland City,Metro Melbourne,2004,House,1696,331750,351961,,100,FALSE,FALSE
Moreland City,Metro Melbourne,2005,House,1895,340000,354289,2.49,102.5,FALSE,FALSE
Moreland City,Metro Melbourne,2006,House,1911,361000,377841,6.18,108.8,FALSE,FALSE
Moreland City,Metro Melbourne,2007,House,2167,420000,449281,16.34,126.6,FALSE,FALSE
Moreland City,Metro Melbourne,2008,House,1614,462750,490052,10.18,139.5,FALSE,FALSE
Moreland City,Metro Melbourne,2009,House,1873,506000,536213,9.35,152.5,FALSE,FALSE
Moreland City,Metro Melbourne,2010,House,1686,600000,626588,18.58,180.9,FALSE,FALSE
Moreland City,Metro Melbourne,2011,House,1516,580000,609892,-3.33,174.8,FALSE,FALSE
Moreland City,Metro Melbourne,2012,House,1585,550000,578760,-5.17,165.8,FALSE,FALSE
Moreland City,Metro Melbourne,2013,House,1790,591250,624921,7.5,178.2,FALSE,FALSE
Moreland City,Metro Melbourne,2014,House,2001,650000,678480,9.94,195.9,FALSE,FALSE
Moreland City,Metro Melbourne,2015,House,1983,687500,733682,5.77,207.2,FALSE,FALSE
Moreland City,Metro Melbourne,2016,House,1743,775000,828570,12.73,233.6,FALSE,FALSE
Moreland City,Metro Melbourne,2017,House,1698,883000,951674,13.94,266.2,FALSE,FALSE
Moreland City,Metro Melbourne,2018,House,1540,900000,963377,1.93,271.3,FALSE,FALSE
Moreland City,Metro Melbourne,2019,House,1453,850000,915749,-5.56,256.2,FALSE,FALSE
Moreland City,Metro Melbourne,2020,House,1280,935500,1002242,10.06,282,FALSE,FALSE
Moreland City,Metro Melbourne,2021,House,1932,1090000,1150269,16.52,328.6,FALSE,FALSE
Moreland City,Metro Melbourne,2022,House,1621,1100000,1184488,0.92,331.6,FALSE,FALSE
Moreland City,Metro Melbourne,2023,House,1512,1058000,1124606,-3.82,318.9,FALSE,FALSE
Moreland City,Metro Melbourne,2024,House,1758,1060000,1136847,0.19,319.5,FALSE,FALSE
Moreland City,Metro Melbourne,2025,House,149,995000,1061981,-6.13,299.9,FALSE,TRUE
Moreland City,Metro Melbourne,2004,Unit/Apartment,990,260000,276376,,100,FALSE,FALSE
Moreland City,Metro Melbourne,2005,Unit/Apartment,1123,260000,273428,0,100,FALSE,FALSE
Moreland City,Metro Melbourne,2006,Unit/Apartment,1130,270000,292142,3.85,103.8,FALSE,FALSE
Moreland City,Metro Melbourne,2007,Unit/Apartment,1902,325000,338259,20.37,125,FALSE,FALSE
Moreland City,Metro Melbourne,2008,Unit/Apartment,1515,356000,363288,9.54,136.9,FALSE,FALSE
Moreland City,Metro Melbourne,2009,Unit/Apartment,2014,399000,403385,12.08,153.5,FALSE,FALSE
Moreland City,Metro Melbourne,2010,Unit/Apartment,1563,425000,448455,6.52,163.5,FALSE,FALSE
Moreland City,Metro Melbourne,2011,Unit/Apartment,1609,420000,441644,-1.18,161.5,FALSE,FALSE
Moreland City,Metro Melbourne,2012,Unit/Apartment,1640,429000,430870,2.14,165,FALSE,FALSE
Moreland City,Metro Melbourne,2013,Unit/Apartment,2094,435375,443895,1.49,167.5,FALSE,FALSE
Moreland City,Metro Melbourne,2014,Unit/Apartment,2457,445000,466036,2.21,171.2,FALSE,FALSE
Moreland City,Metro Melbourne,2015,Unit/Apartment,2789,469000,484331,5.39,180.4,FALSE,FALSE
Moreland City,Metro Melbourne,2016,Unit/Apartment,2881,489000,509758,4.26,188.1,FALSE,FALSE
Moreland City,Metro Melbourne,2017,Unit/Apartment,2686,530000,547355,8.38,203.8,FALSE,FALSE
Moreland City,Metro Melbourne,2018,Unit/Apartment,1990,547250,559328,3.25,210.5,FALSE,FALSE
Moreland City,Metro Melbourne,2019,Unit/Apartment,2048,569500,583346,4.07,219,FALSE,FALSE
Moreland City,Metro Melbourne,2020,Unit/Apartment,1865,580000,596458,1.84,223.1,FALSE,FALSE
Moreland City,Metro Melbourne,2021,Unit/Apartment,2915,615770,648116,6.17,236.8,FALSE,FALSE
Moreland City,Metro Melbourne,2022,Unit/Apartment,2295,605000,625649,-1.75,232.7,FALSE,FALSE
Moreland City,Metro Melbourne,2023,Unit/Apartment,2286,590000,616328,-2.48,226.9,FALSE,FALSE
Moreland City,Metro Melbourne,2024,Unit/Apartment,2702,592500,611374,0.42,227.9,FALSE,FALSE
Moreland City,Metro Melbourne,2025,Unit/Apartment,341,565000,578058,-4.64,217.3,FALSE,TRUE
Moreland City,Metro Melbourne,2004,Vacant Land,71,182000,198882,,100,FALSE,FALSE
Moreland City,Metro Melbourne,2005,Vacant Land,43,181500,170396,-0.27,99.7,FALSE,FALSE
Moreland City,Metro Melbourne,2006,Vacant Land,56,183500,192785,1.1,100.8,FALSE,FALSE
Moreland City,Metro Melbourne,2007,Vacant Land,77,170000,170564,-7.36,93.4,FALSE,FALSE
Moreland City,Metro Melbourne,2008,Vacant Land,68,182500,195490,7.35,100.3,FALSE,FALSE
Moreland City,Metro Melbourne,2009,Vacant Land,54,202500,248646,10.96,111.3,FALSE,FALSE
Moreland City,Metro Melbourne,2010,Vacant Land,27,283000,368814,39.75,155.5,FALSE,FALSE
Moreland City,Metro Melbourne,2011,Vacant Land,45,365500,402425,29.15,200.8,FALSE,FALSE
Moreland City,Metro Melbourne,2012,Vacant Land,70,390000,360958,6.7,214.3,FALSE,FALSE
Moreland City,Metro Melbourne,2013,Vacant Land,105,415000,379119,6.41,228,FALSE,FALSE
Moreland City,Metro Melbourne,2014,Vacant Land,116,292500,370544,-29.52,160.7,FALSE,FALSE
Moreland City,Metro Melbourne,2015,Vacant Land,63,390000,397961,33.33,214.3,FALSE,FALSE
Moreland City,Metro Melbourne,2016,Vacant Land,28,436250,367888,11.86,239.7,FALSE,FALSE
Moreland City,Metro Melbourne,2017,Vacant Land,31,520000,510990,19.2,285.7,FALSE,FALSE
Moreland City,Metro Melbourne,2018,Vacant Land,29,500000,592474,-3.85,274.7,FALSE,FALSE
Moreland City,Metro Melbourne,2019,Vacant Land,12,485000,514305,-3,266.5,FALSE,FALSE
Moreland City,Metro Melbourne,2020,Vacant Land,32,515000,583096,6.19,283,FALSE,FALSE
Moreland City,Metro Melbourne,2021,Vacant Land,28,487500,915281,-5.34,267.9,FALSE,FALSE
Moreland City,Metro Melbourne,2022,Vacant Land,13,620000,573167,27.18,340.7,FALSE,FALSE
Moreland City,Metro Melbourne,2023,Vacant Land,12,972500,784750,56.85,534.3,FALSE,FALSE
Moreland City,Metro Melbourne,2024,Vacant Land,16,868000,862593,-10.75,476.9,FALSE,FALSE
Moreland City,Metro Melbourne,2025,Vacant Land,0,0,0,-100,0,FALSE,TRUE
Mornington Peninsula Shire,Metro Melbourne,2004,House,3823,300000,373644,,100,FALSE,FALSE
Mornington Peninsula Shire,Metro Melbourne,2005,House,3834,305000,390285,1.67,101.7,FALSE,FALSE
Mornington Peninsula Shire,Metro Melbourne,2006,House,4103,330000,415720,8.2,110,FALSE,FALSE
Mornington Peninsula Shire,Metro Melbourne,2007,House,5214,356000,446708,7.88,118.7,FALSE,FALSE
Mornington Peninsula Shire,Metro Melbourne,2008,House,3416,390000,495963,9.55,130,FALSE,FALSE
Mornington Peninsula Shire,Metro Melbourne,2009,House,4131,409000,489930,4.87,136.3,FALSE,FALSE
Mornington Peninsula Shire,Metro Melbourne,2010,House,3938,480000,584970,17.36,160,FALSE,FALSE
Mornington Peninsula Shire,Metro Melbourne,2011,House,3185,500000,628535,4.17,166.7,FALSE,FALSE
Mornington Peninsula Shire,Metro Melbourne,2012,House,3286,485000,566997,-3,161.7,FALSE,FALSE
Mornington Peninsula Shire,Metro Melbourne,2013,House,3596,500000,599885,3.09,166.7,FALSE,FALSE
Mornington Peninsula Shire,Metro Melbourne,2014,House,4054,530000,626700,6,176.7,FALSE,FALSE
Mornington Peninsula Shire,Metro Melbourne,2015,House,4405,570000,689864,7.55,190,FALSE,FALSE
Mornington Peninsula Shire,Metro Melbourne,2016,House,4194,629250,776392,10.39,209.8,FALSE,FALSE
Mornington Peninsula Shire,Metro Melbourne,2017,House,4016,725000,883562,15.22,241.7,FALSE,FALSE
Mornington Peninsula Shire,Metro Melbourne,2018,House,3263,790000,975653,8.97,263.3,FALSE,FALSE
Mornington Peninsula Shire,Metro Melbourne,2019,House,3282,772000,945597,-2.28,257.3,FALSE,FALSE
Mornington Peninsula Shire,Metro Melbourne,2020,House,3375,865000,1096549,12.05,288.3,FALSE,FALSE
Mornington Peninsula Shire,Metro Melbourne,2021,House,4208,1125000,1405864,30.06,375,FALSE,FALSE
Mornington Peninsula Shire,Metro Melbourne,2022,House,2960,1188500,1465327,5.64,396.2,FALSE,FALSE
Mornington Peninsula Shire,Metro Melbourne,2023,House,2760,1130000,1405388,-4.92,376.7,FALSE,FALSE
Mornington Peninsula Shire,Metro Melbourne,2024,House,2802,1087500,1352957,-3.76,362.5,FALSE,FALSE
Mornington Peninsula Shire,Metro Melbourne,2025,House,330,960000,1257108,-11.72,320,FALSE,TRUE
Mornington Peninsula Shire,Metro Melbourne,2004,Unit/Apartment,624,247250,300582,,100,FALSE,FALSE
Mornington Peninsula Shire,Metro Melbourne,2005,Unit/Apartment,720,249999,286784,1.11,101.1,FALSE,FALSE
Mornington Peninsula Shire,Metro Melbourne,2006,Unit/Apartment,722,260000,317524,4,105.2,FALSE,FALSE
Mornington Peninsula Shire,Metro Melbourne,2007,Unit/Apartment,1041,300000,348421,15.38,121.3,FALSE,FALSE
Mornington Peninsula Shire,Metro Melbourne,2008,Unit/Apartment,805,300000,342514,0,121.3,FALSE,FALSE
Mornington Peninsula Shire,Metro Melbourne,2009,Unit/Apartment,1077,317000,348338,5.67,128.2,FALSE,FALSE
Mornington Peninsula Shire,Metro Melbourne,2010,Unit/Apartment,1089,355000,405181,11.99,143.6,FALSE,FALSE
Mornington Peninsula Shire,Metro Melbourne,2011,Unit/Apartment,811,365000,427728,2.82,147.6,FALSE,FALSE
Mornington Peninsula Shire,Metro Melbourne,2012,Unit/Apartment,840,364000,409280,-0.27,147.2,FALSE,FALSE
Mornington Peninsula Shire,Metro Melbourne,2013,Unit/Apartment,950,380000,421648,4.4,153.7,FALSE,FALSE
Mornington Peninsula Shire,Metro Melbourne,2014,Unit/Apartment,1060,395000,426951,3.95,159.8,FALSE,FALSE
Mornington Peninsula Shire,Metro Melbourne,2015,Unit/Apartment,1161,395000,438190,0,159.8,FALSE,FALSE
Mornington Peninsula Shire,Metro Melbourne,2016,Unit/Apartment,1162,450000,509160,13.92,182,FALSE,FALSE
Mornington Peninsula Shire,Metro Melbourne,2017,Unit/Apartment,1129,509800,586344,13.29,206.2,FALSE,FALSE
Mornington Peninsula Shire,Metro Melbourne,2018,Unit/Apartment,825,550000,612646,7.89,222.4,FALSE,FALSE
Mornington Peninsula Shire,Metro Melbourne,2019,Unit/Apartment,737,550000,604098,0,222.4,FALSE,FALSE
Mornington Peninsula Shire,Metro Melbourne,2020,Unit/Apartment,797,585000,654498,6.36,236.6,FALSE,FALSE
Mornington Peninsula Shire,Metro Melbourne,2021,Unit/Apartment,1209,700000,797692,19.66,283.1,FALSE,FALSE
Mornington Peninsula Shire,Metro Melbourne,2022,Unit/Apartment,834,740000,856083,5.71,299.3,FALSE,FALSE
Mornington Peninsula Shire,Metro Melbourne,2023,Unit/Apartment,830,718500,833967,-2.91,290.6,FALSE,FALSE
Mornington Peninsula Shire,Metro Melbourne,2024,Unit/Apartment,827,710000,805193,-1.18,287.2,FALSE,FALSE
Mornington Peninsula Shire,Metro Melbourne,2025,Unit/Apartment,123,660000,714671,-7.04,266.9,FALSE,TRUE
Mornington Peninsula Shire,Metro Melbourne,2004,Vacant Land,637,155500,174998,,100,FALSE,FALSE
Mornington Peninsula Shire,Metro Melbourne,2005,Vacant Land,568,155000,175884,-0.32,99.7,FALSE,FALSE
Mornington Peninsula Shire,Metro Melbourne,2006,Vacant Land,751,160000,187824,3.23,102.9,FALSE,FALSE
Mornington Peninsula Shire,Metro Melbourne,2007,Vacant Land,769,159000,191934,-0.62,102.3,FALSE,FALSE
Mornington Peninsula Shire,Metro Melbourne,2008,Vacant Land,341,185000,222401,16.35,119,FALSE,FALSE
Mornington Peninsula Shire,Metro Melbourne,2009,Vacant Land,525,200000,233246,8.11,128.6,FALSE,FALSE
Mornington Peninsula Shire,Metro Melbourne,2010,Vacant Land,463,255000,299363,27.5,164,FALSE,FALSE
Mornington Peninsula Shire,Metro Melbourne,2011,Vacant Land,353,282500,351143,10.78,181.7,FALSE,FALSE
Mornington Peninsula Shire,Metro Melbourne,2012,Vacant Land,318,281250,303110,-0.44,180.9,FALSE,FALSE
Mornington Peninsula Shire,Metro Melbourne,2013,Vacant Land,479,247000,276929,-12.18,158.8,FALSE,FALSE
Mornington Peninsula Shire,Metro Melbourne,2014,Vacant Land,427,285000,343343,15.38,183.3,FALSE,FALSE
Mornington Peninsula Shire,Metro Melbourne,2015,Vacant Land,409,285000,350173,0,183.3,FALSE,FALSE
Mornington Peninsula Shire,Metro Melbourne,2016,Vacant Land,410,335000,400449,17.54,215.4,FALSE,FALSE
Mornington Peninsula Shire,Metro Melbourne,2017,Vacant Land,411,452000,537209,34.93,290.7,FALSE,FALSE
Mornington Peninsula Shire,Metro Melbourne,2018,Vacant Land,280,482500,576945,6.75,310.3,FALSE,FALSE
Mornington Peninsula Shire,Metro Melbourne,2019,Vacant Land,254,465000,538082,-3.63,299,FALSE,FALSE
Mornington Peninsula Shire,Metro Melbourne,2020,Vacant Land,397,500000,649567,7.53,321.5,FALSE,FALSE
Mornington Peninsula Shire,Metro Melbourne,2021,Vacant Land,348,710000,837388,42,456.6,FALSE,FALSE
Mornington Peninsula Shire,Metro Melbourne,2022,Vacant Land,151,970000,1082597,36.62,623.8,FALSE,FALSE
Mornington Peninsula Shire,Metro Melbourne,2023,Vacant Land,135,840000,1039654,-13.4,540.2,FALSE,FALSE
Mornington Peninsula Shire,Metro Melbourne,2024,Vacant Land,159,750000,886166,-10.71,482.3,FALSE,FALSE
Mornington Peninsula Shire,Metro Melbourne,2025,Vacant Land,24,874250,828843,16.57,562.2,FALSE,TRUE
Mount Alexander Shire,Regional Victoria,2004,House,236,200000,211796,,100,FALSE,FALSE
Mount Alexander Shire,Regional Victoria,2005,House,279,208000,220513,4,104,FALSE,FALSE
Mount Alexander Shire,Regional Victoria,2006,House,236,220000,237254,5.77,110,FALSE,FALSE
Mount Alexander Shire,Regional Victoria,2007,House,315,219000,234795,-0.45,109.5,FALSE,FALSE
Mount Alexander Shire,Regional Victoria,2008,House,231,230000,243756,5.02,115,FALSE,FALSE
Mount Alexander Shire,Regional Victoria,2009,House,273,246000,260217,6.96,123,FALSE,FALSE
Mount Alexander Shire,Regional Victoria,2010,House,287,292000,313416,18.7,146,FALSE,FALSE
Mount Alexander Shire,Regional Victoria,2011,House,238,310000,332518,6.16,155,FALSE,FALSE
Mount Alexander Shire,Regional Victoria,2012,House,230,325000,348331,4.84,162.5,FALSE,FALSE
Mount Alexander Shire,Regional Victoria,2013,House,286,355000,366079,9.23,177.5,FALSE,FALSE
Mount Alexander Shire,Regional Victoria,2014,House,270,345000,378267,-2.82,172.5,FALSE,FALSE
Mount Alexander Shire,Regional Victoria,2015,House,260,372500,387205,7.97,186.2,FALSE,FALSE
Mount Alexander Shire,Regional Victoria,2016,House,302,403475,427890,8.32,201.7,FALSE,FALSE
Mount Alexander Shire,Regional Victoria,2017,House,326,420750,435875,4.28,210.4,FALSE,FALSE
Mount Alexander Shire,Regional Victoria,2018,House,275,475000,497856,12.89,237.5,FALSE,FALSE
Mount Alexander Shire,Regional Victoria,2019,House,288,500000,511293,5.26,250,FALSE,FALSE
Mount Alexander Shire,Regional Victoria,2020,House,304,539500,569423,7.9,269.8,FALSE,FALSE
Mount Alexander Shire,Regional Victoria,2021,House,333,665000,694772,23.26,332.5,FALSE,FALSE
Mount Alexander Shire,Regional Victoria,2022,House,251,723000,767177,8.72,361.5,FALSE,FALSE
Mount Alexander Shire,Regional Victoria,2023,House,226,727000,766106,0.55,363.5,FALSE,FALSE
Mount Alexander Shire,Regional Victoria,2024,House,229,712000,762406,-2.06,356,FALSE,FALSE
Mount Alexander Shire,Regional Victoria,2025,House,32,702500,705768,-1.33,351.2,FALSE,TRUE
Mount Alexander Shire,Regional Victoria,2004,Unit/Apartment,23,215000,207478,,100,FALSE,FALSE
Mount Alexander Shire,Regional Victoria,2005,Unit/Apartment,19,185000,213763,-13.95,86,FALSE,FALSE
Mount Alexander Shire,Regional Victoria,2006,Unit/Apartment,27,210000,211676,13.51,97.7,FALSE,FALSE
Mount Alexander Shire,Regional Victoria,2007,Unit/Apartment,32,207750,224271,-1.07,96.6,FALSE,FALSE
Mount Alexander Shire,Regional Victoria,2008,Unit/Apartment,33,205000,200530,-1.32,95.3,FALSE,FALSE
Mount Alexander Shire,Regional Victoria,2009,Unit/Apartment,32,225000,225351,9.76,104.7,FALSE,FALSE
Mount Alexander Shire,Regional Victoria,2010,Unit/Apartment,35,255000,241800,13.33,118.6,FALSE,FALSE
Mount Alexander Shire,Regional Victoria,2011,Unit/Apartment,17,242000,237029,-5.1,112.6,FALSE,FALSE
Mount Alexander Shire,Regional Victoria,2012,Unit/Apartment,25,290000,269310,19.83,134.9,FALSE,FALSE
Mount Alexander Shire,Regional Victoria,2013,Unit/Apartment,26,295000,284855,1.72,137.2,FALSE,FALSE
Mount Alexander Shire,Regional Victoria,2014,Unit/Apartment,17,260000,267852,-11.86,120.9,FALSE,FALSE
Mount Alexander Shire,Regional Victoria,2015,Unit/Apartment,30,312500,326166,20.19,145.3,FALSE,FALSE
Mount Alexander Shire,Regional Victoria,2016,Unit/Apartment,24,322500,307875,3.2,150,FALSE,FALSE
Mount Alexander Shire,Regional Victoria,2017,Unit/Apartment,25,325000,334040,0.78,151.2,FALSE,FALSE
Mount Alexander Shire,Regional Victoria,2018,Unit/Apartment,33,389000,395972,19.69,180.9,FALSE,FALSE
Mount Alexander Shire,Regional Victoria,2019,Unit/Apartment,22,392500,406711,0.9,182.6,FALSE,FALSE
Mount Alexander Shire,Regional Victoria,2020,Unit/Apartment,24,410500,456039,4.59,190.9,FALSE,FALSE
Mount Alexander Shire,Regional Victoria,2021,Unit/Apartment,31,500000,490129,21.8,232.6,FALSE,FALSE
Mount Alexander Shire,Regional Victoria,2022,Unit/Apartment,21,560000,585848,12,260.5,FALSE,FALSE
Mount Alexander Shire,Regional Victoria,2023,Unit/Apartment,18,586000,599833,4.64,272.6,FALSE,FALSE
Mount Alexander Shire,Regional Victoria,2024,Unit/Apartment,25,600000,604540,2.39,279.1,FALSE,FALSE
Mount Alexander Shire,Regional Victoria,2025,Unit/Apartment,5,500000,508200,-16.67,232.6,FALSE,TRUE
Mount Alexander Shire,Regional Victoria,2004,Vacant Land,57,66500,65336,,100,FALSE,FALSE
Mount Alexander Shire,Regional Victoria,2005,Vacant Land,51,78000,78620,17.29,117.3,FALSE,FALSE
Mount Alexander Shire,Regional Victoria,2006,Vacant Land,44,76251,75625,-2.24,114.7,FALSE,FALSE
Mount Alexander Shire,Regional Victoria,2007,Vacant Land,59,85000,83690,11.47,127.8,FALSE,FALSE
Mount Alexander Shire,Regional Victoria,2008,Vacant Land,41,85000,86159,0,127.8,FALSE,FALSE
Mount Alexander Shire,Regional Victoria,2009,Vacant Land,69,85000,85616,0,127.8,FALSE,FALSE
Mount Alexander Shire,Regional Victoria,2010,Vacant Land,90,90000,98292,5.88,135.3,FALSE,FALSE
Mount Alexander Shire,Regional Victoria,2011,Vacant Land,81,100000,107233,11.11,150.4,FALSE,FALSE
Mount Alexander Shire,Regional Victoria,2012,Vacant Land,59,115000,112217,15,172.9,FALSE,FALSE
Mount Alexander Shire,Regional Victoria,2013,Vacant Land,79,122500,118829,6.52,184.2,FALSE,FALSE
Mount Alexander Shire,Regional Victoria,2014,Vacant Land,78,125000,127279,2.04,188,FALSE,FALSE
Mount Alexander Shire,Regional Victoria,2015,Vacant Land,87,125000,124152,0,188,FALSE,FALSE
Mount Alexander Shire,Regional Victoria,2016,Vacant Land,80,131500,135662,5.2,197.7,FALSE,FALSE
Mount Alexander Shire,Regional Victoria,2017,Vacant Land,112,135515,143390,3.05,203.8,FALSE,FALSE
Mount Alexander Shire,Regional Victoria,2018,Vacant Land,173,150000,156683,10.69,225.6,FALSE,FALSE
Mount Alexander Shire,Regional Victoria,2019,Vacant Land,110,169250,180863,12.83,254.5,FALSE,FALSE
Mount Alexander Shire,Regional Victoria,2020,Vacant Land,161,180000,193492,6.35,270.7,FALSE,FALSE
Mount Alexander Shire,Regional Victoria,2021,Vacant Land,201,235000,233581,30.56,353.4,FALSE,FALSE
Mount Alexander Shire,Regional Victoria,2022,Vacant Land,80,285000,281281,21.28,428.6,FALSE,FALSE
Mount Alexander Shire,Regional Victoria,2023,Vacant Land,57,287000,295181,0.7,431.6,FALSE,FALSE
Mount Alexander Shire,Regional Victoria,2024,Vacant Land,43,260000,293058,-9.41,391,FALSE,FALSE
Mount Alexander Shire,Regional Victoria,2025,Vacant Land,7,260000,235427,0,391,FALSE,TRUE
Moyne Shire,Regional Victoria,2004,House,148,205500,228377,,100,FALSE,FALSE
Moyne Shire,Regional Victoria,2005,House,145,205000,249373,-0.24,99.8,FALSE,FALSE
Moyne Shire,Regional Victoria,2006,House,153,225000,252932,9.76,109.5,FALSE,FALSE
Moyne Shire,Regional Victoria,2007,House,178,252500,282007,12.22,122.9,FALSE,FALSE
Moyne Shire,Regional Victoria,2008,House,139,249000,278070,-1.39,121.2,FALSE,FALSE
Moyne Shire,Regional Victoria,2009,House,186,254000,292974,2.01,123.6,FALSE,FALSE
Moyne Shire,Regional Victoria,2010,House,163,300000,349742,18.11,146,FALSE,FALSE
Moyne Shire,Regional Victoria,2011,House,129,290000,334017,-3.33,141.1,FALSE,FALSE
Moyne Shire,Regional Victoria,2012,House,142,320000,360887,10.34,155.7,FALSE,FALSE
Moyne Shire,Regional Victoria,2013,House,162,305000,372219,-4.69,148.4,FALSE,FALSE
Moyne Shire,Regional Victoria,2014,House,205,318000,343885,4.26,154.7,FALSE,FALSE
Moyne Shire,Regional Victoria,2015,House,181,340000,404237,6.92,165.5,FALSE,FALSE
Moyne Shire,Regional Victoria,2016,House,206,340000,417718,0,165.5,FALSE,FALSE
Moyne Shire,Regional Victoria,2017,House,183,365000,433813,7.35,177.6,FALSE,FALSE
Moyne Shire,Regional Victoria,2018,House,190,361000,454915,-1.1,175.7,FALSE,FALSE
Moyne Shire,Regional Victoria,2019,House,201,409000,498209,13.3,199,FALSE,FALSE
Moyne Shire,Regional Victoria,2020,House,199,425000,489579,3.91,206.8,FALSE,FALSE
Moyne Shire,Regional Victoria,2021,House,199,560000,764740,31.76,272.5,FALSE,FALSE
Moyne Shire,Regional Victoria,2022,House,150,615000,739209,9.82,299.3,FALSE,FALSE
Moyne Shire,Regional Victoria,2023,House,120,627500,725958,2.03,305.4,FALSE,FALSE
Moyne Shire,Regional Victoria,2024,House,153,565000,665116,-9.96,274.9,FALSE,FALSE
Moyne Shire,Regional Victoria,2025,House,19,700000,818657,23.89,340.6,FALSE,TRUE
Moyne Shire,Regional Victoria,2004,Unit/Apartment,14,282500,456650,,100,FALSE,FALSE
Moyne Shire,Regional Victoria,2005,Unit/Apartment,22,250000,290757,-11.5,88.5,FALSE,FALSE
Moyne Shire,Regional Victoria,2006,Unit/Apartment,25,251000,349952,0.4,88.8,FALSE,FALSE
Moyne Shire,Regional Victoria,2007,Unit/Apartment,27,295000,356784,17.53,104.4,FALSE,FALSE
Moyne Shire,Regional Victoria,2008,Unit/Apartment,15,270000,386400,-8.47,95.6,FALSE,FALSE
Moyne Shire,Regional Victoria,2009,Unit/Apartment,23,300000,320709,11.11,106.2,FALSE,FALSE
Moyne Shire,Regional Victoria,2010,Unit/Apartment,12,288500,288625,-3.83,102.1,FALSE,FALSE
Moyne Shire,Regional Victoria,2011,Unit/Apartment,11,360000,383863,24.78,127.4,FALSE,FALSE
Moyne Shire,Regional Victoria,2012,Unit/Apartment,7,227000,263714,-36.94,80.4,FALSE,FALSE
Moyne Shire,Regional Victoria,2013,Unit/Apartment,16,337500,492500,48.68,119.5,FALSE,FALSE
Moyne Shire,Regional Victoria,2014,Unit/Apartment,23,365000,372532,8.15,129.2,FALSE,FALSE
Moyne Shire,Regional Victoria,2015,Unit/Apartment,20,327500,449750,-10.27,115.9,FALSE,FALSE
Moyne Shire,Regional Victoria,2016,Unit/Apartment,23,370000,491000,12.98,131,FALSE,FALSE
Moyne Shire,Regional Victoria,2017,Unit/Apartment,20,495000,545137,33.78,175.2,FALSE,FALSE
Moyne Shire,Regional Victoria,2018,Unit/Apartment,23,395000,503065,-20.2,139.8,FALSE,FALSE
Moyne Shire,Regional Victoria,2019,Unit/Apartment,19,470000,556947,18.99,166.4,FALSE,FALSE
Moyne Shire,Regional Victoria,2020,Unit/Apartment,13,577500,731576,22.87,204.4,FALSE,FALSE
Moyne Shire,Regional Victoria,2021,Unit/Apartment,19,696000,771763,20.52,246.4,FALSE,FALSE
Moyne Shire,Regional Victoria,2022,Unit/Apartment,14,450000,1173500,-35.34,159.3,FALSE,FALSE
Moyne Shire,Regional Victoria,2023,Unit/Apartment,7,665000,611000,47.78,235.4,FALSE,FALSE
Moyne Shire,Regional Victoria,2024,Unit/Apartment,8,935000,1113750,40.6,331,FALSE,FALSE
Moyne Shire,Regional Victoria,2025,Unit/Apartment,2,753750,753750,-19.39,266.8,FALSE,TRUE
Moyne Shire,Regional Victoria,2004,Vacant Land,62,72500,77398,,100,FALSE,FALSE
Moyne Shire,Regional Victoria,2005,Vacant Land,48,71250,77690,-1.72,98.3,FALSE,FALSE
Moyne Shire,Regional Victoria,2006,Vacant Land,70,68250,75043,-4.21,94.1,FALSE,FALSE
Moyne Shire,Regional Victoria,2007,Vacant Land,53,75000,82794,9.89,103.4,FALSE,FALSE
Moyne Shire,Regional Victoria,2008,Vacant Land,44,99950,101822,33.27,137.9,FALSE,FALSE
Moyne Shire,Regional Victoria,2009,Vacant Land,62,116500,115099,16.56,160.7,FALSE,FALSE
Moyne Shire,Regional Victoria,2010,Vacant Land,75,125000,117373,7.3,172.4,FALSE,FALSE
Moyne Shire,Regional Victoria,2011,Vacant Land,60,125500,139723,0.4,173.1,FALSE,FALSE
Moyne Shire,Regional Victoria,2012,Vacant Land,62,97500,103517,-22.31,134.5,FALSE,FALSE
Moyne Shire,Regional Victoria,2013,Vacant Land,46,150000,131750,53.85,206.9,FALSE,FALSE
Moyne Shire,Regional Victoria,2014,Vacant Land,42,115475,137901,-23.02,159.3,FALSE,FALSE
Moyne Shire,Regional Victoria,2015,Vacant Land,52,146500,142715,26.87,202.1,FALSE,FALSE
Moyne Shire,Regional Victoria,2016,Vacant Land,51,140000,167111,-4.44,193.1,FALSE,FALSE
Moyne Shire,Regional Victoria,2017,Vacant Land,60,125500,144064,-10.36,173.1,FALSE,FALSE
Moyne Shire,Regional Victoria,2018,Vacant Land,70,137500,160785,9.56,189.7,FALSE,FALSE
Moyne Shire,Regional Victoria,2019,Vacant Land,58,125500,166698,-8.73,173.1,FALSE,FALSE
Moyne Shire,Regional Victoria,2020,Vacant Land,99,149000,186852,18.73,205.5,FALSE,FALSE
Moyne Shire,Regional Victoria,2021,Vacant Land,70,162475,250662,9.04,224.1,FALSE,FALSE
Moyne Shire,Regional Victoria,2022,Vacant Land,37,130000,171802,-19.99,179.3,FALSE,FALSE
Moyne Shire,Regional Victoria,2023,Vacant Land,29,240000,281654,84.62,331,FALSE,FALSE
Moyne Shire,Regional Victoria,2024,Vacant Land,22,247450,287950,3.1,341.3,FALSE,FALSE
Moyne Shire,Regional Victoria,2025,Vacant Land,2,156500,156500,-36.75,215.9,FALSE,TRUE
Murrindindi Shire,Regional Victoria,2004,House,199,179000,184089,,100,FALSE,FALSE
Murrindindi Shire,Regional Victoria,2005,House,231,190000,197438,6.15,106.1,FALSE,FALSE
Murrindindi Shire,Regional Victoria,2006,House,210,195000,208551,2.63,108.9,FALSE,FALSE
Murrindindi Shire,Regional Victoria,2007,House,216,207500,213609,6.41,115.9,FALSE,FALSE
Murrindindi Shire,Regional Victoria,2008,House,166,211500,222628,1.93,118.2,FALSE,FALSE
Murrindindi Shire,Regional Victoria,2009,House,189,220000,218425,4.02,122.9,FALSE,FALSE
Murrindindi Shire,Regional Victoria,2010,House,152,230000,240186,4.55,128.5,FALSE,FALSE
Murrindindi Shire,Regional Victoria,2011,House,132,250750,251774,9.02,140.1,FALSE,FALSE
Murrindindi Shire,Regional Victoria,2012,House,133,245000,260815,-2.29,136.9,FALSE,FALSE
Murrindindi Shire,Regional Victoria,2013,House,149,260000,272847,6.12,145.3,FALSE,FALSE
Murrindindi Shire,Regional Victoria,2014,House,178,230000,233798,-11.54,128.5,FALSE,FALSE
Murrindindi Shire,Regional Victoria,2015,House,163,265000,279511,15.22,148,FALSE,FALSE
Murrindindi Shire,Regional Victoria,2016,House,208,270000,288471,1.89,150.8,FALSE,FALSE
Murrindindi Shire,Regional Victoria,2017,House,219,325000,341632,20.37,181.6,FALSE,FALSE
Murrindindi Shire,Regional Victoria,2018,House,200,368500,374381,13.38,205.9,FALSE,FALSE
Murrindindi Shire,Regional Victoria,2019,House,160,371500,388297,0.81,207.5,FALSE,FALSE
Murrindindi Shire,Regional Victoria,2020,House,182,417500,426651,12.38,233.2,FALSE,FALSE
Murrindindi Shire,Regional Victoria,2021,House,233,506000,527480,21.2,282.7,FALSE,FALSE
Murrindindi Shire,Regional Victoria,2022,House,142,602500,615483,19.07,336.6,FALSE,FALSE
Murrindindi Shire,Regional Victoria,2023,House,159,572500,598033,-4.98,319.8,FALSE,FALSE
Murrindindi Shire,Regional Victoria,2024,House,164,560000,583891,-2.18,312.8,FALSE,FALSE
Murrindindi Shire,Regional Victoria,2025,House,17,690000,693117,23.21,385.5,FALSE,TRUE
Murrindindi Shire,Regional Victoria,2004,Unit/Apartment,10,157500,166150,,100,FALSE,FALSE
Murrindindi Shire,Regional Victoria,2005,Unit/Apartment,8,247500,218750,57.14,157.1,FALSE,FALSE
Murrindindi Shire,Regional Victoria,2006,Unit/Apartment,12,196500,201375,-20.61,124.8,FALSE,FALSE
Murrindindi Shire,Regional Victoria,2007,Unit/Apartment,16,227500,205706,15.78,144.4,FALSE,FALSE
Murrindindi Shire,Regional Victoria,2008,Unit/Apartment,16,226250,214232,-0.55,143.7,FALSE,FALSE
Murrindindi Shire,Regional Victoria,2009,Unit/Apartment,23,215000,220847,-4.97,136.5,FALSE,FALSE
Murrindindi Shire,Regional Victoria,2010,Unit/Apartment,15,230000,232266,6.98,146,FALSE,FALSE
Murrindindi Shire,Regional Victoria,2011,Unit/Apartment,21,185000,193095,-19.57,117.5,FALSE,FALSE
Murrindindi Shire,Regional Victoria,2012,Unit/Apartment,14,207500,209964,12.16,131.7,FALSE,FALSE
Murrindindi Shire,Regional Victoria,2013,Unit/Apartment,12,197500,205750,-4.82,125.4,FALSE,FALSE
Murrindindi Shire,Regional Victoria,2014,Unit/Apartment,16,250000,241218,26.58,158.7,FALSE,FALSE
Murrindindi Shire,Regional Victoria,2015,Unit/Apartment,17,250000,238911,0,158.7,FALSE,FALSE
Murrindindi Shire,Regional Victoria,2016,Unit/Apartment,14,257500,265607,3,163.5,FALSE,FALSE
Murrindindi Shire,Regional Victoria,2017,Unit/Apartment,14,269000,271750,4.47,170.8,FALSE,FALSE
Murrindindi Shire,Regional Victoria,2018,Unit/Apartment,16,276250,282093,2.7,175.4,FALSE,FALSE
Murrindindi Shire,Regional Victoria,2019,Unit/Apartment,14,295000,325000,6.79,187.3,FALSE,FALSE
Murrindindi Shire,Regional Victoria,2020,Unit/Apartment,11,320000,349954,8.47,203.2,FALSE,FALSE
Murrindindi Shire,Regional Victoria,2021,Unit/Apartment,13,378000,405653,18.12,240,FALSE,FALSE
Murrindindi Shire,Regional Victoria,2022,Unit/Apartment,10,417500,415000,10.45,265.1,FALSE,FALSE
Murrindindi Shire,Regional Victoria,2023,Unit/Apartment,11,415000,451363,-0.6,263.5,FALSE,FALSE
Murrindindi Shire,Regional Victoria,2024,Unit/Apartment,16,407500,407437,-1.81,258.7,FALSE,FALSE
Murrindindi Shire,Regional Victoria,2025,Unit/Apartment,2,439500,439500,7.85,279,FALSE,TRUE
Murrindindi Shire,Regional Victoria,2004,Vacant Land,52,68250,71062,,100,FALSE,FALSE
Murrindindi Shire,Regional Victoria,2005,Vacant Land,46,84500,93432,23.81,123.8,FALSE,FALSE
Murrindindi Shire,Regional Victoria,2006,Vacant Land,52,73625,87466,-12.87,107.9,FALSE,FALSE
Murrindindi Shire,Regional Victoria,2007,Vacant Land,47,90000,93063,22.24,131.9,FALSE,FALSE
Murrindindi Shire,Regional Victoria,2008,Vacant Land,45,76000,85241,-15.56,111.4,FALSE,FALSE
Murrindindi Shire,Regional Victoria,2009,Vacant Land,116,96000,97598,26.32,140.7,FALSE,FALSE
Murrindindi Shire,Regional Victoria,2010,Vacant Land,110,95750,102726,-0.26,140.3,FALSE,FALSE
Murrindindi Shire,Regional Victoria,2011,Vacant Land,82,112000,121226,16.97,164.1,FALSE,FALSE
Murrindindi Shire,Regional Victoria,2012,Vacant Land,104,100000,105188,-10.71,146.5,FALSE,FALSE
Murrindindi Shire,Regional Victoria,2013,Vacant Land,48,100000,104793,0,146.5,FALSE,FALSE
Murrindindi Shire,Regional Victoria,2014,Vacant Land,51,105000,117130,5,153.8,FALSE,FALSE
Murrindindi Shire,Regional Victoria,2015,Vacant Land,70,120000,115324,14.29,175.8,FALSE,FALSE
Murrindindi Shire,Regional Victoria,2016,Vacant Land,75,120000,128713,0,175.8,FALSE,FALSE
Murrindindi Shire,Regional Victoria,2017,Vacant Land,80,132500,142452,10.42,194.1,FALSE,FALSE
Murrindindi Shire,Regional Victoria,2018,Vacant Land,67,145000,140545,9.43,212.5,FALSE,FALSE
Murrindindi Shire,Regional Victoria,2019,Vacant Land,50,143500,156069,-1.03,210.3,FALSE,FALSE
Murrindindi Shire,Regional Victoria,2020,Vacant Land,96,166500,184767,16.03,244,FALSE,FALSE
Murrindindi Shire,Regional Victoria,2021,Vacant Land,111,215000,227886,29.13,315,FALSE,FALSE
Murrindindi Shire,Regional Victoria,2022,Vacant Land,53,278934,271263,29.74,408.7,FALSE,FALSE
Murrindindi Shire,Regional Victoria,2023,Vacant Land,32,285000,282250,2.17,417.6,FALSE,FALSE
Murrindindi Shire,Regional Victoria,2024,Vacant Land,23,285000,282369,0,417.6,FALSE,FALSE
Murrindindi Shire,Regional Victoria,2025,Vacant Land,6,215000,179898,-24.56,315,FALSE,TRUE
Nillumbik Shire,Metro Melbourne,2004,House,751,360000,382827,,100,FALSE,FALSE
Nillumbik Shire,Metro Melbourne,2005,House,733,367500,404903,2.08,102.1,FALSE,FALSE
Nillumbik Shire,Metro Melbourne,2006,House,748,391550,419725,6.54,108.8,FALSE,FALSE
Nillumbik Shire,Metro Melbourne,2007,House,809,432000,462727,10.33,120,FALSE,FALSE
Nillumbik Shire,Metro Melbourne,2008,House,621,460000,488885,6.48,127.8,FALSE,FALSE
Nillumbik Shire,Metro Melbourne,2009,House,620,480000,510127,4.35,133.3,FALSE,FALSE
Nillumbik Shire,Metro Melbourne,2010,House,684,575000,605899,19.79,159.7,FALSE,FALSE
Nillumbik Shire,Metro Melbourne,2011,House,589,580000,608111,0.87,161.1,FALSE,FALSE
Nillumbik Shire,Metro Melbourne,2012,House,578,552000,583024,-4.83,153.3,FALSE,FALSE
Nillumbik Shire,Metro Melbourne,2013,House,642,582950,610971,5.61,161.9,FALSE,FALSE
Nillumbik Shire,Metro Melbourne,2014,House,698,620000,637746,6.36,172.2,FALSE,FALSE
Nillumbik Shire,Metro Melbourne,2015,House,733,665000,697216,7.26,184.7,FALSE,FALSE
Nillumbik Shire,Metro Melbourne,2016,House,641,731000,751518,9.92,203.1,FALSE,FALSE
Nillumbik Shire,Metro Melbourne,2017,House,585,855000,885486,16.96,237.5,FALSE,FALSE
Nillumbik Shire,Metro Melbourne,2018,House,464,876800,940167,2.55,243.6,FALSE,FALSE
Nillumbik Shire,Metro Melbourne,2019,House,594,836125,882566,-4.64,232.3,FALSE,FALSE
Nillumbik Shire,Metro Melbourne,2020,House,472,913500,968779,9.25,253.8,FALSE,FALSE
Nillumbik Shire,Metro Melbourne,2021,House,703,1125000,1165217,23.15,312.5,FALSE,FALSE
Nillumbik Shire,Metro Melbourne,2022,House,583,1130000,1179291,0.44,313.9,FALSE,FALSE
Nillumbik Shire,Metro Melbourne,2023,House,519,1100000,1158670,-2.65,305.6,FALSE,FALSE
Nillumbik Shire,Metro Melbourne,2024,House,552,1136750,1196226,3.34,315.8,FALSE,FALSE
Nillumbik Shire,Metro Melbourne,2025,House,50,1022500,1088456,-10.05,284,FALSE,TRUE
Nillumbik Shire,Metro Melbourne,2004,Unit/Apartment,111,284000,294022,,100,FALSE,FALSE
Nillumbik Shire,Metro Melbourne,2005,Unit/Apartment,158,288750,307895,1.67,101.7,FALSE,FALSE
Nillumbik Shire,Metro Melbourne,2006,Unit/Apartment,154,297500,323245,3.03,104.8,FALSE,FALSE
Nillumbik Shire,Metro Melbourne,2007,Unit/Apartment,210,330000,347407,10.92,116.2,FALSE,FALSE
Nillumbik Shire,Metro Melbourne,2008,Unit/Apartment,178,355000,366891,7.58,125,FALSE,FALSE
Nillumbik Shire,Metro Melbourne,2009,Unit/Apartment,206,390000,404598,9.86,137.3,FALSE,FALSE
Nillumbik Shire,Metro Melbourne,2010,Unit/Apartment,164,440000,471113,12.82,154.9,FALSE,FALSE
Nillumbik Shire,Metro Melbourne,2011,Unit/Apartment,141,455955,476114,3.63,160.5,FALSE,FALSE
Nillumbik Shire,Metro Melbourne,2012,Unit/Apartment,119,440000,489206,-3.5,154.9,FALSE,FALSE
Nillumbik Shire,Metro Melbourne,2013,Unit/Apartment,136,460000,468766,4.55,162,FALSE,FALSE
Nillumbik Shire,Metro Melbourne,2014,Unit/Apartment,179,482000,490169,4.78,169.7,FALSE,FALSE
Nillumbik Shire,Metro Melbourne,2015,Unit/Apartment,176,530000,526054,9.96,186.6,FALSE,FALSE
Nillumbik Shire,Metro Melbourne,2016,Unit/Apartment,179,555000,561195,4.72,195.4,FALSE,FALSE
Nillumbik Shire,Metro Melbourne,2017,Unit/Apartment,154,634000,654290,14.23,223.2,FALSE,FALSE
Nillumbik Shire,Metro Melbourne,2018,Unit/Apartment,191,635000,659156,0.16,223.6,FALSE,FALSE
Nillumbik Shire,Metro Melbourne,2019,Unit/Apartment,184,652500,656758,2.76,229.8,FALSE,FALSE
Nillumbik Shire,Metro Melbourne,2020,Unit/Apartment,128,702500,719207,7.66,247.4,FALSE,FALSE
Nillumbik Shire,Metro Melbourne,2021,Unit/Apartment,207,780000,814777,11.03,274.6,FALSE,FALSE
Nillumbik Shire,Metro Melbourne,2022,Unit/Apartment,144,781000,786564,0.13,275,FALSE,FALSE
Nillumbik Shire,Metro Melbourne,2023,Unit/Apartment,165,750000,769350,-3.97,264.1,FALSE,FALSE
Nillumbik Shire,Metro Melbourne,2024,Unit/Apartment,165,800000,844087,6.67,281.7,FALSE,FALSE
Nillumbik Shire,Metro Melbourne,2025,Unit/Apartment,18,846000,870638,5.75,297.9,FALSE,TRUE
Nillumbik Shire,Metro Melbourne,2004,Vacant Land,118,185000,215937,,100,FALSE,FALSE
Nillumbik Shire,Metro Melbourne,2005,Vacant Land,123,175000,194284,-5.41,94.6,FALSE,FALSE
Nillumbik Shire,Metro Melbourne,2006,Vacant Land,106,210000,218554,20,113.5,FALSE,FALSE
Nillumbik Shire,Metro Melbourne,2007,Vacant Land,80,198000,208031,-5.71,107,FALSE,FALSE
Nillumbik Shire,Metro Melbourne,2008,Vacant Land,50,212500,230331,7.32,114.9,FALSE,FALSE
Nillumbik Shire,Metro Melbourne,2009,Vacant Land,69,210000,245153,-1.18,113.5,FALSE,FALSE
Nillumbik Shire,Metro Melbourne,2010,Vacant Land,54,241750,283454,15.12,130.7,FALSE,FALSE
Nillumbik Shire,Metro Melbourne,2011,Vacant Land,56,243500,298982,0.72,131.6,FALSE,FALSE
Nillumbik Shire,Metro Melbourne,2012,Vacant Land,87,200000,239653,-17.86,108.1,FALSE,FALSE
Nillumbik Shire,Metro Melbourne,2013,Vacant Land,63,319500,301887,59.75,172.7,FALSE,FALSE
Nillumbik Shire,Metro Melbourne,2014,Vacant Land,95,350000,330599,9.55,189.2,FALSE,FALSE
Nillumbik Shire,Metro Melbourne,2015,Vacant Land,67,370000,344946,5.71,200,FALSE,FALSE
Nillumbik Shire,Metro Melbourne,2016,Vacant Land,76,406000,413327,9.73,219.5,FALSE,FALSE
Nillumbik Shire,Metro Melbourne,2017,Vacant Land,126,434000,446509,6.9,234.6,FALSE,FALSE
Nillumbik Shire,Metro Melbourne,2018,Vacant Land,64,450000,466210,3.69,243.2,FALSE,FALSE
Nillumbik Shire,Metro Melbourne,2019,Vacant Land,71,445000,494295,-1.11,240.5,FALSE,FALSE
Nillumbik Shire,Metro Melbourne,2020,Vacant Land,120,441000,465625,-0.9,238.4,FALSE,FALSE
Nillumbik Shire,Metro Melbourne,2021,Vacant Land,117,515000,560560,16.78,278.4,FALSE,FALSE
Nillumbik Shire,Metro Melbourne,2022,Vacant Land,31,620000,610677,20.39,335.1,FALSE,FALSE
Nillumbik Shire,Metro Melbourne,2023,Vacant Land,25,600000,644980,-3.23,324.3,FALSE,FALSE
Nillumbik Shire,Metro Melbourne,2024,Vacant Land,31,580000,596516,-3.33,313.5,FALSE,FALSE
Nillumbik Shire,Metro Melbourne,2025,Vacant Land,3,380000,404666,-34.48,205.4,FALSE,TRUE
Northern Grampians Shire,Regional Victoria,2004,House,279,120000,134911,,100,FALSE,FALSE
Northern Grampians Shire,Regional Victoria,2005,House,271,132000,144001,10,110,FALSE,FALSE
Northern Grampians Shire,Regional Victoria,2006,House,188,135000,149942,2.27,112.5,FALSE,FALSE
Northern Grampians Shire,Regional Victoria,2007,House,234,137500,146991,1.85,114.6,FALSE,FALSE
Northern Grampians Shire,Regional Victoria,2008,House,210,136500,144156,-0.73,113.8,FALSE,FALSE
Northern Grampians Shire,Regional Victoria,2009,House,217,140000,156197,2.56,116.7,FALSE,FALSE
Northern Grampians Shire,Regional Victoria,2010,House,179,150000,167276,7.14,125,FALSE,FALSE
Northern Grampians Shire,Regional Victoria,2011,House,173,145000,155362,-3.33,120.8,FALSE,FALSE
Northern Grampians Shire,Regional Victoria,2012,House,164,159000,176028,9.66,132.5,FALSE,FALSE
Northern Grampians Shire,Regional Victoria,2013,House,184,160000,168725,0.63,133.3,FALSE,FALSE
Northern Grampians Shire,Regional Victoria,2014,House,179,165000,176272,3.12,137.5,FALSE,FALSE
Northern Grampians Shire,Regional Victoria,2015,House,167,172000,180174,4.24,143.3,FALSE,FALSE
Northern Grampians Shire,Regional Victoria,2016,House,174,177000,195703,2.91,147.5,FALSE,FALSE
Northern Grampians Shire,Regional Victoria,2017,House,188,170000,188867,-3.95,141.7,FALSE,FALSE
Northern Grampians Shire,Regional Victoria,2018,House,206,185000,199727,8.82,154.2,FALSE,FALSE
Northern Grampians Shire,Regional Victoria,2019,House,224,193000,213005,4.32,160.8,FALSE,FALSE
Northern Grampians Shire,Regional Victoria,2020,House,212,220000,237189,13.99,183.3,FALSE,FALSE
Northern Grampians Shire,Regional Victoria,2021,House,214,280000,288575,27.27,233.3,FALSE,FALSE
Northern Grampians Shire,Regional Victoria,2022,House,198,349000,363455,24.64,290.8,FALSE,FALSE
Northern Grampians Shire,Regional Victoria,2023,House,169,317000,348807,-9.17,264.2,FALSE,FALSE
Northern Grampians Shire,Regional Victoria,2024,House,190,306250,327897,-3.39,255.2,FALSE,FALSE
Northern Grampians Shire,Regional Victoria,2025,House,24,311250,340604,1.63,259.4,FALSE,TRUE
Northern Grampians Shire,Regional Victoria,2004,Unit/Apartment,11,119000,182159,,100,FALSE,FALSE
Northern Grampians Shire,Regional Victoria,2005,Unit/Apartment,7,123000,118142,3.36,103.4,FALSE,FALSE
Northern Grampians Shire,Regional Victoria,2006,Unit/Apartment,17,178000,200117,44.72,149.6,FALSE,FALSE
Northern Grampians Shire,Regional Victoria,2007,Unit/Apartment,16,137000,158281,-23.03,115.1,FALSE,FALSE
Northern Grampians Shire,Regional Victoria,2008,Unit/Apartment,9,185000,216888,35.04,155.5,FALSE,FALSE
Northern Grampians Shire,Regional Victoria,2009,Unit/Apartment,19,150000,155500,-18.92,126.1,FALSE,FALSE
Northern Grampians Shire,Regional Victoria,2010,Unit/Apartment,16,95500,129156,-36.33,80.3,FALSE,FALSE
Northern Grampians Shire,Regional Victoria,2011,Unit/Apartment,9,153000,158722,60.21,128.6,FALSE,FALSE
Northern Grampians Shire,Regional Victoria,2012,Unit/Apartment,12,122500,142958,-19.93,102.9,FALSE,FALSE
Northern Grampians Shire,Regional Victoria,2013,Unit/Apartment,14,159500,166392,30.2,134,FALSE,FALSE
Northern Grampians Shire,Regional Victoria,2014,Unit/Apartment,9,180000,181970,12.85,151.3,FALSE,FALSE
Northern Grampians Shire,Regional Victoria,2015,Unit/Apartment,11,135000,162318,-25,113.4,FALSE,FALSE
Northern Grampians Shire,Regional Victoria,2016,Unit/Apartment,3,115000,144333,-14.81,96.6,FALSE,FALSE
Northern Grampians Shire,Regional Victoria,2017,Unit/Apartment,10,164250,179300,42.83,138,FALSE,FALSE
Northern Grampians Shire,Regional Victoria,2018,Unit/Apartment,9,140000,145888,-14.76,117.6,FALSE,FALSE
Northern Grampians Shire,Regional Victoria,2019,Unit/Apartment,16,259500,241843,85.36,218.1,FALSE,FALSE
Northern Grampians Shire,Regional Victoria,2020,Unit/Apartment,24,182500,220373,-29.67,153.4,FALSE,FALSE
Northern Grampians Shire,Regional Victoria,2021,Unit/Apartment,17,199500,247323,9.32,167.6,FALSE,FALSE
Northern Grampians Shire,Regional Victoria,2022,Unit/Apartment,10,208000,215150,4.26,174.8,FALSE,FALSE
Northern Grampians Shire,Regional Victoria,2023,Unit/Apartment,14,220000,257142,5.77,184.9,FALSE,FALSE
Northern Grampians Shire,Regional Victoria,2024,Unit/Apartment,6,306000,326166,39.09,257.1,FALSE,FALSE
Northern Grampians Shire,Regional Victoria,2025,Unit/Apartment,2,193500,193500,-36.76,162.6,FALSE,TRUE
Northern Grampians Shire,Regional Victoria,2004,Vacant Land,55,29000,35981,,100,FALSE,FALSE
Northern Grampians Shire,Regional Victoria,2005,Vacant Land,36,34000,37658,17.24,117.2,FALSE,FALSE
Northern Grampians Shire,Regional Victoria,2006,Vacant Land,23,30500,41598,-10.29,105.2,FALSE,FALSE
Northern Grampians Shire,Regional Victoria,2007,Vacant Land,30,38000,67700,24.59,131,FALSE,FALSE
Northern Grampians Shire,Regional Victoria,2008,Vacant Land,23,30000,40815,-21.05,103.4,FALSE,FALSE
Northern Grampians Shire,Regional Victoria,2009,Vacant Land,33,38000,52681,26.67,131,FALSE,FALSE
Northern Grampians Shire,Regional Victoria,2010,Vacant Land,29,55000,64468,44.74,189.7,FALSE,FALSE
Northern Grampians Shire,Regional Victoria,2011,Vacant Land,19,63000,76605,14.55,217.2,FALSE,FALSE
Northern Grampians Shire,Regional Victoria,2012,Vacant Land,13,45000,43500,-28.57,155.2,FALSE,FALSE
Northern Grampians Shire,Regional Victoria,2013,Vacant Land,22,41000,47045,-8.89,141.4,FALSE,FALSE
Northern Grampians Shire,Regional Victoria,2014,Vacant Land,20,43750,55089,6.71,150.9,FALSE,FALSE
Northern Grampians Shire,Regional Victoria,2015,Vacant Land,21,60000,76142,37.14,206.9,FALSE,FALSE
Northern Grampians Shire,Regional Victoria,2016,Vacant Land,20,64000,68535,6.67,220.7,FALSE,FALSE
Northern Grampians Shire,Regional Victoria,2017,Vacant Land,24,84000,97604,31.25,289.7,FALSE,FALSE
Northern Grampians Shire,Regional Victoria,2018,Vacant Land,25,77000,79010,-8.33,265.5,FALSE,FALSE
Northern Grampians Shire,Regional Victoria,2019,Vacant Land,25,64000,71260,-16.88,220.7,FALSE,FALSE
Northern Grampians Shire,Regional Victoria,2020,Vacant Land,40,81250,85512,26.95,280.2,FALSE,FALSE
Northern Grampians Shire,Regional Victoria,2021,Vacant Land,42,167000,143678,105.54,575.9,FALSE,FALSE
Northern Grampians Shire,Regional Victoria,2022,Vacant Land,25,143000,179780,-14.37,493.1,FALSE,FALSE
Northern Grampians Shire,Regional Victoria,2023,Vacant Land,30,186200,181830,30.21,642.1,FALSE,FALSE
Northern Grampians Shire,Regional Victoria,2024,Vacant Land,9,198000,185444,6.34,682.8,FALSE,FALSE
Northern Grampians Shire,Regional Victoria,2025,Vacant Land,4,199500,209000,0.76,687.9,FALSE,TRUE
Port Phillip City,Metro Melbourne,2004,House,882,612500,735322,,100,FALSE,FALSE
Port Phillip City,Metro Melbourne,2005,House,942,650000,756347,6.12,106.1,FALSE,FALSE
Port Phillip City,Metro Melbourne,2006,House,991,691002,839959,6.31,112.8,FALSE,FALSE
Port Phillip City,Metro Melbourne,2007,House,1015,867500,1089436,25.54,141.6,FALSE,FALSE
Port Phillip City,Metro Melbourne,2008,House,687,905000,1112304,4.32,147.8,FALSE,FALSE
Port Phillip City,Metro Melbourne,2009,House,737,927500,1092553,2.49,151.4,FALSE,FALSE
Port Phillip City,Metro Melbourne,2010,House,827,1110000,1262392,19.68,181.2,FALSE,FALSE
Port Phillip City,Metro Melbourne,2011,House,737,1010000,1237744,-9.01,164.9,FALSE,FALSE
Port Phillip City,Metro Melbourne,2012,House,755,1050000,1192419,3.96,171.4,FALSE,FALSE
Port Phillip City,Metro Melbourne,2013,House,838,1120000,1307330,6.67,182.9,FALSE,FALSE
Port Phillip City,Metro Melbourne,2014,House,913,1180000,1420530,5.36,192.7,FALSE,FALSE
Port Phillip City,Metro Melbourne,2015,House,833,1415000,1651295,19.92,231,FALSE,FALSE
Port Phillip City,Metro Melbourne,2016,House,710,1575000,1794133,11.31,257.1,FALSE,FALSE
Port Phillip City,Metro Melbourne,2017,House,765,1720000,1942966,9.21,280.8,FALSE,FALSE
Port Phillip City,Metro Melbourne,2018,House,621,1720000,1995434,0,280.8,FALSE,FALSE
Port Phillip City,Metro Melbourne,2019,House,649,1625000,1986244,-5.52,265.3,FALSE,FALSE
Port Phillip City,Metro Melbourne,2020,House,629,1750000,2145153,7.69,285.7,FALSE,FALSE
Port Phillip City,Metro Melbourne,2021,House,939,1970000,2344995,12.57,321.6,FALSE,FALSE
Port Phillip City,Metro Melbourne,2022,House,775,1960000,2344436,-0.51,320,FALSE,FALSE
Port Phillip City,Metro Melbourne,2023,House,645,1820000,2160092,-7.14,297.1,FALSE,FALSE
Port Phillip City,Metro Melbourne,2024,House,728,1715000,2115151,-5.77,280,FALSE,FALSE
Port Phillip City,Metro Melbourne,2025,House,40,1686250,1905725,-1.68,275.3,FALSE,TRUE
Port Phillip City,Metro Melbourne,2004,Unit/Apartment,2295,327500,413105,,100,FALSE,FALSE
Port Phillip City,Metro Melbourne,2005,Unit/Apartment,2642,340000,413329,3.82,103.8,FALSE,FALSE
Port Phillip City,Metro Melbourne,2006,Unit/Apartment,3018,364000,482355,7.06,111.1,FALSE,FALSE
Port Phillip City,Metro Melbourne,2007,Unit/Apartment,3848,400000,510437,9.89,122.1,FALSE,FALSE
Port Phillip City,Metro Melbourne,2008,Unit/Apartment,2557,427000,516624,6.75,130.4,FALSE,FALSE
Port Phillip City,Metro Melbourne,2009,Unit/Apartment,2918,455000,550259,6.56,138.9,FALSE,FALSE
Port Phillip City,Metro Melbourne,2010,Unit/Apartment,3615,512500,592662,12.64,156.5,FALSE,FALSE
Port Phillip City,Metro Melbourne,2011,Unit/Apartment,2871,518500,595840,1.17,158.3,FALSE,FALSE
Port Phillip City,Metro Melbourne,2012,Unit/Apartment,2395,515000,590185,-0.68,157.3,FALSE,FALSE
Port Phillip City,Metro Melbourne,2013,Unit/Apartment,2871,518000,606589,0.58,158.2,FALSE,FALSE
Port Phillip City,Metro Melbourne,2014,Unit/Apartment,2894,550000,649876,6.18,167.9,FALSE,FALSE
Port Phillip City,Metro Melbourne,2015,Unit/Apartment,3517,580000,683820,5.45,177.1,FALSE,FALSE
Port Phillip City,Metro Melbourne,2016,Unit/Apartment,2622,580000,706378,0,177.1,FALSE,FALSE
Port Phillip City,Metro Melbourne,2017,Unit/Apartment,2753,615000,822677,6.03,187.8,FALSE,FALSE
Port Phillip City,Metro Melbourne,2018,Unit/Apartment,2337,608000,776038,-1.14,185.6,FALSE,FALSE
Port Phillip City,Metro Melbourne,2019,Unit/Apartment,2059,615000,817137,1.15,187.8,FALSE,FALSE
Port Phillip City,Metro Melbourne,2020,Unit/Apartment,1983,617500,770508,0.41,188.5,FALSE,FALSE
Port Phillip City,Metro Melbourne,2021,Unit/Apartment,2893,650000,816910,5.26,198.5,FALSE,FALSE
Port Phillip City,Metro Melbourne,2022,Unit/Apartment,2555,630000,783474,-3.08,192.4,FALSE,FALSE
Port Phillip City,Metro Melbourne,2023,Unit/Apartment,2403,612500,754838,-2.78,187,FALSE,FALSE
Port Phillip City,Metro Melbourne,2024,Unit/Apartment,2653,590000,714007,-3.67,180.2,FALSE,FALSE
Port Phillip City,Metro Melbourne,2025,Unit/Apartment,379,575000,663548,-2.54,175.6,FALSE,TRUE
Port Phillip City,Metro Melbourne,2004,Vacant Land,2,341250,341250,,100,FALSE,FALSE
Port Phillip City,Metro Melbourne,2005,Vacant Land,0,0,0,-100,0,FALSE,FALSE
Port Phillip City,Metro Melbourne,2006,Vacant Land,1,295000,295000,inf,86.4,FALSE,FALSE
Port Phillip City,Metro Melbourne,2007,Vacant Land,0,0,0,-100,0,FALSE,FALSE
Port Phillip City,Metro Melbourne,2008,Vacant Land,0,0,0,,0,FALSE,FALSE
Port Phillip City,Metro Melbourne,2009,Vacant Land,0,0,0,,0,FALSE,FALSE
Port Phillip City,Metro Melbourne,2010,Vacant Land,0,0,0,,0,FALSE,FALSE
Port Phillip City,Metro Melbourne,2011,Vacant Land,1,132500,132500,inf,38.8,FALSE,FALSE
Port Phillip City,Metro Melbourne,2012,Vacant Land,0,0,0,-100,0,FALSE,FALSE
Port Phillip City,Metro Melbourne,2013,Vacant Land,0,0,0,,0,FALSE,FALSE
Port Phillip City,Metro Melbourne,2014,Vacant Land,0,0,0,,0,FALSE,FALSE
Port Phillip City,Metro Melbourne,2015,Vacant Land,1,1265000,1265000,inf,370.7,FALSE,FALSE
Port Phillip City,Metro Melbourne,2016,Vacant Land,0,0,0,-100,0,FALSE,FALSE
Port Phillip City,Metro Melbourne,2017,Vacant Land,4,36300,45237,inf,10.6,FALSE,FALSE
Port Phillip City,Metro Melbourne,2018,Vacant Land,2,411300,411300,1033.06,120.5,FALSE,FALSE
Port Phillip City,Metro Melbourne,2019,Vacant Land,1,1600000,1600000,289.01,468.9,FALSE,FALSE
Port Phillip City,Metro Melbourne,2020,Vacant Land,3,630000,643333,-60.62,184.6,FALSE,FALSE
Port Phillip City,Metro Melbourne,2021,Vacant Land,1,133100,133100,-78.87,39,FALSE,FALSE
Port Phillip City,Metro Melbourne,2022,Vacant Land,4,1155000,1187812,767.77,338.5,FALSE,FALSE
Port Phillip City,Metro Melbourne,2023,Vacant Land,8,1030000,1063240,-10.82,301.8,FALSE,FALSE
Port Phillip City,Metro Melbourne,2024,Vacant Land,3,993000,1441000,-3.59,291,FALSE,FALSE
Port Phillip City,Metro Melbourne,2025,Vacant Land,0,0,0,-100,0,FALSE,TRUE
Pyrenees Shire,Regional Victoria,2004,House,78,115000,113186,,100,FALSE,FALSE
Pyrenees Shire,Regional Victoria,2005,House,63,125000,136330,8.7,108.7,FALSE,FALSE
Pyrenees Shire,Regional Victoria,2006,House,50,128500,134954,2.8,111.7,FALSE,FALSE
Pyrenees Shire,Regional Victoria,2007,House,59,137875,145807,7.3,119.9,FALSE,FALSE
Pyrenees Shire,Regional Victoria,2008,House,55,145000,156306,5.17,126.1,FALSE,FALSE
Pyrenees Shire,Regional Victoria,2009,House,59,144000,145466,-0.69,125.2,FALSE,FALSE
Pyrenees Shire,Regional Victoria,2010,House,71,160000,161530,11.11,139.1,FALSE,FALSE
Pyrenees Shire,Regional Victoria,2011,House,66,151000,173568,-5.63,131.3,FALSE,FALSE
Pyrenees Shire,Regional Victoria,2012,House,50,179750,179112,19.04,156.3,FALSE,FALSE
Pyrenees Shire,Regional Victoria,2013,House,72,180000,173609,0.14,156.5,FALSE,FALSE
Pyrenees Shire,Regional Victoria,2014,House,57,185000,194484,2.78,160.9,FALSE,FALSE
Pyrenees Shire,Regional Victoria,2015,House,55,185000,191492,0,160.9,FALSE,FALSE
Pyrenees Shire,Regional Victoria,2016,House,69,190500,208188,2.97,165.7,FALSE,FALSE
Pyrenees Shire,Regional Victoria,2017,House,83,215000,213142,12.86,187,FALSE,FALSE
Pyrenees Shire,Regional Victoria,2018,House,76,227450,232256,5.79,197.8,FALSE,FALSE
Pyrenees Shire,Regional Victoria,2019,House,74,240000,248363,5.52,208.7,FALSE,FALSE
Pyrenees Shire,Regional Victoria,2020,House,67,300000,296111,25,260.9,FALSE,FALSE
Pyrenees Shire,Regional Victoria,2021,House,78,350000,363948,16.67,304.3,FALSE,FALSE
Pyrenees Shire,Regional Victoria,2022,House,70,397499,405206,13.57,345.7,FALSE,FALSE
Pyrenees Shire,Regional Victoria,2023,House,63,382000,394071,-3.9,332.2,FALSE,FALSE
Pyrenees Shire,Regional Victoria,2024,House,63,380000,402626,-0.52,330.4,FALSE,FALSE
Pyrenees Shire,Regional Victoria,2025,House,10,337500,362600,-11.18,293.5,FALSE,TRUE
Pyrenees Shire,Regional Victoria,2004,Unit/Apartment,1,83000,83000,,100,FALSE,FALSE
Pyrenees Shire,Regional Victoria,2005,Unit/Apartment,1,85000,85000,2.41,102.4,FALSE,FALSE
Pyrenees Shire,Regional Victoria,2006,Unit/Apartment,0,0,0,-100,0,FALSE,FALSE
Pyrenees Shire,Regional Victoria,2007,Unit/Apartment,0,0,0,,0,FALSE,FALSE
Pyrenees Shire,Regional Victoria,2008,Unit/Apartment,0,0,0,,0,FALSE,FALSE
Pyrenees Shire,Regional Victoria,2009,Unit/Apartment,0,0,0,,0,FALSE,FALSE
Pyrenees Shire,Regional Victoria,2010,Unit/Apartment,1,190000,190000,inf,228.9,FALSE,FALSE
Pyrenees Shire,Regional Victoria,2011,Unit/Apartment,2,168675,168675,-11.22,203.2,FALSE,FALSE
Pyrenees Shire,Regional Victoria,2012,Unit/Apartment,2,226500,226500,34.28,272.9,FALSE,FALSE
Pyrenees Shire,Regional Victoria,2013,Unit/Apartment,1,235000,235000,3.75,283.1,FALSE,FALSE
Pyrenees Shire,Regional Victoria,2014,Unit/Apartment,0,0,0,-100,0,FALSE,FALSE
Pyrenees Shire,Regional Victoria,2015,Unit/Apartment,0,0,0,,0,FALSE,FALSE
Pyrenees Shire,Regional Victoria,2016,Unit/Apartment,3,190000,176666,inf,228.9,FALSE,FALSE
Pyrenees Shire,Regional Victoria,2017,Unit/Apartment,1,205000,205000,7.89,247,FALSE,FALSE
Pyrenees Shire,Regional Victoria,2018,Unit/Apartment,0,0,0,-100,0,FALSE,FALSE
Pyrenees Shire,Regional Victoria,2019,Unit/Apartment,1,280000,280000,inf,337.3,FALSE,FALSE
Pyrenees Shire,Regional Victoria,2020,Unit/Apartment,0,0,0,-100,0,FALSE,FALSE
Pyrenees Shire,Regional Victoria,2021,Unit/Apartment,2,230000,230000,inf,277.1,FALSE,FALSE
Pyrenees Shire,Regional Victoria,2022,Unit/Apartment,1,317500,317500,38.04,382.5,FALSE,FALSE
Pyrenees Shire,Regional Victoria,2023,Unit/Apartment,1,315000,315000,-0.79,379.5,FALSE,FALSE
Pyrenees Shire,Regional Victoria,2024,Unit/Apartment,1,355000,355000,12.7,427.7,FALSE,FALSE
Pyrenees Shire,Regional Victoria,2025,Unit/Apartment,0,0,0,-100,0,FALSE,TRUE
Pyrenees Shire,Regional Victoria,2004,Vacant Land,37,23000,25243,,100,FALSE,FALSE
Pyrenees Shire,Regional Victoria,2005,Vacant Land,29,27500,32362,19.57,119.6,FALSE,FALSE
Pyrenees Shire,Regional Victoria,2006,Vacant Land,27,32500,42355,18.18,141.3,FALSE,FALSE
Pyrenees Shire,Regional Victoria,2007,Vacant Land,26,31500,38953,-3.08,137,FALSE,FALSE
Pyrenees Shire,Regional Victoria,2008,Vacant Land,17,32000,39358,1.59,139.1,FALSE,FALSE
Pyrenees Shire,Regional Victoria,2009,Vacant Land,19,36000,46920,12.5,156.5,FALSE,FALSE
Pyrenees Shire,Regional Victoria,2010,Vacant Land,29,44000,64448,22.22,191.3,FALSE,FALSE
Pyrenees Shire,Regional Victoria,2011,Vacant Land,20,38250,47372,-13.07,166.3,FALSE,FALSE
Pyrenees Shire,Regional Victoria,2012,Vacant Land,27,46000,40608,20.26,200,FALSE,FALSE
Pyrenees Shire,Regional Victoria,2013,Vacant Land,18,46500,39973,1.09,202.2,FALSE,FALSE
Pyrenees Shire,Regional Victoria,2014,Vacant Land,30,51050,51553,9.78,222,FALSE,FALSE
Pyrenees Shire,Regional Victoria,2015,Vacant Land,18,43500,44822,-14.79,189.1,FALSE,FALSE
Pyrenees Shire,Regional Victoria,2016,Vacant Land,35,48500,58750,11.49,210.9,FALSE,FALSE
Pyrenees Shire,Regional Victoria,2017,Vacant Land,20,58000,56375,19.59,252.2,FALSE,FALSE
Pyrenees Shire,Regional Victoria,2018,Vacant Land,30,53500,54810,-7.76,232.6,FALSE,FALSE
Pyrenees Shire,Regional Victoria,2019,Vacant Land,23,65000,79847,21.5,282.6,FALSE,FALSE
Pyrenees Shire,Regional Victoria,2020,Vacant Land,36,65000,85152,0,282.6,FALSE,FALSE
Pyrenees Shire,Regional Victoria,2021,Vacant Land,63,89000,93712,36.92,387,FALSE,FALSE
Pyrenees Shire,Regional Victoria,2022,Vacant Land,30,90000,122366,1.12,391.3,FALSE,FALSE
Pyrenees Shire,Regional Victoria,2023,Vacant Land,13,79500,88307,-11.67,345.7,FALSE,FALSE
Pyrenees Shire,Regional Victoria,2024,Vacant Land,21,90000,145131,13.21,391.3,FALSE,FALSE
Pyrenees Shire,Regional Victoria,2025,Vacant Land,6,54500,82083,-39.44,237,FALSE,TRUE
South Gippsland Shire,Regional Victoria,2004,House,448,173333,185958,,100,FALSE,FALSE
South Gippsland Shire,Regional Victoria,2005,House,376,190000,209094,9.62,109.6,FALSE,FALSE
South Gippsland Shire,Regional Victoria,2006,House,370,191000,210182,0.53,110.2,FALSE,FALSE
South Gippsland Shire,Regional Victoria,2007,House,520,205000,216583,7.33,118.3,FALSE,FALSE
South Gippsland Shire,Regional Victoria,2008,House,406,215500,224471,5.12,124.3,FALSE,FALSE
South Gippsland Shire,Regional Victoria,2009,House,504,223500,232796,3.71,128.9,FALSE,FALSE
South Gippsland Shire,Regional Victoria,2010,House,486,245000,259843,9.62,141.3,FALSE,FALSE
South Gippsland Shire,Regional Victoria,2011,House,417,260000,273105,6.12,150,FALSE,FALSE
South Gippsland Shire,Regional Victoria,2012,House,371,259000,266229,-0.38,149.4,FALSE,FALSE
South Gippsland Shire,Regional Victoria,2013,House,407,255000,275575,-1.54,147.1,FALSE,FALSE
South Gippsland Shire,Regional Victoria,2014,House,395,260000,277406,1.96,150,FALSE,FALSE
South Gippsland Shire,Regional Victoria,2015,House,454,265000,284584,1.92,152.9,FALSE,FALSE
South Gippsland Shire,Regional Victoria,2016,House,499,280000,292910,5.66,161.5,FALSE,FALSE
South Gippsland Shire,Regional Victoria,2017,House,527,292000,313297,4.29,168.5,FALSE,FALSE
South Gippsland Shire,Regional Victoria,2018,House,568,320000,336623,9.59,184.6,FALSE,FALSE
South Gippsland Shire,Regional Victoria,2019,House,463,335000,356923,4.69,193.3,FALSE,FALSE
South Gippsland Shire,Regional Victoria,2020,House,546,391000,416755,16.72,225.6,FALSE,FALSE
South Gippsland Shire,Regional Victoria,2021,House,609,500000,530066,27.88,288.5,FALSE,FALSE
South Gippsland Shire,Regional Victoria,2022,House,411,580000,607066,16,334.6,FALSE,FALSE
South Gippsland Shire,Regional Victoria,2023,House,329,580000,603718,0,334.6,FALSE,FALSE
South Gippsland Shire,Regional Victoria,2024,House,364,550000,568541,-5.17,317.3,FALSE,FALSE
South Gippsland Shire,Regional Victoria,2025,House,64,495000,534171,-10,285.6,FALSE,TRUE
South Gippsland Shire,Regional Victoria,2004,Unit/Apartment,33,179000,167573,,100,FALSE,FALSE
South Gippsland Shire,Regional Victoria,2005,Unit/Apartment,37,180000,187187,0.56,100.6,FALSE,FALSE
South Gippsland Shire,Regional Victoria,2006,Unit/Apartment,42,197500,210039,9.72,110.3,FALSE,FALSE
South Gippsland Shire,Regional Victoria,2007,Unit/Apartment,53,225000,207876,13.92,125.7,FALSE,FALSE
South Gippsland Shire,Regional Victoria,2008,Unit/Apartment,48,214500,206510,-4.67,119.8,FALSE,FALSE
South Gippsland Shire,Regional Victoria,2009,Unit/Apartment,67,216000,215015,0.7,120.7,FALSE,FALSE
South Gippsland Shire,Regional Victoria,2010,Unit/Apartment,57,208000,208147,-3.7,116.2,FALSE,FALSE
South Gippsland Shire,Regional Victoria,2011,Unit/Apartment,59,249000,255459,19.71,139.1,FALSE,FALSE
South Gippsland Shire,Regional Victoria,2012,Unit/Apartment,42,237500,275227,-4.62,132.7,FALSE,FALSE
South Gippsland Shire,Regional Victoria,2013,Unit/Apartment,27,255000,257214,7.37,142.5,FALSE,FALSE
South Gippsland Shire,Regional Victoria,2014,Unit/Apartment,42,251250,238800,-1.47,140.4,FALSE,FALSE
South Gippsland Shire,Regional Victoria,2015,Unit/Apartment,51,240000,235524,-4.48,134.1,FALSE,FALSE
South Gippsland Shire,Regional Victoria,2016,Unit/Apartment,39,263000,255820,9.58,146.9,FALSE,FALSE
South Gippsland Shire,Regional Victoria,2017,Unit/Apartment,58,231500,238112,-11.98,129.3,FALSE,FALSE
South Gippsland Shire,Regional Victoria,2018,Unit/Apartment,73,255000,265465,10.15,142.5,FALSE,FALSE
South Gippsland Shire,Regional Victoria,2019,Unit/Apartment,49,267000,262187,4.71,149.2,FALSE,FALSE
South Gippsland Shire,Regional Victoria,2020,Unit/Apartment,42,300500,312800,12.55,167.9,FALSE,FALSE
South Gippsland Shire,Regional Victoria,2021,Unit/Apartment,50,352500,381664,17.3,196.9,FALSE,FALSE
South Gippsland Shire,Regional Victoria,2022,Unit/Apartment,37,385000,406824,9.22,215.1,FALSE,FALSE
South Gippsland Shire,Regional Victoria,2023,Unit/Apartment,38,430000,431223,11.69,240.2,FALSE,FALSE
South Gippsland Shire,Regional Victoria,2024,Unit/Apartment,45,420000,430322,-2.33,234.6,FALSE,FALSE
South Gippsland Shire,Regional Victoria,2025,Unit/Apartment,5,380000,392000,-9.52,212.3,FALSE,TRUE
South Gippsland Shire,Regional Victoria,2004,Vacant Land,167,69000,73135,,100,FALSE,FALSE
South Gippsland Shire,Regional Victoria,2005,Vacant Land,144,79990,92441,15.93,115.9,FALSE,FALSE
South Gippsland Shire,Regional Victoria,2006,Vacant Land,132,78000,84756,-2.49,113,FALSE,FALSE
South Gippsland Shire,Regional Victoria,2007,Vacant Land,210,85000,94672,8.97,123.2,FALSE,FALSE
South Gippsland Shire,Regional Victoria,2008,Vacant Land,224,89687,97141,5.51,130,FALSE,FALSE
South Gippsland Shire,Regional Victoria,2009,Vacant Land,202,92000,99656,2.58,133.3,FALSE,FALSE
South Gippsland Shire,Regional Victoria,2010,Vacant Land,282,102500,109932,11.41,148.6,FALSE,FALSE
South Gippsland Shire,Regional Victoria,2011,Vacant Land,180,109500,115178,6.83,158.7,FALSE,FALSE
South Gippsland Shire,Regional Victoria,2012,Vacant Land,119,100000,110942,-8.68,144.9,FALSE,FALSE
South Gippsland Shire,Regional Victoria,2013,Vacant Land,105,115000,129665,15,166.7,FALSE,FALSE
South Gippsland Shire,Regional Victoria,2014,Vacant Land,95,103500,111300,-10,150,FALSE,FALSE
South Gippsland Shire,Regional Victoria,2015,Vacant Land,115,106000,110611,2.42,153.6,FALSE,FALSE
South Gippsland Shire,Regional Victoria,2016,Vacant Land,134,112500,130913,6.13,163,FALSE,FALSE
South Gippsland Shire,Regional Victoria,2017,Vacant Land,221,110000,122045,-2.22,159.4,FALSE,FALSE
South Gippsland Shire,Regional Victoria,2018,Vacant Land,297,120000,127747,9.09,173.9,FALSE,FALSE
South Gippsland Shire,Regional Victoria,2019,Vacant Land,174,130500,151724,8.75,189.1,FALSE,FALSE
South Gippsland Shire,Regional Victoria,2020,Vacant Land,296,155000,168194,18.77,224.6,FALSE,FALSE
South Gippsland Shire,Regional Victoria,2021,Vacant Land,281,239000,237737,54.19,346.4,FALSE,FALSE
South Gippsland Shire,Regional Victoria,2022,Vacant Land,98,279500,285611,16.95,405.1,FALSE,FALSE
South Gippsland Shire,Regional Victoria,2023,Vacant Land,59,275000,265063,-1.61,398.6,FALSE,FALSE
South Gippsland Shire,Regional Victoria,2024,Vacant Land,67,265000,282059,-3.64,384.1,FALSE,FALSE
South Gippsland Shire,Regional Victoria,2025,Vacant Land,9,265000,277222,0,384.1,FALSE,TRUE
Southern Grampians Shire,Regional Victoria,2004,House,263,150000,160409,,100,FALSE,FALSE
Southern Grampians Shire,Regional Victoria,2005,House,253,177000,188661,18,118,FALSE,FALSE
Southern Grampians Shire,Regional Victoria,2006,House,242,178000,201448,0.56,118.7,FALSE,FALSE
Southern Grampians Shire,Regional Victoria,2007,House,232,178500,190024,0.28,119,FALSE,FALSE
Southern Grampians Shire,Regional Victoria,2008,House,176,185000,201780,3.64,123.3,FALSE,FALSE
Southern Grampians Shire,Regional Victoria,2009,House,208,177750,195548,-3.92,118.5,FALSE,FALSE
Southern Grampians Shire,Regional Victoria,2010,House,164,185000,206210,4.08,123.3,FALSE,FALSE
Southern Grampians Shire,Regional Victoria,2011,House,177,200000,210166,8.11,133.3,FALSE,FALSE
Southern Grampians Shire,Regional Victoria,2012,House,176,177500,190366,-11.25,118.3,FALSE,FALSE
Southern Grampians Shire,Regional Victoria,2013,House,176,185000,193437,4.23,123.3,FALSE,FALSE
Southern Grampians Shire,Regional Victoria,2014,House,183,180000,199885,-2.7,120,FALSE,FALSE
Southern Grampians Shire,Regional Victoria,2015,House,200,185000,204879,2.78,123.3,FALSE,FALSE
Southern Grampians Shire,Regional Victoria,2016,House,209,195000,221947,5.41,130,FALSE,FALSE
Southern Grampians Shire,Regional Victoria,2017,House,227,174000,198033,-10.77,116,FALSE,FALSE
Southern Grampians Shire,Regional Victoria,2018,House,301,200000,220724,14.94,133.3,FALSE,FALSE
Southern Grampians Shire,Regional Victoria,2019,House,242,195500,222870,-2.25,130.3,FALSE,FALSE
Southern Grampians Shire,Regional Victoria,2020,House,309,245000,262349,25.32,163.3,FALSE,FALSE
Southern Grampians Shire,Regional Victoria,2021,House,355,325000,354736,32.65,216.7,FALSE,FALSE
Southern Grampians Shire,Regional Victoria,2022,House,253,348000,389283,7.08,232,FALSE,FALSE
Southern Grampians Shire,Regional Victoria,2023,House,227,350000,379320,0.57,233.3,FALSE,FALSE
Southern Grampians Shire,Regional Victoria,2024,House,206,362500,374950,3.57,241.7,FALSE,FALSE
Southern Grampians Shire,Regional Victoria,2025,House,23,375000,415304,3.45,250,FALSE,TRUE
Southern Grampians Shire,Regional Victoria,2004,Unit/Apartment,20,192500,190025,,100,FALSE,FALSE
Southern Grampians Shire,Regional Victoria,2005,Unit/Apartment,28,211750,182394,10,110,FALSE,FALSE
Southern Grampians Shire,Regional Victoria,2006,Unit/Apartment,10,233950,213790,10.48,121.5,FALSE,FALSE
Southern Grampians Shire,Regional Victoria,2007,Unit/Apartment,26,204750,192500,-12.48,106.4,FALSE,FALSE
Southern Grampians Shire,Regional Victoria,2008,Unit/Apartment,28,222500,217066,8.67,115.6,FALSE,FALSE
Southern Grampians Shire,Regional Victoria,2009,Unit/Apartment,24,199345,218212,-10.41,103.6,FALSE,FALSE
Southern Grampians Shire,Regional Victoria,2010,Unit/Apartment,11,224000,217363,12.37,116.4,FALSE,FALSE
Southern Grampians Shire,Regional Victoria,2011,Unit/Apartment,17,220000,227852,-1.79,114.3,FALSE,FALSE
Southern Grampians Shire,Regional Victoria,2012,Unit/Apartment,16,184500,187469,-16.14,95.8,FALSE,FALSE
Southern Grampians Shire,Regional Victoria,2013,Unit/Apartment,16,155000,156937,-15.99,80.5,FALSE,FALSE
Southern Grampians Shire,Regional Victoria,2014,Unit/Apartment,9,220000,255027,41.94,114.3,FALSE,FALSE
Southern Grampians Shire,Regional Victoria,2015,Unit/Apartment,12,223500,232333,1.59,116.1,FALSE,FALSE
Southern Grampians Shire,Regional Victoria,2016,Unit/Apartment,14,195000,193714,-12.75,101.3,FALSE,FALSE
Southern Grampians Shire,Regional Victoria,2017,Unit/Apartment,16,171500,169197,-12.05,89.1,FALSE,FALSE
Southern Grampians Shire,Regional Victoria,2018,Unit/Apartment,13,170000,153345,-0.87,88.3,FALSE,FALSE
Southern Grampians Shire,Regional Victoria,2019,Unit/Apartment,32,197500,214718,16.18,102.6,FALSE,FALSE
Southern Grampians Shire,Regional Victoria,2020,Unit/Apartment,19,219000,213763,10.89,113.8,FALSE,FALSE
Southern Grampians Shire,Regional Victoria,2021,Unit/Apartment,23,290000,294869,32.42,150.6,FALSE,FALSE
Southern Grampians Shire,Regional Victoria,2022,Unit/Apartment,15,292000,283933,0.69,151.7,FALSE,FALSE
Southern Grampians Shire,Regional Victoria,2023,Unit/Apartment,7,348000,448857,19.18,180.8,FALSE,FALSE
Southern Grampians Shire,Regional Victoria,2024,Unit/Apartment,17,285000,297552,-18.1,148.1,FALSE,FALSE
Southern Grampians Shire,Regional Victoria,2025,Unit/Apartment,1,279000,279000,-2.11,144.9,FALSE,TRUE
Southern Grampians Shire,Regional Victoria,2004,Vacant Land,66,40000,43906,,100,FALSE,FALSE
Southern Grampians Shire,Regional Victoria,2005,Vacant Land,54,47315,53425,18.29,118.3,FALSE,FALSE
Southern Grampians Shire,Regional Victoria,2006,Vacant Land,40,58500,55530,23.64,146.2,FALSE,FALSE
Southern Grampians Shire,Regional Victoria,2007,Vacant Land,44,62000,64679,5.98,155,FALSE,FALSE
Southern Grampians Shire,Regional Victoria,2008,Vacant Land,24,59000,61729,-4.84,147.5,FALSE,FALSE
Southern Grampians Shire,Regional Victoria,2009,Vacant Land,31,79506,85097,34.76,198.8,FALSE,FALSE
Southern Grampians Shire,Regional Victoria,2010,Vacant Land,20,43750,58020,-44.97,109.4,FALSE,FALSE
Southern Grampians Shire,Regional Victoria,2011,Vacant Land,30,81250,80295,85.71,203.1,FALSE,FALSE
Southern Grampians Shire,Regional Victoria,2012,Vacant Land,21,80000,72754,-1.54,200,FALSE,FALSE
Southern Grampians Shire,Regional Victoria,2013,Vacant Land,19,68000,66763,-15,170,FALSE,FALSE
Southern Grampians Shire,Regional Victoria,2014,Vacant Land,19,66000,69418,-2.94,165,FALSE,FALSE
Southern Grampians Shire,Regional Victoria,2015,Vacant Land,19,60000,62263,-9.09,150,FALSE,FALSE
Southern Grampians Shire,Regional Victoria,2016,Vacant Land,14,93000,91267,55,232.5,FALSE,FALSE
Southern Grampians Shire,Regional Victoria,2017,Vacant Land,17,61000,73823,-34.41,152.5,FALSE,FALSE
Southern Grampians Shire,Regional Victoria,2018,Vacant Land,32,75000,85159,22.95,187.5,FALSE,FALSE
Southern Grampians Shire,Regional Victoria,2019,Vacant Land,28,75000,63233,0,187.5,FALSE,FALSE
Southern Grampians Shire,Regional Victoria,2020,Vacant Land,60,95000,100503,26.67,237.5,FALSE,FALSE
Southern Grampians Shire,Regional Victoria,2021,Vacant Land,35,79000,117854,-16.84,197.5,FALSE,FALSE
Southern Grampians Shire,Regional Victoria,2022,Vacant Land,33,109900,137293,39.11,274.8,FALSE,FALSE
Southern Grampians Shire,Regional Victoria,2023,Vacant Land,14,145235,174676,32.15,363.1,FALSE,FALSE
Southern Grampians Shire,Regional Victoria,2024,Vacant Land,22,117500,143170,-19.1,293.8,FALSE,FALSE
Southern Grampians Shire,Regional Victoria,2025,Vacant Land,2,116500,116500,-0.85,291.2,FALSE,TRUE
Stonnington City,Metro Melbourne,2004,House,1122,700000,1002384,,100,FALSE,FALSE
Stonnington City,Metro Melbourne,2005,House,1192,771250,1073844,10.18,110.2,FALSE,FALSE
Stonnington City,Metro Melbourne,2006,House,1213,852500,1216185,10.53,121.8,FALSE,FALSE
Stonnington City,Metro Melbourne,2007,House,1329,1031000,1504692,20.94,147.3,FALSE,FALSE
Stonnington City,Metro Melbourne,2008,House,952,1090000,1558530,5.72,155.7,FALSE,FALSE
Stonnington City,Metro Melbourne,2009,House,1074,1200000,1605437,10.09,171.4,FALSE,FALSE
Stonnington City,Metro Melbourne,2010,House,1067,1365000,1772848,13.75,195,FALSE,FALSE
Stonnington City,Metro Melbourne,2011,House,989,1250500,1688578,-8.39,178.6,FALSE,FALSE
Stonnington City,Metro Melbourne,2012,House,961,1250000,1674039,-0.04,178.6,FALSE,FALSE
Stonnington City,Metro Melbourne,2013,House,1137,1360000,1841734,8.8,194.3,FALSE,FALSE
Stonnington City,Metro Melbourne,2014,House,1207,1566000,2088073,15.15,223.7,FALSE,FALSE
Stonnington City,Metro Melbourne,2015,House,1192,1852500,2469779,18.3,264.6,FALSE,FALSE
Stonnington City,Metro Melbourne,2016,House,1111,2020000,2806633,9.04,288.6,FALSE,FALSE
Stonnington City,Metro Melbourne,2017,House,1060,2039000,2846609,0.94,291.3,FALSE,FALSE
Stonnington City,Metro Melbourne,2018,House,897,2100000,2917979,2.99,300,FALSE,FALSE
Stonnington City,Metro Melbourne,2019,House,825,2030000,2722599,-3.33,290,FALSE,FALSE
Stonnington City,Metro Melbourne,2020,House,791,2125000,2930750,4.68,303.6,FALSE,FALSE
Stonnington City,Metro Melbourne,2021,House,1235,2410000,3484808,13.41,344.3,FALSE,FALSE
Stonnington City,Metro Melbourne,2022,House,930,2500000,3581945,3.73,357.1,FALSE,FALSE
Stonnington City,Metro Melbourne,2023,House,877,2485000,3744712,-0.6,355,FALSE,FALSE
Stonnington City,Metro Melbourne,2024,House,938,2265500,3255715,-8.83,323.6,FALSE,FALSE
Stonnington City,Metro Melbourne,2025,House,44,1930000,2219425,-14.81,275.7,FALSE,TRUE
Stonnington City,Metro Melbourne,2004,Unit/Apartment,1558,335000,437872,,100,FALSE,FALSE
Stonnington City,Metro Melbourne,2005,Unit/Apartment,1749,350000,464804,4.48,104.5,FALSE,FALSE
Stonnington City,Metro Melbourne,2006,Unit/Apartment,1965,366000,485963,4.57,109.3,FALSE,FALSE
Stonnington City,Metro Melbourne,2007,Unit/Apartment,2462,421000,574397,15.03,125.7,FALSE,FALSE
Stonnington City,Metro Melbourne,2008,Unit/Apartment,1767,420000,522958,-0.24,125.4,FALSE,FALSE
Stonnington City,Metro Melbourne,2009,Unit/Apartment,2418,450000,559494,7.14,134.3,FALSE,FALSE
Stonnington City,Metro Melbourne,2010,Unit/Apartment,2753,520833,629396,15.74,155.5,FALSE,FALSE
Stonnington City,Metro Melbourne,2011,Unit/Apartment,2011,516000,643164,-0.93,154,FALSE,FALSE
Stonnington City,Metro Melbourne,2012,Unit/Apartment,2329,520000,638169,0.78,155.2,FALSE,FALSE
Stonnington City,Metro Melbourne,2013,Unit/Apartment,2700,560000,677681,7.69,167.2,FALSE,FALSE
Stonnington City,Metro Melbourne,2014,Unit/Apartment,2785,578000,710865,3.21,172.5,FALSE,FALSE
Stonnington City,Metro Melbourne,2015,Unit/Apartment,3077,623250,799545,7.83,186,FALSE,FALSE
Stonnington City,Metro Melbourne,2016,Unit/Apartment,2523,660000,886714,5.9,197,FALSE,FALSE
Stonnington City,Metro Melbourne,2017,Unit/Apartment,2457,655000,902927,-0.76,195.5,FALSE,FALSE
Stonnington City,Metro Melbourne,2018,Unit/Apartment,1941,650000,913294,-0.76,194,FALSE,FALSE
Stonnington City,Metro Melbourne,2019,Unit/Apartment,1693,640000,914904,-1.54,191,FALSE,FALSE
Stonnington City,Metro Melbourne,2020,Unit/Apartment,1545,670000,924261,4.69,200,FALSE,FALSE
Stonnington City,Metro Melbourne,2021,Unit/Apartment,2484,699500,1005413,4.4,208.8,FALSE,FALSE
Stonnington City,Metro Melbourne,2022,Unit/Apartment,2091,660000,987152,-5.65,197,FALSE,FALSE
Stonnington City,Metro Melbourne,2023,Unit/Apartment,2183,640000,930032,-3.03,191,FALSE,FALSE
Stonnington City,Metro Melbourne,2024,Unit/Apartment,2409,615000,854769,-3.91,183.6,FALSE,FALSE
Stonnington City,Metro Melbourne,2025,Unit/Apartment,300,536500,698803,-12.76,160.1,FALSE,TRUE
Stonnington City,Metro Melbourne,2004,Vacant Land,3,396000,308666,,100,FALSE,FALSE
Stonnington City,Metro Melbourne,2005,Vacant Land,6,145000,183900,-63.38,36.6,FALSE,FALSE
Stonnington City,Metro Melbourne,2006,Vacant Land,7,300000,235857,106.9,75.8,FALSE,FALSE
Stonnington City,Metro Melbourne,2007,Vacant Land,5,256300,344260,-14.57,64.7,FALSE,FALSE
Stonnington City,Metro Melbourne,2008,Vacant Land,4,124250,182775,-51.52,31.4,FALSE,FALSE
Stonnington City,Metro Melbourne,2009,Vacant Land,0,0,0,-100,0,FALSE,FALSE
Stonnington City,Metro Melbourne,2010,Vacant Land,0,0,0,,0,FALSE,FALSE
Stonnington City,Metro Melbourne,2011,Vacant Land,0,0,0,,0,FALSE,FALSE
Stonnington City,Metro Melbourne,2012,Vacant Land,1,372000,372000,inf,93.9,FALSE,FALSE
Stonnington City,Metro Melbourne,2013,Vacant Land,1,302500,302500,-18.68,76.4,FALSE,FALSE
Stonnington City,Metro Melbourne,2014,Vacant Land,2,362000,362000,19.67,91.4,FALSE,FALSE
Stonnington City,Metro Melbourne,2015,Vacant Land,0,0,0,-100,0,FALSE,FALSE
Stonnington City,Metro Melbourne,2016,Vacant Land,1,1660000,1660000,inf,419.2,FALSE,FALSE
Stonnington City,Metro Melbourne,2017,Vacant Land,1,4450000,4450000,168.07,1123.7,FALSE,FALSE
Stonnington City,Metro Melbourne,2018,Vacant Land,3,960000,1610666,-78.43,242.4,FALSE,FALSE
Stonnington City,Metro Melbourne,2019,Vacant Land,1,350453,350453,-63.49,88.5,FALSE,FALSE
Stonnington City,Metro Melbourne,2020,Vacant Land,8,2150000,3013833,513.49,542.9,FALSE,FALSE
Stonnington City,Metro Melbourne,2021,Vacant Land,13,1540000,2926709,-28.37,388.9,FALSE,FALSE
Stonnington City,Metro Melbourne,2022,Vacant Land,4,1567997,1708998,1.82,396,FALSE,FALSE
Stonnington City,Metro Melbourne,2023,Vacant Land,11,1450000,1696772,-7.53,366.2,FALSE,FALSE
Stonnington City,Metro Melbourne,2024,Vacant Land,10,2017500,3005740,39.14,509.5,FALSE,FALSE
Stonnington City,Metro Melbourne,2025,Vacant Land,1,165000,165000,-91.82,41.7,FALSE,TRUE
Strathbogie Shire,Regional Victoria,2004,House,135,155000,172762,,100,FALSE,FALSE
Strathbogie Shire,Regional Victoria,2005,House,138,156500,170719,0.97,101,FALSE,FALSE
Strathbogie Shire,Regional Victoria,2006,House,152,175000,188396,11.82,112.9,FALSE,FALSE
Strathbogie Shire,Regional Victoria,2007,House,138,185000,198837,5.71,119.4,FALSE,FALSE
Strathbogie Shire,Regional Victoria,2008,House,111,182000,210140,-1.62,117.4,FALSE,FALSE
Strathbogie Shire,Regional Victoria,2009,House,154,185000,209111,1.65,119.4,FALSE,FALSE
Strathbogie Shire,Regional Victoria,2010,House,142,226000,246670,22.16,145.8,FALSE,FALSE
Strathbogie Shire,Regional Victoria,2011,House,118,212500,227008,-5.97,137.1,FALSE,FALSE
Strathbogie Shire,Regional Victoria,2012,House,145,220000,231527,3.53,141.9,FALSE,FALSE
Strathbogie Shire,Regional Victoria,2013,House,158,238750,258202,8.52,154,FALSE,FALSE
Strathbogie Shire,Regional Victoria,2014,House,138,246000,258561,3.04,158.7,FALSE,FALSE
Strathbogie Shire,Regional Victoria,2015,House,131,245000,292293,-0.41,158.1,FALSE,FALSE
Strathbogie Shire,Regional Victoria,2016,House,140,279000,303907,13.88,180,FALSE,FALSE
Strathbogie Shire,Regional Victoria,2017,House,170,288750,301611,3.49,186.3,FALSE,FALSE
Strathbogie Shire,Regional Victoria,2018,House,156,310000,320878,7.36,200,FALSE,FALSE
Strathbogie Shire,Regional Victoria,2019,House,156,339000,366700,9.35,218.7,FALSE,FALSE
Strathbogie Shire,Regional Victoria,2020,House,107,370000,404420,9.14,238.7,FALSE,FALSE
Strathbogie Shire,Regional Victoria,2021,House,192,450000,481786,21.62,290.3,FALSE,FALSE
Strathbogie Shire,Regional Victoria,2022,House,150,522000,569603,16,336.8,FALSE,FALSE
Strathbogie Shire,Regional Victoria,2023,House,130,543000,554137,4.02,350.3,FALSE,FALSE
Strathbogie Shire,Regional Victoria,2024,House,123,560000,556731,3.13,361.3,FALSE,FALSE
Strathbogie Shire,Regional Victoria,2025,House,26,488500,515076,-12.77,315.2,FALSE,TRUE
Strathbogie Shire,Regional Victoria,2004,Unit/Apartment,10,152750,137450,,100,FALSE,FALSE
Strathbogie Shire,Regional Victoria,2005,Unit/Apartment,11,155000,155636,1.47,101.5,FALSE,FALSE
Strathbogie Shire,Regional Victoria,2006,Unit/Apartment,14,172500,205508,11.29,112.9,FALSE,FALSE
Strathbogie Shire,Regional Victoria,2007,Unit/Apartment,22,165000,187847,-4.35,108,FALSE,FALSE
Strathbogie Shire,Regional Victoria,2008,Unit/Apartment,15,177500,180966,7.58,116.2,FALSE,FALSE
Strathbogie Shire,Regional Victoria,2009,Unit/Apartment,22,192500,192272,8.45,126,FALSE,FALSE
Strathbogie Shire,Regional Victoria,2010,Unit/Apartment,22,247000,233409,28.31,161.7,FALSE,FALSE
Strathbogie Shire,Regional Victoria,2011,Unit/Apartment,12,222500,243000,-9.92,145.7,FALSE,FALSE
Strathbogie Shire,Regional Victoria,2012,Unit/Apartment,28,191500,200464,-13.93,125.4,FALSE,FALSE
Strathbogie Shire,Regional Victoria,2013,Unit/Apartment,17,195000,206558,1.83,127.7,FALSE,FALSE
Strathbogie Shire,Regional Victoria,2014,Unit/Apartment,22,227500,234000,16.67,148.9,FALSE,FALSE
Strathbogie Shire,Regional Victoria,2015,Unit/Apartment,19,280000,274526,23.08,183.3,FALSE,FALSE
Strathbogie Shire,Regional Victoria,2016,Unit/Apartment,24,225000,202083,-19.64,147.3,FALSE,FALSE
Strathbogie Shire,Regional Victoria,2017,Unit/Apartment,21,235000,221761,4.44,153.8,FALSE,FALSE
Strathbogie Shire,Regional Victoria,2018,Unit/Apartment,28,257000,260696,9.36,168.2,FALSE,FALSE
Strathbogie Shire,Regional Victoria,2019,Unit/Apartment,25,250000,297860,-2.72,163.7,FALSE,FALSE
Strathbogie Shire,Regional Victoria,2020,Unit/Apartment,19,350000,325500,40,229.1,FALSE,FALSE
Strathbogie Shire,Regional Victoria,2021,Unit/Apartment,9,415000,416000,18.57,271.7,FALSE,FALSE
Strathbogie Shire,Regional Victoria,2022,Unit/Apartment,15,350000,383733,-15.66,229.1,FALSE,FALSE
Strathbogie Shire,Regional Victoria,2023,Unit/Apartment,13,410000,468653,17.14,268.4,FALSE,FALSE
Strathbogie Shire,Regional Victoria,2024,Unit/Apartment,12,457500,440666,11.59,299.5,FALSE,FALSE
Strathbogie Shire,Regional Victoria,2025,Unit/Apartment,0,0,0,-100,0,FALSE,TRUE
Strathbogie Shire,Regional Victoria,2004,Vacant Land,72,50350,49444,,100,FALSE,FALSE
Strathbogie Shire,Regional Victoria,2005,Vacant Land,29,68000,85293,35.05,135.1,FALSE,FALSE
Strathbogie Shire,Regional Victoria,2006,Vacant Land,51,75000,69881,10.29,149,FALSE,FALSE
Strathbogie Shire,Regional Victoria,2007,Vacant Land,38,80000,79804,6.67,158.9,FALSE,FALSE
Strathbogie Shire,Regional Victoria,2008,Vacant Land,21,75000,73404,-6.25,149,FALSE,FALSE
Strathbogie Shire,Regional Victoria,2009,Vacant Land,44,70250,71170,-6.33,139.5,FALSE,FALSE
Strathbogie Shire,Regional Victoria,2010,Vacant Land,41,77000,84896,9.61,152.9,FALSE,FALSE
Strathbogie Shire,Regional Victoria,2011,Vacant Land,42,90500,101033,17.53,179.7,FALSE,FALSE
Strathbogie Shire,Regional Victoria,2012,Vacant Land,52,84500,99423,-6.63,167.8,FALSE,FALSE
Strathbogie Shire,Regional Victoria,2013,Vacant Land,37,88000,93292,4.14,174.8,FALSE,FALSE
Strathbogie Shire,Regional Victoria,2014,Vacant Land,53,106000,100166,20.45,210.5,FALSE,FALSE
Strathbogie Shire,Regional Victoria,2015,Vacant Land,49,95000,96469,-10.38,188.7,FALSE,FALSE
Strathbogie Shire,Regional Victoria,2016,Vacant Land,67,111000,107417,16.84,220.5,FALSE,FALSE
Strathbogie Shire,Regional Victoria,2017,Vacant Land,67,105000,114862,-5.41,208.5,FALSE,FALSE
Strathbogie Shire,Regional Victoria,2018,Vacant Land,94,120000,125356,14.29,238.3,FALSE,FALSE
Strathbogie Shire,Regional Victoria,2019,Vacant Land,65,147500,153738,22.92,292.9,FALSE,FALSE
Strathbogie Shire,Regional Victoria,2020,Vacant Land,104,170000,186326,15.25,337.6,FALSE,FALSE
Strathbogie Shire,Regional Victoria,2021,Vacant Land,124,220000,228747,29.41,436.9,FALSE,FALSE
Strathbogie Shire,Regional Victoria,2022,Vacant Land,73,265000,239500,20.45,526.3,FALSE,FALSE
Strathbogie Shire,Regional Victoria,2023,Vacant Land,42,264000,255095,-0.38,524.3,FALSE,FALSE
Strathbogie Shire,Regional Victoria,2024,Vacant Land,34,250000,273073,-5.3,496.5,FALSE,FALSE
Strathbogie Shire,Regional Victoria,2025,Vacant Land,6,259500,254000,3.8,515.4,FALSE,TRUE
Surf Coast Shire,Regional Victoria,2004,House,555,380000,421019,,100,FALSE,FALSE
Surf Coast Shire,Regional Victoria,2005,House,568,387500,452077,1.97,102,FALSE,FALSE
Surf Coast Shire,Regional Victoria,2006,House,534,400000,463710,3.23,105.3,FALSE,FALSE
Surf Coast Shire,Regional Victoria,2007,House,710,447750,495685,11.94,117.8,FALSE,FALSE
Surf Coast Shire,Regional Victoria,2008,House,482,481000,538948,7.43,126.6,FALSE,FALSE
Surf Coast Shire,Regional Victoria,2009,House,588,489000,549008,1.66,128.7,FALSE,FALSE
Surf Coast Shire,Regional Victoria,2010,House,629,550000,627603,12.47,144.7,FALSE,FALSE
Surf Coast Shire,Regional Victoria,2011,House,521,577500,638511,5,152,FALSE,FALSE
Surf Coast Shire,Regional Victoria,2012,House,471,570000,641705,-1.3,150,FALSE,FALSE
Surf Coast Shire,Regional Victoria,2013,House,604,586000,640112,2.81,154.2,FALSE,FALSE
Surf Coast Shire,Regional Victoria,2014,House,618,599499,666301,2.3,157.8,FALSE,FALSE
Surf Coast Shire,Regional Victoria,2015,House,724,630000,716615,5.09,165.8,FALSE,FALSE
Surf Coast Shire,Regional Victoria,2016,House,687,670000,723422,6.35,176.3,FALSE,FALSE
Surf Coast Shire,Regional Victoria,2017,House,733,750000,820730,11.94,197.4,FALSE,FALSE
Surf Coast Shire,Regional Victoria,2018,House,538,825000,905328,10,217.1,FALSE,FALSE
Surf Coast Shire,Regional Victoria,2019,House,536,835000,923085,1.21,219.7,FALSE,FALSE
Surf Coast Shire,Regional Victoria,2020,House,650,938000,1097573,12.34,246.8,FALSE,FALSE
Surf Coast Shire,Regional Victoria,2021,House,657,1265000,1441907,34.86,332.9,FALSE,FALSE
Surf Coast Shire,Regional Victoria,2022,House,489,1400000,1561437,10.67,368.4,FALSE,FALSE
Surf Coast Shire,Regional Victoria,2023,House,463,1300000,1487178,-7.14,342.1,FALSE,FALSE
Surf Coast Shire,Regional Victoria,2024,House,542,1240000,1403270,-4.62,326.3,FALSE,FALSE
Surf Coast Shire,Regional Victoria,2025,House,59,1275000,1513795,2.82,335.5,FALSE,TRUE
Surf Coast Shire,Regional Victoria,2004,Unit/Apartment,156,340500,403053,,100,FALSE,FALSE
Surf Coast Shire,Regional Victoria,2005,Unit/Apartment,174,395000,480563,16.01,116,FALSE,FALSE
Surf Coast Shire,Regional Victoria,2006,Unit/Apartment,175,420000,473636,6.33,123.3,FALSE,FALSE
Surf Coast Shire,Regional Victoria,2007,Unit/Apartment,194,390000,445390,-7.14,114.5,FALSE,FALSE
Surf Coast Shire,Regional Victoria,2008,Unit/Apartment,169,480000,522185,23.08,141,FALSE,FALSE
Surf Coast Shire,Regional Victoria,2009,Unit/Apartment,184,440000,487220,-8.33,129.2,FALSE,FALSE
Surf Coast Shire,Regional Victoria,2010,Unit/Apartment,168,450000,489382,2.27,132.2,FALSE,FALSE
Surf Coast Shire,Regional Victoria,2011,Unit/Apartment,145,467000,508159,3.78,137.2,FALSE,FALSE
Surf Coast Shire,Regional Victoria,2012,Unit/Apartment,110,457500,506473,-2.03,134.4,FALSE,FALSE
Surf Coast Shire,Regional Victoria,2013,Unit/Apartment,159,440000,473107,-3.83,129.2,FALSE,FALSE
Surf Coast Shire,Regional Victoria,2014,Unit/Apartment,147,460000,487167,4.55,135.1,FALSE,FALSE
Surf Coast Shire,Regional Victoria,2015,Unit/Apartment,142,485000,529077,5.43,142.4,FALSE,FALSE
Surf Coast Shire,Regional Victoria,2016,Unit/Apartment,131,516500,556698,6.49,151.7,FALSE,FALSE
Surf Coast Shire,Regional Victoria,2017,Unit/Apartment,157,587500,604673,13.75,172.5,FALSE,FALSE
Surf Coast Shire,Regional Victoria,2018,Unit/Apartment,155,654000,686914,11.32,192.1,FALSE,FALSE
Surf Coast Shire,Regional Victoria,2019,Unit/Apartment,119,645000,681214,-1.38,189.4,FALSE,FALSE
Surf Coast Shire,Regional Victoria,2020,Unit/Apartment,149,650000,738265,0.78,190.9,FALSE,FALSE
Surf Coast Shire,Regional Victoria,2021,Unit/Apartment,138,853000,965891,31.23,250.5,FALSE,FALSE
Surf Coast Shire,Regional Victoria,2022,Unit/Apartment,103,936000,1026228,9.73,274.9,FALSE,FALSE
Surf Coast Shire,Regional Victoria,2023,Unit/Apartment,81,950000,1041771,1.5,279,FALSE,FALSE
Surf Coast Shire,Regional Victoria,2024,Unit/Apartment,79,875000,1035404,-7.89,257,FALSE,FALSE
Surf Coast Shire,Regional Victoria,2025,Unit/Apartment,13,765000,925011,-12.57,224.7,FALSE,TRUE
Surf Coast Shire,Regional Victoria,2004,Vacant Land,244,175000,184866,,100,FALSE,FALSE
Surf Coast Shire,Regional Victoria,2005,Vacant Land,244,179000,185972,2.29,102.3,FALSE,FALSE
Surf Coast Shire,Regional Victoria,2006,Vacant Land,244,185000,196769,3.35,105.7,FALSE,FALSE
Surf Coast Shire,Regional Victoria,2007,Vacant Land,351,200000,213126,8.11,114.3,FALSE,FALSE
Surf Coast Shire,Regional Victoria,2008,Vacant Land,250,210000,225825,5,120,FALSE,FALSE
Surf Coast Shire,Regional Victoria,2009,Vacant Land,307,210000,217878,0,120,FALSE,FALSE
Surf Coast Shire,Regional Victoria,2010,Vacant Land,358,243000,260510,15.71,138.9,FALSE,FALSE
Surf Coast Shire,Regional Victoria,2011,Vacant Land,155,284000,317099,16.87,162.3,FALSE,FALSE
Surf Coast Shire,Regional Victoria,2012,Vacant Land,138,255000,285640,-10.21,145.7,FALSE,FALSE
Surf Coast Shire,Regional Victoria,2013,Vacant Land,213,245000,268994,-3.92,140,FALSE,FALSE
Surf Coast Shire,Regional Victoria,2014,Vacant Land,292,245000,271152,0,140,FALSE,FALSE
Surf Coast Shire,Regional Victoria,2015,Vacant Land,356,255000,274648,4.08,145.7,FALSE,FALSE
Surf Coast Shire,Regional Victoria,2016,Vacant Land,480,269000,313414,5.49,153.7,FALSE,FALSE
Surf Coast Shire,Regional Victoria,2017,Vacant Land,662,291000,310113,8.18,166.3,FALSE,FALSE
Surf Coast Shire,Regional Victoria,2018,Vacant Land,378,360000,378074,23.71,205.7,FALSE,FALSE
Surf Coast Shire,Regional Victoria,2019,Vacant Land,255,412500,426682,14.58,235.7,FALSE,FALSE
Surf Coast Shire,Regional Victoria,2020,Vacant Land,421,429000,453743,4,245.1,FALSE,FALSE
Surf Coast Shire,Regional Victoria,2021,Vacant Land,253,439000,516545,2.33,250.9,FALSE,FALSE
Surf Coast Shire,Regional Victoria,2022,Vacant Land,66,695000,709598,58.31,397.1,FALSE,FALSE
Surf Coast Shire,Regional Victoria,2023,Vacant Land,54,668750,718074,-3.78,382.1,FALSE,FALSE
Surf Coast Shire,Regional Victoria,2024,Vacant Land,71,645000,622607,-3.55,368.6,FALSE,FALSE
Surf Coast Shire,Regional Victoria,2025,Vacant Land,9,800000,779444,24.03,457.1,FALSE,TRUE
Swan Hill Rural City,Regional Victoria,2004,House,295,153000,156696,,100,FALSE,FALSE
Swan Hill Rural City,Regional Victoria,2005,House,291,177000,186892,15.69,115.7,FALSE,FALSE
Swan Hill Rural City,Regional Victoria,2006,House,281,187000,199814,5.65,122.2,FALSE,FALSE
Swan Hill Rural City,Regional Victoria,2007,House,277,187000,202126,0,122.2,FALSE,FALSE
Swan Hill Rural City,Regional Victoria,2008,House,208,186000,203157,-0.53,121.6,FALSE,FALSE
Swan Hill Rural City,Regional Victoria,2009,House,255,200000,208230,7.53,130.7,FALSE,FALSE
Swan Hill Rural City,Regional Victoria,2010,House,217,210000,223105,5,137.3,FALSE,FALSE
Swan Hill Rural City,Regional Victoria,2011,House,197,208000,212116,-0.95,135.9,FALSE,FALSE
Swan Hill Rural City,Regional Victoria,2012,House,224,205000,219558,-1.44,134,FALSE,FALSE
Swan Hill Rural City,Regional Victoria,2013,House,273,200000,211755,-2.44,130.7,FALSE,FALSE
Swan Hill Rural City,Regional Victoria,2014,House,246,208500,215933,4.25,136.3,FALSE,FALSE
Swan Hill Rural City,Regional Victoria,2015,House,260,216000,236764,3.6,141.2,FALSE,FALSE
Swan Hill Rural City,Regional Victoria,2016,House,270,240000,242331,11.11,156.9,FALSE,FALSE
Swan Hill Rural City,Regional Victoria,2017,House,318,225000,238442,-6.25,147.1,FALSE,FALSE
Swan Hill Rural City,Regional Victoria,2018,House,294,240500,266424,6.89,157.2,FALSE,FALSE
Swan Hill Rural City,Regional Victoria,2019,House,268,260000,274102,8.11,169.9,FALSE,FALSE
Swan Hill Rural City,Regional Victoria,2020,House,249,280000,300494,7.69,183,FALSE,FALSE
Swan Hill Rural City,Regional Victoria,2021,House,312,335000,352282,19.64,219,FALSE,FALSE
Swan Hill Rural City,Regional Victoria,2022,House,266,355000,392441,5.97,232,FALSE,FALSE
Swan Hill Rural City,Regional Victoria,2023,House,243,400000,420941,12.68,261.4,FALSE,FALSE
Swan Hill Rural City,Regional Victoria,2024,House,283,429000,466395,7.25,280.4,FALSE,FALSE
Swan Hill Rural City,Regional Victoria,2025,House,48,420000,410395,-2.1,274.5,FALSE,TRUE
Swan Hill Rural City,Regional Victoria,2004,Unit/Apartment,37,158000,181648,,100,FALSE,FALSE
Swan Hill Rural City,Regional Victoria,2005,Unit/Apartment,54,157000,164307,-0.63,99.4,FALSE,FALSE
Swan Hill Rural City,Regional Victoria,2006,Unit/Apartment,51,183000,179605,16.56,115.8,FALSE,FALSE
Swan Hill Rural City,Regional Victoria,2007,Unit/Apartment,62,214000,198237,16.94,135.4,FALSE,FALSE
Swan Hill Rural City,Regional Victoria,2008,Unit/Apartment,38,194500,207995,-9.11,123.1,FALSE,FALSE
Swan Hill Rural City,Regional Victoria,2009,Unit/Apartment,48,180000,187602,-7.46,113.9,FALSE,FALSE
Swan Hill Rural City,Regional Victoria,2010,Unit/Apartment,45,200000,208534,11.11,126.6,FALSE,FALSE
Swan Hill Rural City,Regional Victoria,2011,Unit/Apartment,42,194000,198976,-3,122.8,FALSE,FALSE
Swan Hill Rural City,Regional Victoria,2012,Unit/Apartment,38,189000,180223,-2.58,119.6,FALSE,FALSE
Swan Hill Rural City,Regional Victoria,2013,Unit/Apartment,45,184000,186774,-2.65,116.5,FALSE,FALSE
Swan Hill Rural City,Regional Victoria,2014,Unit/Apartment,52,178750,193298,-2.85,113.1,FALSE,FALSE
Swan Hill Rural City,Regional Victoria,2015,Unit/Apartment,58,188000,203064,5.17,119,FALSE,FALSE
Swan Hill Rural City,Regional Victoria,2016,Unit/Apartment,33,230000,218151,22.34,145.6,FALSE,FALSE
Swan Hill Rural City,Regional Victoria,2017,Unit/Apartment,38,222500,212092,-3.26,140.8,FALSE,FALSE
Swan Hill Rural City,Regional Victoria,2018,Unit/Apartment,46,208000,216239,-6.52,131.6,FALSE,FALSE
Swan Hill Rural City,Regional Victoria,2019,Unit/Apartment,43,245000,254220,17.79,155.1,FALSE,FALSE
Swan Hill Rural City,Regional Victoria,2020,Unit/Apartment,27,245000,254759,0,155.1,FALSE,FALSE
Swan Hill Rural City,Regional Victoria,2021,Unit/Apartment,33,290000,292969,18.37,183.5,FALSE,FALSE
Swan Hill Rural City,Regional Victoria,2022,Unit/Apartment,40,325000,362762,12.07,205.7,FALSE,FALSE
Swan Hill Rural City,Regional Victoria,2023,Unit/Apartment,29,340000,374291,4.62,215.2,FALSE,FALSE
Swan Hill Rural City,Regional Victoria,2024,Unit/Apartment,27,335000,355853,-1.47,212,FALSE,FALSE
Swan Hill Rural City,Regional Victoria,2025,Unit/Apartment,5,293000,299000,-12.54,185.4,FALSE,TRUE
Swan Hill Rural City,Regional Victoria,2004,Vacant Land,75,51000,52515,,100,FALSE,FALSE
Swan Hill Rural City,Regional Victoria,2005,Vacant Land,72,57000,61343,11.76,111.8,FALSE,FALSE
Swan Hill Rural City,Regional Victoria,2006,Vacant Land,74,60000,72876,5.26,117.6,FALSE,FALSE
Swan Hill Rural City,Regional Victoria,2007,Vacant Land,61,70000,69599,16.67,137.3,FALSE,FALSE
Swan Hill Rural City,Regional Victoria,2008,Vacant Land,62,52750,52256,-24.64,103.4,FALSE,FALSE
Swan Hill Rural City,Regional Victoria,2009,Vacant Land,117,65000,67749,23.22,127.5,FALSE,FALSE
Swan Hill Rural City,Regional Victoria,2010,Vacant Land,59,80500,79897,23.85,157.8,FALSE,FALSE
Swan Hill Rural City,Regional Victoria,2011,Vacant Land,55,70400,82117,-12.55,138,FALSE,FALSE
Swan Hill Rural City,Regional Victoria,2012,Vacant Land,46,79985,80897,13.62,156.8,FALSE,FALSE
Swan Hill Rural City,Regional Victoria,2013,Vacant Land,53,78100,77052,-2.36,153.1,FALSE,FALSE
Swan Hill Rural City,Regional Victoria,2014,Vacant Land,58,76750,77805,-1.73,150.5,FALSE,FALSE
Swan Hill Rural City,Regional Victoria,2015,Vacant Land,57,81500,79946,6.19,159.8,FALSE,FALSE
Swan Hill Rural City,Regional Victoria,2016,Vacant Land,38,50000,73351,-38.65,98,FALSE,FALSE
Swan Hill Rural City,Regional Victoria,2017,Vacant Land,49,100000,90996,100,196.1,FALSE,FALSE
Swan Hill Rural City,Regional Victoria,2018,Vacant Land,50,106500,110007,6.5,208.8,FALSE,FALSE
Swan Hill Rural City,Regional Victoria,2019,Vacant Land,54,105500,106726,-0.94,206.9,FALSE,FALSE
Swan Hill Rural City,Regional Victoria,2020,Vacant Land,89,122000,116268,15.64,239.2,FALSE,FALSE
Swan Hill Rural City,Regional Victoria,2021,Vacant Land,109,130000,139837,6.56,254.9,FALSE,FALSE
Swan Hill Rural City,Regional Victoria,2022,Vacant Land,59,170000,197691,30.77,333.3,FALSE,FALSE
Swan Hill Rural City,Regional Victoria,2023,Vacant Land,50,173500,151578,2.06,340.2,FALSE,FALSE
Swan Hill Rural City,Regional Victoria,2024,Vacant Land,44,169250,151619,-2.45,331.9,FALSE,FALSE
Swan Hill Rural City,Regional Victoria,2025,Vacant Land,5,126885,115670,-25.03,248.8,FALSE,TRUE
Towong Shire,Regional Victoria,2004,House,72,120000,137645,,100,FALSE,FALSE
Towong Shire,Regional Victoria,2005,House,91,140000,154090,16.67,116.7,FALSE,FALSE
Towong Shire,Regional Victoria,2006,House,77,160000,176714,14.29,133.3,FALSE,FALSE
Towong Shire,Regional Victoria,2007,House,70,160000,169920,0,133.3,FALSE,FALSE
Towong Shire,Regional Victoria,2008,House,56,150357,173164,-6.03,125.3,FALSE,FALSE
Towong Shire,Regional Victoria,2009,House,57,160000,177421,6.41,133.3,FALSE,FALSE
Towong Shire,Regional Victoria,2010,House,59,140000,168188,-12.5,116.7,FALSE,FALSE
Towong Shire,Regional Victoria,2011,House,67,165200,202361,18,137.7,FALSE,FALSE
Towong Shire,Regional Victoria,2012,House,73,160002,180856,-3.15,133.3,FALSE,FALSE
Towong Shire,Regional Victoria,2013,House,77,160000,183740,0,133.3,FALSE,FALSE
Towong Shire,Regional Victoria,2014,House,66,170000,177844,6.25,141.7,FALSE,FALSE
Towong Shire,Regional Victoria,2015,House,72,206250,217194,21.32,171.9,FALSE,FALSE
Towong Shire,Regional Victoria,2016,House,77,196000,206743,-4.97,163.3,FALSE,FALSE
Towong Shire,Regional Victoria,2017,House,64,215500,228531,9.95,179.6,FALSE,FALSE
Towong Shire,Regional Victoria,2018,House,77,236000,243356,9.51,196.7,FALSE,FALSE
Towong Shire,Regional Victoria,2019,House,64,236000,231328,0,196.7,FALSE,FALSE
Towong Shire,Regional Victoria,2020,House,95,235000,277905,-0.42,195.8,FALSE,FALSE
Towong Shire,Regional Victoria,2021,House,92,300000,323805,27.66,250,FALSE,FALSE
Towong Shire,Regional Victoria,2022,House,87,350000,381512,16.67,291.7,FALSE,FALSE
Towong Shire,Regional Victoria,2023,House,61,400000,406040,14.29,333.3,FALSE,FALSE
Towong Shire,Regional Victoria,2024,House,54,382500,416046,-4.37,318.8,FALSE,FALSE
Towong Shire,Regional Victoria,2025,House,10,470000,444100,22.88,391.7,FALSE,TRUE
Towong Shire,Regional Victoria,2004,Unit/Apartment,5,95000,81600,,100,FALSE,FALSE
Towong Shire,Regional Victoria,2005,Unit/Apartment,4,94500,138500,-0.53,99.5,FALSE,FALSE
Towong Shire,Regional Victoria,2006,Unit/Apartment,4,52000,62250,-44.97,54.7,FALSE,FALSE
Towong Shire,Regional Victoria,2007,Unit/Apartment,4,63000,68000,21.15,66.3,FALSE,FALSE
Towong Shire,Regional Victoria,2008,Unit/Apartment,2,113500,113500,80.16,119.5,FALSE,FALSE
Towong Shire,Regional Victoria,2009,Unit/Apartment,3,130000,150000,14.54,136.8,FALSE,FALSE
Towong Shire,Regional Victoria,2010,Unit/Apartment,3,220000,236666,69.23,231.6,FALSE,FALSE
Towong Shire,Regional Victoria,2011,Unit/Apartment,5,68000,127000,-69.09,71.6,FALSE,FALSE
Towong Shire,Regional Victoria,2012,Unit/Apartment,4,146250,147375,115.07,153.9,FALSE,FALSE
Towong Shire,Regional Victoria,2013,Unit/Apartment,0,0,0,-100,0,FALSE,FALSE
Towong Shire,Regional Victoria,2014,Unit/Apartment,1,235000,235000,inf,247.4,FALSE,FALSE
Towong Shire,Regional Victoria,2015,Unit/Apartment,4,176000,182150,-25.11,185.3,FALSE,FALSE
Towong Shire,Regional Victoria,2016,Unit/Apartment,4,172500,170750,-1.99,181.6,FALSE,FALSE
Towong Shire,Regional Victoria,2017,Unit/Apartment,3,194000,168333,12.46,204.2,FALSE,FALSE
Towong Shire,Regional Victoria,2018,Unit/Apartment,3,212000,170000,9.28,223.2,FALSE,FALSE
Towong Shire,Regional Victoria,2019,Unit/Apartment,4,181000,166000,-14.62,190.5,FALSE,FALSE
Towong Shire,Regional Victoria,2020,Unit/Apartment,6,252500,235666,39.5,265.8,FALSE,FALSE
Towong Shire,Regional Victoria,2021,Unit/Apartment,8,147500,197000,-41.58,155.3,FALSE,FALSE
Towong Shire,Regional Victoria,2022,Unit/Apartment,0,0,0,-100,0,FALSE,FALSE
Towong Shire,Regional Victoria,2023,Unit/Apartment,7,305000,259285,inf,321.1,FALSE,FALSE
Towong Shire,Regional Victoria,2024,Unit/Apartment,6,202500,222333,-33.61,213.2,FALSE,FALSE
Towong Shire,Regional Victoria,2025,Unit/Apartment,0,0,0,-100,0,FALSE,TRUE
Towong Shire,Regional Victoria,2004,Vacant Land,57,25000,47997,,100,FALSE,FALSE
Towong Shire,Regional Victoria,2005,Vacant Land,15,20000,37093,-20,80,FALSE,FALSE
Towong Shire,Regional Victoria,2006,Vacant Land,27,60000,64896,200,240,FALSE,FALSE
Towong Shire,Regional Victoria,2007,Vacant Land,36,22250,35746,-62.92,89,FALSE,FALSE
Towong Shire,Regional Victoria,2008,Vacant Land,20,46602,61820,109.45,186.4,FALSE,FALSE
Towong Shire,Regional Victoria,2009,Vacant Land,12,54800,59458,17.59,219.2,FALSE,FALSE
Towong Shire,Regional Victoria,2010,Vacant Land,22,44494,72613,-18.81,178,FALSE,FALSE
Towong Shire,Regional Victoria,2011,Vacant Land,20,45000,56400,1.14,180,FALSE,FALSE
Towong Shire,Regional Victoria,2012,Vacant Land,25,40000,48193,-11.11,160,FALSE,FALSE
Towong Shire,Regional Victoria,2013,Vacant Land,15,50000,72183,25,200,FALSE,FALSE
Towong Shire,Regional Victoria,2014,Vacant Land,18,35375,55088,-29.25,141.5,FALSE,FALSE
Towong Shire,Regional Victoria,2015,Vacant Land,9,50000,53500,41.34,200,FALSE,FALSE
Towong Shire,Regional Victoria,2016,Vacant Land,18,58000,67244,16,232,FALSE,FALSE
Towong Shire,Regional Victoria,2017,Vacant Land,9,50000,61000,-13.79,200,FALSE,FALSE
Towong Shire,Regional Victoria,2018,Vacant Land,15,51000,56100,2,204,FALSE,FALSE
Towong Shire,Regional Victoria,2019,Vacant Land,16,50000,68875,-1.96,200,FALSE,FALSE
Towong Shire,Regional Victoria,2020,Vacant Land,17,45000,66029,-10,180,FALSE,FALSE
Towong Shire,Regional Victoria,2021,Vacant Land,20,57250,73058,27.22,229,FALSE,FALSE
Towong Shire,Regional Victoria,2022,Vacant Land,15,95000,90633,65.94,380,FALSE,FALSE
Towong Shire,Regional Victoria,2023,Vacant Land,5,87500,119500,-7.89,350,FALSE,FALSE
Towong Shire,Regional Victoria,2024,Vacant Land,9,85000,146555,-2.86,340,FALSE,FALSE
Towong Shire,Regional Victoria,2025,Vacant Land,0,0,0,-100,0,FALSE,TRUE
Victoria,Aggregate,2004,House,78346,270000,328192,,100,TRUE,FALSE
Victoria,Aggregate,2005,House,81027,280000,348482,3.7,103.7,TRUE,FALSE
Victoria,Aggregate,2006,House,78151,300000,381689,7.14,111.1,TRUE,FALSE
Victoria,Aggregate,2007,House,92773,322760,433317,7.59,119.5,TRUE,FALSE
Victoria,Aggregate,2008,House,73513,335000,436667,3.79,124.1,TRUE,FALSE
Victoria,Aggregate,2009,House,84823,360100,460143,7.49,133.4,TRUE,FALSE
Victoria,Aggregate,2010,House,78067,420000,540171,16.63,155.6,TRUE,FALSE
Victoria,Aggregate,2011,House,69623,420000,537711,0,155.6,TRUE,FALSE
Victoria,Aggregate,2012,House,67902,415000,525712,-1.19,153.7,TRUE,FALSE
Victoria,Aggregate,2013,House,77910,435000,566852,4.82,161.1,TRUE,FALSE
Victoria,Aggregate,2014,House,83881,465000,618150,6.9,172.2,TRUE,FALSE
Victoria,Aggregate,2015,House,91215,500000,685468,7.53,185.2,TRUE,FALSE
Victoria,Aggregate,2016,House,87650,526472,713534,5.29,195,TRUE,FALSE
Victoria,Aggregate,2017,House,91182,595473,779169,13.11,220.5,TRUE,FALSE
Victoria,Aggregate,2018,House,79293,611000,780145,2.61,226.3,TRUE,FALSE
Victoria,Aggregate,2019,House,76251,610000,775351,-0.16,225.9,TRUE,FALSE
Victoria,Aggregate,2020,House,73731,625000,801400,2.46,231.5,TRUE,FALSE
Victoria,Aggregate,2021,House,104759,740000,973681,18.4,274.1,TRUE,FALSE
Victoria,Aggregate,2022,House,82568,776000,1017448,4.86,287.4,TRUE,FALSE
Victoria,Aggregate,2023,House,77560,760000,1005731,-2.06,281.5,TRUE,FALSE
Victoria,Aggregate,2024,House,87094,750000,985178,-1.32,277.8,TRUE,FALSE
Victoria,Aggregate,2025,House,10604,675550,793062,-9.93,250.2,TRUE,TRUE
Victoria,Aggregate,2004,Unit/Apartment,30343,260500,306329,,100,TRUE,FALSE
Victoria,Aggregate,2005,Unit/Apartment,33364,272000,317582,4.41,104.4,TRUE,FALSE
Victoria,Aggregate,2006,Unit/Apartment,35160,290000,347868,6.62,111.3,TRUE,FALSE
Victoria,Aggregate,2007,Unit/Apartment,47384,325000,390065,12.07,124.8,TRUE,FALSE
Victoria,Aggregate,2008,Unit/Apartment,36256,340000,387962,4.62,130.5,TRUE,FALSE
Victoria,Aggregate,2009,Unit/Apartment,46468,365000,412642,7.35,140.1,TRUE,FALSE
Victoria,Aggregate,2010,Unit/Apartment,44675,427500,482114,17.12,164.1,TRUE,FALSE
Victoria,Aggregate,2011,Unit/Apartment,38186,425297,480298,-0.52,163.3,TRUE,FALSE
Victoria,Aggregate,2012,Unit/Apartment,37908,417500,467322,-1.83,160.3,TRUE,FALSE
Victoria,Aggregate,2013,Unit/Apartment,46573,442000,495749,5.87,169.7,TRUE,FALSE
Victoria,Aggregate,2014,Unit/Apartment,55041,467000,520755,5.66,179.3,TRUE,FALSE
Victoria,Aggregate,2015,Unit/Apartment,58318,491000,559364,5.14,188.5,TRUE,FALSE
Victoria,Aggregate,2016,Unit/Apartment,51635,499000,582093,1.63,191.6,TRUE,FALSE
Victoria,Aggregate,2017,Unit/Apartment,53445,531250,619185,6.46,203.9,TRUE,FALSE
Victoria,Aggregate,2018,Unit/Apartment,40950,542000,619811,2.02,208.1,TRUE,FALSE
Victoria,Aggregate,2019,Unit/Apartment,37368,550500,641455,1.57,211.3,TRUE,FALSE
Victoria,Aggregate,2020,Unit/Apartment,34107,575000,649271,4.45,220.7,TRUE,FALSE
Victoria,Aggregate,2021,Unit/Apartment,51904,613887,715132,6.76,235.7,TRUE,FALSE
Victoria,Aggregate,2022,Unit/Apartment,42193,605000,713334,-1.45,232.2,TRUE,FALSE
Victoria,Aggregate,2023,Unit/Apartment,42557,600000,710632,-0.83,230.3,TRUE,FALSE
Victoria,Aggregate,2024,Unit/Apartment,47459,600000,691540,0,230.3,TRUE,FALSE
Victoria,Aggregate,2025,Unit/Apartment,6078,552000,621374,-8,211.9,TRUE,TRUE
Victoria,Aggregate,2004,Vacant Land,21933,114900,119688,,100,TRUE,FALSE
Victoria,Aggregate,2005,Vacant Land,21279,121000,126756,5.31,105.3,TRUE,FALSE
Victoria,Aggregate,2006,Vacant Land,22427,126500,136063,4.55,110.1,TRUE,FALSE
Victoria,Aggregate,2007,Vacant Land,28562,135000,142933,6.72,117.5,TRUE,FALSE
Victoria,Aggregate,2008,Vacant Land,22793,142000,146908,5.19,123.6,TRUE,FALSE
Victoria,Aggregate,2009,Vacant Land,32890,153000,156134,7.75,133.2,TRUE,FALSE
Victoria,Aggregate,2010,Vacant Land,30301,172600,180014,12.81,150.2,TRUE,FALSE
Victoria,Aggregate,2011,Vacant Land,21074,181000,192109,4.87,157.5,TRUE,FALSE
Victoria,Aggregate,2012,Vacant Land,17696,181000,190410,0,157.5,TRUE,FALSE
Victoria,Aggregate,2013,Vacant Land,21183,186000,197921,2.76,161.9,TRUE,FALSE
Victoria,Aggregate,2014,Vacant Land,24571,190000,203705,2.15,165.4,TRUE,FALSE
Victoria,Aggregate,2015,Vacant Land,29110,202000,215792,6.32,175.8,TRUE,FALSE
Victoria,Aggregate,2016,Vacant Land,35771,214000,224459,5.94,186.2,TRUE,FALSE
Victoria,Aggregate,2017,Vacant Land,42836,240000,251955,12.15,208.9,TRUE,FALSE
Victoria,Aggregate,2018,Vacant Land,30737,260000,269755,8.33,226.3,TRUE,FALSE
Victoria,Aggregate,2019,Vacant Land,22657,263000,275197,1.15,228.9,TRUE,FALSE
Victoria,Aggregate,2020,Vacant Land,41259,270000,279895,2.66,235,TRUE,FALSE
Victoria,Aggregate,2021,Vacant Land,58558,305000,319736,12.96,265.4,TRUE,FALSE
Victoria,Aggregate,2022,Vacant Land,22957,345000,370633,13.11,300.3,TRUE,FALSE
Victoria,Aggregate,2023,Vacant Land,13264,345000,385602,0,300.3,TRUE,FALSE
Victoria,Aggregate,2024,Vacant Land,13993,333700,372737,-3.28,290.4,TRUE,FALSE
Victoria,Aggregate,2025,Vacant Land,1419,330000,365287,-1.11,287.2,TRUE,TRUE
Wangaratta Rural City,Regional Victoria,2004,House,405,174000,186462,,100,FALSE,FALSE
Wangaratta Rural City,Regional Victoria,2005,House,386,200000,212431,14.94,114.9,FALSE,FALSE
Wangaratta Rural City,Regional Victoria,2006,House,342,215000,224896,7.5,123.6,FALSE,FALSE
Wangaratta Rural City,Regional Victoria,2007,House,401,220000,237219,2.33,126.4,FALSE,FALSE
Wangaratta Rural City,Regional Victoria,2008,House,319,215000,227389,-2.27,123.6,FALSE,FALSE
Wangaratta Rural City,Regional Victoria,2009,House,363,228000,237660,6.05,131,FALSE,FALSE
Wangaratta Rural City,Regional Victoria,2010,House,321,242000,258327,6.14,139.1,FALSE,FALSE
Wangaratta Rural City,Regional Victoria,2011,House,287,245000,251667,1.24,140.8,FALSE,FALSE
Wangaratta Rural City,Regional Victoria,2012,House,336,235013,245751,-4.08,135.1,FALSE,FALSE
Wangaratta Rural City,Regional Victoria,2013,House,392,238000,254614,1.27,136.8,FALSE,FALSE
Wangaratta Rural City,Regional Victoria,2014,House,397,254000,270185,6.72,146,FALSE,FALSE
Wangaratta Rural City,Regional Victoria,2015,House,412,270000,282939,6.3,155.2,FALSE,FALSE
Wangaratta Rural City,Regional Victoria,2016,House,433,270000,287286,0,155.2,FALSE,FALSE
Wangaratta Rural City,Regional Victoria,2017,House,403,270000,285167,0,155.2,FALSE,FALSE
Wangaratta Rural City,Regional Victoria,2018,House,423,315000,331102,16.67,181,FALSE,FALSE
Wangaratta Rural City,Regional Victoria,2019,House,424,319000,336463,1.27,183.3,FALSE,FALSE
Wangaratta Rural City,Regional Victoria,2020,House,425,358000,374500,12.23,205.7,FALSE,FALSE
Wangaratta Rural City,Regional Victoria,2021,House,507,430000,464419,20.11,247.1,FALSE,FALSE
Wangaratta Rural City,Regional Victoria,2022,House,385,525000,551481,22.09,301.7,FALSE,FALSE
Wangaratta Rural City,Regional Victoria,2023,House,360,522500,567110,-0.48,300.3,FALSE,FALSE
Wangaratta Rural City,Regional Victoria,2024,House,379,535000,568479,2.39,307.5,FALSE,FALSE
Wangaratta Rural City,Regional Victoria,2025,House,60,500000,551649,-6.54,287.4,FALSE,TRUE
Wangaratta Rural City,Regional Victoria,2004,Unit/Apartment,64,153750,162250,,100,FALSE,FALSE
Wangaratta Rural City,Regional Victoria,2005,Unit/Apartment,70,157750,172460,2.6,102.6,FALSE,FALSE
Wangaratta Rural City,Regional Victoria,2006,Unit/Apartment,80,177500,184681,12.52,115.4,FALSE,FALSE
Wangaratta Rural City,Regional Victoria,2007,Unit/Apartment,77,174950,177639,-1.44,113.8,FALSE,FALSE
Wangaratta Rural City,Regional Victoria,2008,Unit/Apartment,44,174950,203270,0,113.8,FALSE,FALSE
Wangaratta Rural City,Regional Victoria,2009,Unit/Apartment,77,175000,179171,0.03,113.8,FALSE,FALSE
Wangaratta Rural City,Regional Victoria,2010,Unit/Apartment,70,182250,192990,4.14,118.5,FALSE,FALSE
Wangaratta Rural City,Regional Victoria,2011,Unit/Apartment,56,187237,202511,2.74,121.8,FALSE,FALSE
Wangaratta Rural City,Regional Victoria,2012,Unit/Apartment,47,150667,161087,-19.53,98,FALSE,FALSE
Wangaratta Rural City,Regional Victoria,2013,Unit/Apartment,58,176500,193251,17.15,114.8,FALSE,FALSE
Wangaratta Rural City,Regional Victoria,2014,Unit/Apartment,67,210030,214398,19,136.6,FALSE,FALSE
Wangaratta Rural City,Regional Victoria,2015,Unit/Apartment,60,210000,206524,-0.01,136.6,FALSE,FALSE
Wangaratta Rural City,Regional Victoria,2016,Unit/Apartment,61,204000,212240,-2.86,132.7,FALSE,FALSE
Wangaratta Rural City,Regional Victoria,2017,Unit/Apartment,51,192000,222212,-5.88,124.9,FALSE,FALSE
Wangaratta Rural City,Regional Victoria,2018,Unit/Apartment,60,202500,221258,5.47,131.7,FALSE,FALSE
Wangaratta Rural City,Regional Victoria,2019,Unit/Apartment,55,229500,246947,13.33,149.3,FALSE,FALSE
Wangaratta Rural City,Regional Victoria,2020,Unit/Apartment,51,242050,241619,5.47,157.4,FALSE,FALSE
Wangaratta Rural City,Regional Victoria,2021,Unit/Apartment,70,320500,357847,32.41,208.5,FALSE,FALSE
Wangaratta Rural City,Regional Victoria,2022,Unit/Apartment,67,340000,346758,6.08,221.1,FALSE,FALSE
Wangaratta Rural City,Regional Victoria,2023,Unit/Apartment,44,365000,402522,7.35,237.4,FALSE,FALSE
Wangaratta Rural City,Regional Victoria,2024,Unit/Apartment,64,347500,359055,-4.79,226,FALSE,FALSE
Wangaratta Rural City,Regional Victoria,2025,Unit/Apartment,5,355000,366000,2.16,230.9,FALSE,TRUE
Wangaratta Rural City,Regional Victoria,2004,Vacant Land,151,75000,69936,,100,FALSE,FALSE
Wangaratta Rural City,Regional Victoria,2005,Vacant Land,89,78000,81098,4,104,FALSE,FALSE
Wangaratta Rural City,Regional Victoria,2006,Vacant Land,116,90000,97598,15.38,120,FALSE,FALSE
Wangaratta Rural City,Regional Victoria,2007,Vacant Land,95,100000,102760,11.11,133.3,FALSE,FALSE
Wangaratta Rural City,Regional Victoria,2008,Vacant Land,58,86500,96545,-13.5,115.3,FALSE,FALSE
Wangaratta Rural City,Regional Victoria,2009,Vacant Land,119,95000,101604,9.83,126.7,FALSE,FALSE
Wangaratta Rural City,Regional Victoria,2010,Vacant Land,125,117000,118804,23.16,156,FALSE,FALSE
Wangaratta Rural City,Regional Victoria,2011,Vacant Land,98,120000,128263,2.56,160,FALSE,FALSE
Wangaratta Rural City,Regional Victoria,2012,Vacant Land,118,109000,112855,-9.17,145.3,FALSE,FALSE
Wangaratta Rural City,Regional Victoria,2013,Vacant Land,130,125000,121300,14.68,166.7,FALSE,FALSE
Wangaratta Rural City,Regional Victoria,2014,Vacant Land,109,121001,130988,-3.2,161.3,FALSE,FALSE
Wangaratta Rural City,Regional Victoria,2015,Vacant Land,108,130000,133983,7.44,173.3,FALSE,FALSE
Wangaratta Rural City,Regional Victoria,2016,Vacant Land,85,130000,135185,0,173.3,FALSE,FALSE
Wangaratta Rural City,Regional Victoria,2017,Vacant Land,105,150000,153039,15.38,200,FALSE,FALSE
Wangaratta Rural City,Regional Victoria,2018,Vacant Land,110,162000,166730,8,216,FALSE,FALSE
Wangaratta Rural City,Regional Victoria,2019,Vacant Land,128,153750,160168,-5.09,205,FALSE,FALSE
Wangaratta Rural City,Regional Victoria,2020,Vacant Land,223,154500,181039,0.49,206,FALSE,FALSE
Wangaratta Rural City,Regional Victoria,2021,Vacant Land,183,195000,219638,26.21,260,FALSE,FALSE
Wangaratta Rural City,Regional Victoria,2022,Vacant Land,68,299500,299223,53.59,399.3,FALSE,FALSE
Wangaratta Rural City,Regional Victoria,2023,Vacant Land,64,291000,319836,-2.84,388,FALSE,FALSE
Wangaratta Rural City,Regional Victoria,2024,Vacant Land,71,292500,335116,0.52,390,FALSE,FALSE
Wangaratta Rural City,Regional Victoria,2025,Vacant Land,19,292000,284894,-0.17,389.3,FALSE,TRUE
Warrnambool City,Regional Victoria,2004,House,462,240000,255488,,100,FALSE,FALSE
Warrnambool City,Regional Victoria,2005,House,603,252000,271703,5,105,FALSE,FALSE
Warrnambool City,Regional Victoria,2006,House,575,268000,286451,6.35,111.7,FALSE,FALSE
Warrnambool City,Regional Victoria,2007,House,559,280000,301858,4.48,116.7,FALSE,FALSE
Warrnambool City,Regional Victoria,2008,House,471,295000,319669,5.36,122.9,FALSE,FALSE
Warrnambool City,Regional Victoria,2009,House,576,292000,310730,-1.02,121.7,FALSE,FALSE
Warrnambool City,Regional Victoria,2010,House,492,320000,347894,9.59,133.3,FALSE,FALSE
Warrnambool City,Regional Victoria,2011,House,430,322000,340596,0.63,134.2,FALSE,FALSE
Warrnambool City,Regional Victoria,2012,House,458,316500,334409,-1.71,131.9,FALSE,FALSE
Warrnambool City,Regional Victoria,2013,House,448,325000,341442,2.69,135.4,FALSE,FALSE
Warrnambool City,Regional Victoria,2014,House,467,320000,347416,-1.54,133.3,FALSE,FALSE
Warrnambool City,Regional Victoria,2015,House,561,330000,349805,3.12,137.5,FALSE,FALSE
Warrnambool City,Regional Victoria,2016,House,549,322000,349209,-2.42,134.2,FALSE,FALSE
Warrnambool City,Regional Victoria,2017,House,594,330000,354386,2.48,137.5,FALSE,FALSE
Warrnambool City,Regional Victoria,2018,House,618,350000,370157,6.06,145.8,FALSE,FALSE
Warrnambool City,Regional Victoria,2019,House,543,370000,398534,5.71,154.2,FALSE,FALSE
Warrnambool City,Regional Victoria,2020,House,585,410000,448208,10.81,170.8,FALSE,FALSE
Warrnambool City,Regional Victoria,2021,House,655,515000,561473,25.61,214.6,FALSE,FALSE
Warrnambool City,Regional Victoria,2022,House,595,605000,636257,17.48,252.1,FALSE,FALSE
Warrnambool City,Regional Victoria,2023,House,499,602000,654911,-0.5,250.8,FALSE,FALSE
Warrnambool City,Regional Victoria,2024,House,519,585000,625708,-2.82,243.8,FALSE,FALSE
Warrnambool City,Regional Victoria,2025,House,77,580000,585383,-0.85,241.7,FALSE,TRUE
Warrnambool City,Regional Victoria,2004,Unit/Apartment,163,198000,205648,,100,FALSE,FALSE
Warrnambool City,Regional Victoria,2005,Unit/Apartment,166,200000,220557,1.01,101,FALSE,FALSE
Warrnambool City,Regional Victoria,2006,Unit/Apartment,139,211000,219774,5.5,106.6,FALSE,FALSE
Warrnambool City,Regional Victoria,2007,Unit/Apartment,176,235000,280147,11.37,118.7,FALSE,FALSE
Warrnambool City,Regional Victoria,2008,Unit/Apartment,130,215500,226355,-8.3,108.8,FALSE,FALSE
Warrnambool City,Regional Victoria,2009,Unit/Apartment,166,220000,224664,2.09,111.1,FALSE,FALSE
Warrnambool City,Regional Victoria,2010,Unit/Apartment,149,259000,262691,17.73,130.8,FALSE,FALSE
Warrnambool City,Regional Victoria,2011,Unit/Apartment,128,255000,276091,-1.54,128.8,FALSE,FALSE
Warrnambool City,Regional Victoria,2012,Unit/Apartment,120,256250,260336,0.49,129.4,FALSE,FALSE
Warrnambool City,Regional Victoria,2013,Unit/Apartment,125,257000,294410,0.29,129.8,FALSE,FALSE
Warrnambool City,Regional Victoria,2014,Unit/Apartment,127,259000,280489,0.78,130.8,FALSE,FALSE
Warrnambool City,Regional Victoria,2015,Unit/Apartment,138,255750,265896,-1.25,129.2,FALSE,FALSE
Warrnambool City,Regional Victoria,2016,Unit/Apartment,117,250500,265746,-2.05,126.5,FALSE,FALSE
Warrnambool City,Regional Victoria,2017,Unit/Apartment,154,257500,276352,2.79,130.1,FALSE,FALSE
Warrnambool City,Regional Victoria,2018,Unit/Apartment,138,253500,275516,-1.55,128,FALSE,FALSE
Warrnambool City,Regional Victoria,2019,Unit/Apartment,172,279500,305158,10.26,141.2,FALSE,FALSE
Warrnambool City,Regional Victoria,2020,Unit/Apartment,133,310000,332261,10.91,156.6,FALSE,FALSE
Warrnambool City,Regional Victoria,2021,Unit/Apartment,139,375000,396741,20.97,189.4,FALSE,FALSE
Warrnambool City,Regional Victoria,2022,Unit/Apartment,109,430000,497743,14.67,217.2,FALSE,FALSE
Warrnambool City,Regional Victoria,2023,Unit/Apartment,104,423156,475829,-1.59,213.7,FALSE,FALSE
Warrnambool City,Regional Victoria,2024,Unit/Apartment,113,420000,440872,-0.75,212.1,FALSE,FALSE
Warrnambool City,Regional Victoria,2025,Unit/Apartment,24,449475,458612,7.02,227,FALSE,TRUE
Warrnambool City,Regional Victoria,2004,Vacant Land,199,85000,87855,,100,FALSE,FALSE
Warrnambool City,Regional Victoria,2005,Vacant Land,191,95000,97137,11.76,111.8,FALSE,FALSE
Warrnambool City,Regional Victoria,2006,Vacant Land,168,114000,110786,20,134.1,FALSE,FALSE
Warrnambool City,Regional Victoria,2007,Vacant Land,186,130000,132898,14.04,152.9,FALSE,FALSE
Warrnambool City,Regional Victoria,2008,Vacant Land,110,125000,128537,-3.85,147.1,FALSE,FALSE
Warrnambool City,Regional Victoria,2009,Vacant Land,254,125000,132140,0,147.1,FALSE,FALSE
Warrnambool City,Regional Victoria,2010,Vacant Land,224,130000,141116,4,152.9,FALSE,FALSE
Warrnambool City,Regional Victoria,2011,Vacant Land,186,130000,134869,0,152.9,FALSE,FALSE
Warrnambool City,Regional Victoria,2012,Vacant Land,135,135000,142443,3.85,158.8,FALSE,FALSE
Warrnambool City,Regional Victoria,2013,Vacant Land,143,139900,143767,3.63,164.6,FALSE,FALSE
Warrnambool City,Regional Victoria,2014,Vacant Land,171,145000,146284,3.65,170.6,FALSE,FALSE
Warrnambool City,Regional Victoria,2015,Vacant Land,152,140000,142623,-3.45,164.7,FALSE,FALSE
Warrnambool City,Regional Victoria,2016,Vacant Land,133,150000,153678,7.14,176.5,FALSE,FALSE
Warrnambool City,Regional Victoria,2017,Vacant Land,147,150000,159375,0,176.5,FALSE,FALSE
Warrnambool City,Regional Victoria,2018,Vacant Land,143,149000,164304,-0.67,175.3,FALSE,FALSE
Warrnambool City,Regional Victoria,2019,Vacant Land,233,150000,194665,0.67,176.5,FALSE,FALSE
Warrnambool City,Regional Victoria,2020,Vacant Land,502,161000,173795,7.33,189.4,FALSE,FALSE
Warrnambool City,Regional Victoria,2021,Vacant Land,474,188750,200432,17.24,222.1,FALSE,FALSE
Warrnambool City,Regional Victoria,2022,Vacant Land,146,245000,280719,29.8,288.2,FALSE,FALSE
Warrnambool City,Regional Victoria,2023,Vacant Land,94,260000,318108,6.12,305.9,FALSE,FALSE
Warrnambool City,Regional Victoria,2024,Vacant Land,117,257000,281495,-1.15,302.4,FALSE,FALSE
Warrnambool City,Regional Victoria,2025,Vacant Land,21,250000,270857,-2.72,294.1,FALSE,TRUE
Wellington Shire,Regional Victoria,2004,House,797,154000,163734,,100,FALSE,FALSE
Wellington Shire,Regional Victoria,2005,House,806,170000,181590,10.39,110.4,FALSE,FALSE
Wellington Shire,Regional Victoria,2006,House,712,175000,190816,2.94,113.6,FALSE,FALSE
Wellington Shire,Regional Victoria,2007,House,834,184500,198925,5.43,119.8,FALSE,FALSE
Wellington Shire,Regional Victoria,2008,House,690,190000,214557,2.98,123.4,FALSE,FALSE
Wellington Shire,Regional Victoria,2009,House,743,197000,211370,3.68,127.9,FALSE,FALSE
Wellington Shire,Regional Victoria,2010,House,617,218000,234528,10.66,141.6,FALSE,FALSE
Wellington Shire,Regional Victoria,2011,House,449,243000,252608,11.47,157.8,FALSE,FALSE
Wellington Shire,Regional Victoria,2012,House,496,231000,241719,-4.94,150,FALSE,FALSE
Wellington Shire,Regional Victoria,2013,House,644,230000,243311,-0.43,149.4,FALSE,FALSE
Wellington Shire,Regional Victoria,2014,House,614,230000,245063,0,149.4,FALSE,FALSE
Wellington Shire,Regional Victoria,2015,House,704,235000,250460,2.17,152.6,FALSE,FALSE
Wellington Shire,Regional Victoria,2016,House,732,241350,263278,2.7,156.7,FALSE,FALSE
Wellington Shire,Regional Victoria,2017,House,715,243500,258334,0.89,158.1,FALSE,FALSE
Wellington Shire,Regional Victoria,2018,House,824,260000,278426,6.78,168.8,FALSE,FALSE
Wellington Shire,Regional Victoria,2019,House,752,277250,291194,6.63,180,FALSE,FALSE
Wellington Shire,Regional Victoria,2020,House,881,295000,311100,6.4,191.6,FALSE,FALSE
Wellington Shire,Regional Victoria,2021,House,1101,365000,381762,23.73,237,FALSE,FALSE
Wellington Shire,Regional Victoria,2022,House,751,440000,451217,20.55,285.7,FALSE,FALSE
Wellington Shire,Regional Victoria,2023,House,618,450000,465221,2.27,292.2,FALSE,FALSE
Wellington Shire,Regional Victoria,2024,House,650,445000,461918,-1.11,289,FALSE,FALSE
Wellington Shire,Regional Victoria,2025,House,100,420000,446283,-5.62,272.7,FALSE,TRUE
Wellington Shire,Regional Victoria,2004,Unit/Apartment,121,140000,144708,,100,FALSE,FALSE
Wellington Shire,Regional Victoria,2005,Unit/Apartment,96,150000,152131,7.14,107.1,FALSE,FALSE
Wellington Shire,Regional Victoria,2006,Unit/Apartment,106,165000,162712,10,117.9,FALSE,FALSE
Wellington Shire,Regional Victoria,2007,Unit/Apartment,136,160000,173476,-3.03,114.3,FALSE,FALSE
Wellington Shire,Regional Victoria,2008,Unit/Apartment,112,167000,173203,4.37,119.3,FALSE,FALSE
Wellington Shire,Regional Victoria,2009,Unit/Apartment,142,184750,181303,10.63,132,FALSE,FALSE
Wellington Shire,Regional Victoria,2010,Unit/Apartment,126,191250,190547,3.52,136.6,FALSE,FALSE
Wellington Shire,Regional Victoria,2011,Unit/Apartment,94,197000,204374,3.01,140.7,FALSE,FALSE
Wellington Shire,Regional Victoria,2012,Unit/Apartment,73,205000,210144,4.06,146.4,FALSE,FALSE
Wellington Shire,Regional Victoria,2013,Unit/Apartment,102,197250,205217,-3.78,140.9,FALSE,FALSE
Wellington Shire,Regional Victoria,2014,Unit/Apartment,87,204000,209518,3.42,145.7,FALSE,FALSE
Wellington Shire,Regional Victoria,2015,Unit/Apartment,106,215000,223273,5.39,153.6,FALSE,FALSE
Wellington Shire,Regional Victoria,2016,Unit/Apartment,88,218750,218736,1.74,156.2,FALSE,FALSE
Wellington Shire,Regional Victoria,2017,Unit/Apartment,55,230000,246236,5.14,164.3,FALSE,FALSE
Wellington Shire,Regional Victoria,2018,Unit/Apartment,79,199000,208646,-13.48,142.1,FALSE,FALSE
Wellington Shire,Regional Victoria,2019,Unit/Apartment,86,200000,210817,0.5,142.9,FALSE,FALSE
Wellington Shire,Regional Victoria,2020,Unit/Apartment,94,222750,231555,11.38,159.1,FALSE,FALSE
Wellington Shire,Regional Victoria,2021,Unit/Apartment,140,256225,268667,15.03,183,FALSE,FALSE
Wellington Shire,Regional Victoria,2022,Unit/Apartment,109,315000,336959,22.94,225,FALSE,FALSE
Wellington Shire,Regional Victoria,2023,Unit/Apartment,74,322500,312599,2.38,230.4,FALSE,FALSE
Wellington Shire,Regional Victoria,2024,Unit/Apartment,95,327000,331742,1.4,233.6,FALSE,FALSE
Wellington Shire,Regional Victoria,2025,Unit/Apartment,14,339500,330035,3.82,242.5,FALSE,TRUE
Wellington Shire,Regional Victoria,2004,Vacant Land,324,51500,54189,,100,FALSE,FALSE
Wellington Shire,Regional Victoria,2005,Vacant Land,323,58500,63585,13.59,113.6,FALSE,FALSE
Wellington Shire,Regional Victoria,2006,Vacant Land,318,57500,72444,-1.71,111.7,FALSE,FALSE
Wellington Shire,Regional Victoria,2007,Vacant Land,358,65000,70017,13.04,126.2,FALSE,FALSE
Wellington Shire,Regional Victoria,2008,Vacant Land,215,64000,71515,-1.54,124.3,FALSE,FALSE
Wellington Shire,Regional Victoria,2009,Vacant Land,242,75000,84847,17.19,145.6,FALSE,FALSE
Wellington Shire,Regional Victoria,2010,Vacant Land,311,91000,92589,21.33,176.7,FALSE,FALSE
Wellington Shire,Regional Victoria,2011,Vacant Land,177,83000,88378,-8.79,161.2,FALSE,FALSE
Wellington Shire,Regional Victoria,2012,Vacant Land,137,85000,89419,2.41,165,FALSE,FALSE
Wellington Shire,Regional Victoria,2013,Vacant Land,174,78000,82051,-8.24,151.5,FALSE,FALSE
Wellington Shire,Regional Victoria,2014,Vacant Land,242,75750,79204,-2.88,147.1,FALSE,FALSE
Wellington Shire,Regional Victoria,2015,Vacant Land,217,82500,88223,8.91,160.2,FALSE,FALSE
Wellington Shire,Regional Victoria,2016,Vacant Land,236,60000,75437,-27.27,116.5,FALSE,FALSE
Wellington Shire,Regional Victoria,2017,Vacant Land,302,60000,72762,0,116.5,FALSE,FALSE
Wellington Shire,Regional Victoria,2018,Vacant Land,338,64750,78283,7.92,125.7,FALSE,FALSE
Wellington Shire,Regional Victoria,2019,Vacant Land,338,79250,92882,22.39,153.9,FALSE,FALSE
Wellington Shire,Regional Victoria,2020,Vacant Land,476,89500,99123,12.93,173.8,FALSE,FALSE
Wellington Shire,Regional Victoria,2021,Vacant Land,696,130000,132269,45.25,252.4,FALSE,FALSE
Wellington Shire,Regional Victoria,2022,Vacant Land,267,170000,173333,30.77,330.1,FALSE,FALSE
Wellington Shire,Regional Victoria,2023,Vacant Land,145,155000,171000,-8.82,301,FALSE,FALSE
Wellington Shire,Regional Victoria,2024,Vacant Land,126,163750,177148,5.65,318,FALSE,FALSE
Wellington Shire,Regional Victoria,2025,Vacant Land,34,126250,139455,-22.9,245.1,FALSE,TRUE
West Wimmera Shire,Regional Victoria,2004,House,37,79000,83775,,100,FALSE,FALSE
West Wimmera Shire,Regional Victoria,2005,House,48,77500,96760,-1.9,98.1,FALSE,FALSE
West Wimmera Shire,Regional Victoria,2006,House,44,90000,109590,16.13,113.9,FALSE,FALSE
West Wimmera Shire,Regional Victoria,2007,House,48,92000,109500,2.22,116.5,FALSE,FALSE
West Wimmera Shire,Regional Victoria,2008,House,24,94000,114756,2.17,119,FALSE,FALSE
West Wimmera Shire,Regional Victoria,2009,House,46,82000,102695,-12.77,103.8,FALSE,FALSE
West Wimmera Shire,Regional Victoria,2010,House,39,93000,104882,13.41,117.7,FALSE,FALSE
West Wimmera Shire,Regional Victoria,2011,House,35,85000,97557,-8.6,107.6,FALSE,FALSE
West Wimmera Shire,Regional Victoria,2012,House,45,78000,97644,-8.24,98.7,FALSE,FALSE
West Wimmera Shire,Regional Victoria,2013,House,47,92000,110255,17.95,116.5,FALSE,FALSE
West Wimmera Shire,Regional Victoria,2014,House,50,91500,106173,-0.54,115.8,FALSE,FALSE
West Wimmera Shire,Regional Victoria,2015,House,46,100000,118423,9.29,126.6,FALSE,FALSE
West Wimmera Shire,Regional Victoria,2016,House,51,107000,119328,7,135.4,FALSE,FALSE
West Wimmera Shire,Regional Victoria,2017,House,45,135000,133906,26.17,170.9,FALSE,FALSE
West Wimmera Shire,Regional Victoria,2018,House,50,129000,140547,-4.44,163.3,FALSE,FALSE
West Wimmera Shire,Regional Victoria,2019,House,49,132000,139588,2.33,167.1,FALSE,FALSE
West Wimmera Shire,Regional Victoria,2020,House,59,134000,139658,1.52,169.6,FALSE,FALSE
West Wimmera Shire,Regional Victoria,2021,House,67,200000,190702,49.25,253.2,FALSE,FALSE
West Wimmera Shire,Regional Victoria,2022,House,56,203500,207491,1.75,257.6,FALSE,FALSE
West Wimmera Shire,Regional Victoria,2023,House,42,210000,216428,3.19,265.8,FALSE,FALSE
West Wimmera Shire,Regional Victoria,2024,House,41,240000,245063,14.29,303.8,FALSE,FALSE
West Wimmera Shire,Regional Victoria,2025,House,8,143000,179750,-40.42,181,FALSE,TRUE
West Wimmera Shire,Regional Victoria,2004,Unit/Apartment,2,116030,116030,,100,FALSE,FALSE
West Wimmera Shire,Regional Victoria,2005,Unit/Apartment,1,25000,25000,-78.45,21.5,FALSE,FALSE
West Wimmera Shire,Regional Victoria,2006,Unit/Apartment,1,102500,102500,310,88.3,FALSE,FALSE
West Wimmera Shire,Regional Victoria,2007,Unit/Apartment,0,0,0,-100,0,FALSE,FALSE
West Wimmera Shire,Regional Victoria,2008,Unit/Apartment,0,0,0,,0,FALSE,FALSE
West Wimmera Shire,Regional Victoria,2009,Unit/Apartment,2,138100,138100,inf,119,FALSE,FALSE
West Wimmera Shire,Regional Victoria,2010,Unit/Apartment,3,140000,152333,1.38,120.7,FALSE,FALSE
West Wimmera Shire,Regional Victoria,2011,Unit/Apartment,2,130000,130000,-7.14,112,FALSE,FALSE
West Wimmera Shire,Regional Victoria,2012,Unit/Apartment,0,0,0,-100,0,FALSE,FALSE
West Wimmera Shire,Regional Victoria,2013,Unit/Apartment,4,145000,143500,inf,125,FALSE,FALSE
West Wimmera Shire,Regional Victoria,2014,Unit/Apartment,2,144625,144625,-0.26,124.6,FALSE,FALSE
West Wimmera Shire,Regional Victoria,2015,Unit/Apartment,3,138000,140333,-4.58,118.9,FALSE,FALSE
West Wimmera Shire,Regional Victoria,2016,Unit/Apartment,3,143000,141000,3.62,123.2,FALSE,FALSE
West Wimmera Shire,Regional Victoria,2017,Unit/Apartment,1,135000,135000,-5.59,116.3,FALSE,FALSE
West Wimmera Shire,Regional Victoria,2018,Unit/Apartment,0,0,0,-100,0,FALSE,FALSE
West Wimmera Shire,Regional Victoria,2019,Unit/Apartment,1,144000,144000,inf,124.1,FALSE,FALSE
West Wimmera Shire,Regional Victoria,2020,Unit/Apartment,1,155000,155000,7.64,133.6,FALSE,FALSE
West Wimmera Shire,Regional Victoria,2021,Unit/Apartment,0,0,0,-100,0,FALSE,FALSE
West Wimmera Shire,Regional Victoria,2022,Unit/Apartment,2,214500,214500,inf,184.9,FALSE,FALSE
West Wimmera Shire,Regional Victoria,2023,Unit/Apartment,1,215000,215000,0.23,185.3,FALSE,FALSE
West Wimmera Shire,Regional Victoria,2024,Unit/Apartment,4,185000,188600,-13.95,159.4,FALSE,FALSE
West Wimmera Shire,Regional Victoria,2025,Unit/Apartment,0,0,0,-100,0,FALSE,TRUE
West Wimmera Shire,Regional Victoria,2004,Vacant Land,33,24500,26545,,100,FALSE,FALSE
West Wimmera Shire,Regional Victoria,2005,Vacant Land,18,17750,27666,-27.55,72.4,FALSE,FALSE
West Wimmera Shire,Regional Victoria,2006,Vacant Land,12,20000,25916,12.68,81.6,FALSE,FALSE
West Wimmera Shire,Regional Victoria,2007,Vacant Land,9,28000,35000,40,114.3,FALSE,FALSE
West Wimmera Shire,Regional Victoria,2008,Vacant Land,10,64500,60897,130.36,263.3,FALSE,FALSE
West Wimmera Shire,Regional Victoria,2009,Vacant Land,13,35000,41048,-45.74,142.9,FALSE,FALSE
West Wimmera Shire,Regional Victoria,2010,Vacant Land,12,17250,39750,-50.71,70.4,FALSE,FALSE
West Wimmera Shire,Regional Victoria,2011,Vacant Land,9,35000,65033,102.9,142.9,FALSE,FALSE
West Wimmera Shire,Regional Victoria,2012,Vacant Land,5,24000,38140,-31.43,98,FALSE,FALSE
West Wimmera Shire,Regional Victoria,2013,Vacant Land,11,22000,39886,-8.33,89.8,FALSE,FALSE
West Wimmera Shire,Regional Victoria,2014,Vacant Land,7,13000,21928,-40.91,53.1,FALSE,FALSE
West Wimmera Shire,Regional Victoria,2015,Vacant Land,11,15000,14954,15.38,61.2,FALSE,FALSE
West Wimmera Shire,Regional Victoria,2016,Vacant Land,7,13000,38678,-13.33,53.1,FALSE,FALSE
West Wimmera Shire,Regional Victoria,2017,Vacant Land,7,15000,13142,15.38,61.2,FALSE,FALSE
West Wimmera Shire,Regional Victoria,2018,Vacant Land,6,24000,25416,60,98,FALSE,FALSE
West Wimmera Shire,Regional Victoria,2019,Vacant Land,7,35000,29785,45.83,142.9,FALSE,FALSE
West Wimmera Shire,Regional Victoria,2020,Vacant Land,11,15000,19336,-57.14,61.2,FALSE,FALSE
West Wimmera Shire,Regional Victoria,2021,Vacant Land,11,29205,42618,94.7,119.2,FALSE,FALSE
West Wimmera Shire,Regional Victoria,2022,Vacant Land,10,30000,47450,2.72,122.4,FALSE,FALSE
West Wimmera Shire,Regional Victoria,2023,Vacant Land,4,69500,66000,131.67,283.7,FALSE,FALSE
West Wimmera Shire,Regional Victoria,2024,Vacant Land,5,48000,59400,-30.94,195.9,FALSE,FALSE
West Wimmera Shire,Regional Victoria,2025,Vacant Land,1,65000,65000,35.42,265.3,FALSE,TRUE
Whitehorse City,Metro Melbourne,2004,House,1874,375000,408575,,100,FALSE,FALSE
Whitehorse City,Metro Melbourne,2005,House,1939,390000,434400,4,104,FALSE,FALSE
Whitehorse City,Metro Melbourne,2006,House,2030,419000,466487,7.44,111.7,FALSE,FALSE
Whitehorse City,Metro Melbourne,2007,House,2185,526000,585473,25.54,140.3,FALSE,FALSE
Whitehorse City,Metro Melbourne,2008,House,1570,540000,597663,2.66,144,FALSE,FALSE
Whitehorse City,Metro Melbourne,2009,House,2031,590000,651016,9.26,157.3,FALSE,FALSE
Whitehorse City,Metro Melbourne,2010,House,1761,710828,774532,20.48,189.6,FALSE,FALSE
Whitehorse City,Metro Melbourne,2011,House,1681,675000,752876,-5.04,180,FALSE,FALSE
Whitehorse City,Metro Melbourne,2012,House,1592,650000,715686,-3.7,173.3,FALSE,FALSE
Whitehorse City,Metro Melbourne,2013,House,2044,725000,793226,11.54,193.3,FALSE,FALSE
Whitehorse City,Metro Melbourne,2014,House,2200,830000,914091,14.48,221.3,FALSE,FALSE
Whitehorse City,Metro Melbourne,2015,House,2354,1030000,1146246,24.1,274.7,FALSE,FALSE
Whitehorse City,Metro Melbourne,2016,House,1909,1087200,1178051,5.55,289.9,FALSE,FALSE
Whitehorse City,Metro Melbourne,2017,House,1887,1246000,1339374,14.61,332.3,FALSE,FALSE
Whitehorse City,Metro Melbourne,2018,House,1544,1145000,1256927,-8.11,305.3,FALSE,FALSE
Whitehorse City,Metro Melbourne,2019,House,1610,1110000,1198061,-3.06,296,FALSE,FALSE
Whitehorse City,Metro Melbourne,2020,House,1306,1180000,1266987,6.31,314.7,FALSE,FALSE
Whitehorse City,Metro Melbourne,2021,House,2063,1375000,1468840,16.53,366.7,FALSE,FALSE
Whitehorse City,Metro Melbourne,2022,House,1637,1330000,1454174,-3.27,354.7,FALSE,FALSE
Whitehorse City,Metro Melbourne,2023,House,1610,1376500,1485867,3.5,367.1,FALSE,FALSE
Whitehorse City,Metro Melbourne,2024,House,1687,1363000,1486240,-0.98,363.5,FALSE,FALSE
Whitehorse City,Metro Melbourne,2025,House,93,1366000,1561745,0.22,364.3,FALSE,TRUE
Whitehorse City,Metro Melbourne,2004,Unit/Apartment,928,295000,314958,,100,FALSE,FALSE
Whitehorse City,Metro Melbourne,2005,Unit/Apartment,1075,305000,318809,3.39,103.4,FALSE,FALSE
Whitehorse City,Metro Melbourne,2006,Unit/Apartment,1098,327400,348357,7.34,111,FALSE,FALSE
Whitehorse City,Metro Melbourne,2007,Unit/Apartment,1547,360000,379512,9.96,122,FALSE,FALSE
Whitehorse City,Metro Melbourne,2008,Unit/Apartment,877,401000,422950,11.39,135.9,FALSE,FALSE
Whitehorse City,Metro Melbourne,2009,Unit/Apartment,1365,430000,437863,7.23,145.8,FALSE,FALSE
Whitehorse City,Metro Melbourne,2010,Unit/Apartment,1166,490000,517741,13.95,166.1,FALSE,FALSE
Whitehorse City,Metro Melbourne,2011,Unit/Apartment,1154,489000,503309,-0.2,165.8,FALSE,FALSE
Whitehorse City,Metro Melbourne,2012,Unit/Apartment,1246,482000,496879,-1.43,163.4,FALSE,FALSE
Whitehorse City,Metro Melbourne,2013,Unit/Apartment,1620,515000,525250,6.85,174.6,FALSE,FALSE
Whitehorse City,Metro Melbourne,2014,Unit/Apartment,1944,542250,576429,5.29,183.8,FALSE,FALSE
Whitehorse City,Metro Melbourne,2015,Unit/Apartment,2425,572500,609786,5.58,194.1,FALSE,FALSE
Whitehorse City,Metro Melbourne,2016,Unit/Apartment,1829,660000,678604,15.28,223.7,FALSE,FALSE
Whitehorse City,Metro Melbourne,2017,Unit/Apartment,1986,670200,722743,1.55,227.2,FALSE,FALSE
Whitehorse City,Metro Melbourne,2018,Unit/Apartment,1480,611500,658763,-8.76,207.3,FALSE,FALSE
Whitehorse City,Metro Melbourne,2019,Unit/Apartment,1643,663000,694232,8.42,224.7,FALSE,FALSE
Whitehorse City,Metro Melbourne,2020,Unit/Apartment,1263,685999,716245,3.47,232.5,FALSE,FALSE
Whitehorse City,Metro Melbourne,2021,Unit/Apartment,2088,749000,793214,9.18,253.9,FALSE,FALSE
Whitehorse City,Metro Melbourne,2022,Unit/Apartment,1703,727000,790992,-2.94,246.4,FALSE,FALSE
Whitehorse City,Metro Melbourne,2023,Unit/Apartment,1816,710000,770361,-2.34,240.7,FALSE,FALSE
Whitehorse City,Metro Melbourne,2024,Unit/Apartment,1857,720000,775378,1.41,244.1,FALSE,FALSE
Whitehorse City,Metro Melbourne,2025,Unit/Apartment,202,697500,723898,-3.12,236.4,FALSE,TRUE
Whitehorse City,Metro Melbourne,2004,Vacant Land,33,340000,299962,,100,FALSE,FALSE
Whitehorse City,Metro Melbourne,2005,Vacant Land,25,244000,257976,-28.24,71.8,FALSE,FALSE
Whitehorse City,Metro Melbourne,2006,Vacant Land,31,280000,308611,14.75,82.4,FALSE,FALSE
Whitehorse City,Metro Melbourne,2007,Vacant Land,44,269000,276863,-3.93,79.1,FALSE,FALSE
Whitehorse City,Metro Melbourne,2008,Vacant Land,21,210000,279678,-21.93,61.8,FALSE,FALSE
Whitehorse City,Metro Melbourne,2009,Vacant Land,46,252500,300846,20.24,74.3,FALSE,FALSE
Whitehorse City,Metro Melbourne,2010,Vacant Land,25,380000,443700,50.5,111.8,FALSE,FALSE
Whitehorse City,Metro Melbourne,2011,Vacant Land,30,439000,675373,15.53,129.1,FALSE,FALSE
Whitehorse City,Metro Melbourne,2012,Vacant Land,26,387500,484675,-11.73,114,FALSE,FALSE
Whitehorse City,Metro Melbourne,2013,Vacant Land,23,315000,447734,-18.71,92.6,FALSE,FALSE
Whitehorse City,Metro Melbourne,2014,Vacant Land,26,399000,475837,26.67,117.4,FALSE,FALSE
Whitehorse City,Metro Melbourne,2015,Vacant Land,28,404000,501380,1.25,118.8,FALSE,FALSE
Whitehorse City,Metro Melbourne,2016,Vacant Land,26,775000,805943,91.83,227.9,FALSE,FALSE
Whitehorse City,Metro Melbourne,2017,Vacant Land,9,661000,829111,-14.71,194.4,FALSE,FALSE
Whitehorse City,Metro Melbourne,2018,Vacant Land,17,860000,827796,30.11,252.9,FALSE,FALSE
Whitehorse City,Metro Melbourne,2019,Vacant Land,27,745000,754943,-13.37,219.1,FALSE,FALSE
Whitehorse City,Metro Melbourne,2020,Vacant Land,26,712500,806082,-4.36,209.6,FALSE,FALSE
Whitehorse City,Metro Melbourne,2021,Vacant Land,29,1300000,1338052,82.46,382.4,FALSE,FALSE
Whitehorse City,Metro Melbourne,2022,Vacant Land,14,1366500,1208956,5.12,401.9,FALSE,FALSE
Whitehorse City,Metro Melbourne,2023,Vacant Land,19,1100000,1292421,-19.5,323.5,FALSE,FALSE
Whitehorse City,Metro Melbourne,2024,Vacant Land,23,1160000,1396017,5.45,341.2,FALSE,FALSE
Whitehorse City,Metro Melbourne,2025,Vacant Land,2,1630500,1630500,40.56,479.6,FALSE,TRUE
Whittlesea City,Metro Melbourne,2004,House,1733,268000,281000,,100,FALSE,FALSE
Whittlesea City,Metro Melbourne,2005,House,1860,273000,291162,1.87,101.9,FALSE,FALSE
Whittlesea City,Metro Melbourne,2006,House,1828,282492,302164,3.48,105.4,FALSE,FALSE
Whittlesea City,Metro Melbourne,2007,House,2237,305000,320749,7.97,113.8,FALSE,FALSE
Whittlesea City,Metro Melbourne,2008,House,2282,326725,335524,7.12,121.9,FALSE,FALSE
Whittlesea City,Metro Melbourne,2009,House,2805,357000,366015,9.27,133.2,FALSE,FALSE
Whittlesea City,Metro Melbourne,2010,House,2438,405000,419154,13.45,151.1,FALSE,FALSE
Whittlesea City,Metro Melbourne,2011,House,2175,410000,423443,1.23,153,FALSE,FALSE
Whittlesea City,Metro Melbourne,2012,House,2118,395000,414828,-3.66,147.4,FALSE,FALSE
Whittlesea City,Metro Melbourne,2013,House,2533,396000,418933,0.25,147.8,FALSE,FALSE
Whittlesea City,Metro Melbourne,2014,House,2660,412500,437754,4.17,153.9,FALSE,FALSE
Whittlesea City,Metro Melbourne,2015,House,3168,440000,467984,6.67,164.2,FALSE,FALSE
Whittlesea City,Metro Melbourne,2016,House,3115,483000,507492,9.77,180.2,FALSE,FALSE
Whittlesea City,Metro Melbourne,2017,House,3380,585000,598200,21.12,218.3,FALSE,FALSE
Whittlesea City,Metro Melbourne,2018,House,2783,610000,629448,4.27,227.6,FALSE,FALSE
Whittlesea City,Metro Melbourne,2019,House,2700,586500,606640,-3.85,218.8,FALSE,FALSE
Whittlesea City,Metro Melbourne,2020,House,2654,610000,627353,4.01,227.6,FALSE,FALSE
Whittlesea City,Metro Melbourne,2021,House,3935,690000,717317,13.11,257.5,FALSE,FALSE
Whittlesea City,Metro Melbourne,2022,House,3341,710000,754017,2.9,264.9,FALSE,FALSE
Whittlesea City,Metro Melbourne,2023,House,3382,700000,733102,-1.41,261.2,FALSE,FALSE
Whittlesea City,Metro Melbourne,2024,House,3942,710000,743675,1.43,264.9,FALSE,FALSE
Whittlesea City,Metro Melbourne,2025,House,470,700000,713133,-1.41,261.2,FALSE,TRUE
Whittlesea City,Metro Melbourne,2004,Unit/Apartment,308,230000,227462,,100,FALSE,FALSE
Whittlesea City,Metro Melbourne,2005,Unit/Apartment,317,234000,234943,1.74,101.7,FALSE,FALSE
Whittlesea City,Metro Melbourne,2006,Unit/Apartment,352,245000,254504,4.7,106.5,FALSE,FALSE
Whittlesea City,Metro Melbourne,2007,Unit/Apartment,565,261000,278981,6.53,113.5,FALSE,FALSE
Whittlesea City,Metro Melbourne,2008,Unit/Apartment,456,275000,278273,5.36,119.6,FALSE,FALSE
Whittlesea City,Metro Melbourne,2009,Unit/Apartment,630,309000,320679,12.36,134.3,FALSE,FALSE
Whittlesea City,Metro Melbourne,2010,Unit/Apartment,587,325000,332763,5.18,141.3,FALSE,FALSE
Whittlesea City,Metro Melbourne,2011,Unit/Apartment,614,332750,345810,2.38,144.7,FALSE,FALSE
Whittlesea City,Metro Melbourne,2012,Unit/Apartment,557,315000,324527,-5.33,137,FALSE,FALSE
Whittlesea City,Metro Melbourne,2013,Unit/Apartment,620,330000,341649,4.76,143.5,FALSE,FALSE
Whittlesea City,Metro Melbourne,2014,Unit/Apartment,773,339500,342401,2.88,147.6,FALSE,FALSE
Whittlesea City,Metro Melbourne,2015,Unit/Apartment,794,349900,353380,3.06,152.1,FALSE,FALSE
Whittlesea City,Metro Melbourne,2016,Unit/Apartment,863,369000,375274,5.46,160.4,FALSE,FALSE
Whittlesea City,Metro Melbourne,2017,Unit/Apartment,778,410000,411481,11.11,178.3,FALSE,FALSE
Whittlesea City,Metro Melbourne,2018,Unit/Apartment,583,432500,434152,5.49,188,FALSE,FALSE
Whittlesea City,Metro Melbourne,2019,Unit/Apartment,422,417500,428180,-3.47,181.5,FALSE,FALSE
Whittlesea City,Metro Melbourne,2020,Unit/Apartment,450,440000,447566,5.39,191.3,FALSE,FALSE
Whittlesea City,Metro Melbourne,2021,Unit/Apartment,784,479500,490062,8.98,208.5,FALSE,FALSE
Whittlesea City,Metro Melbourne,2022,Unit/Apartment,587,495000,522882,3.23,215.2,FALSE,FALSE
Whittlesea City,Metro Melbourne,2023,Unit/Apartment,621,485000,492703,-2.02,210.9,FALSE,FALSE
Whittlesea City,Metro Melbourne,2024,Unit/Apartment,789,500000,506664,3.09,217.4,FALSE,FALSE
Whittlesea City,Metro Melbourne,2025,Unit/Apartment,93,490000,499041,-2,213,FALSE,TRUE
Whittlesea City,Metro Melbourne,2004,Vacant Land,942,160000,160125,,100,FALSE,FALSE
Whittlesea City,Metro Melbourne,2005,Vacant Land,1218,157250,158242,-1.72,98.3,FALSE,FALSE
Whittlesea City,Metro Melbourne,2006,Vacant Land,1504,150000,151725,-4.61,93.8,FALSE,FALSE
Whittlesea City,Metro Melbourne,2007,Vacant Land,2563,148000,152292,-1.33,92.5,FALSE,FALSE
Whittlesea City,Metro Melbourne,2008,Vacant Land,2433,160000,166226,8.11,100,FALSE,FALSE
Whittlesea City,Metro Melbourne,2009,Vacant Land,3974,167000,174274,4.37,104.4,FALSE,FALSE
Whittlesea City,Metro Melbourne,2010,Vacant Land,3838,194500,202114,16.47,121.6,FALSE,FALSE
Whittlesea City,Metro Melbourne,2011,Vacant Land,2339,205000,211729,5.4,128.1,FALSE,FALSE
Whittlesea City,Metro Melbourne,2012,Vacant Land,1765,201500,205788,-1.71,125.9,FALSE,FALSE
Whittlesea City,Metro Melbourne,2013,Vacant Land,1997,194000,203250,-3.72,121.2,FALSE,FALSE
Whittlesea City,Metro Melbourne,2014,Vacant Land,2545,194000,213177,0,121.2,FALSE,FALSE
Whittlesea City,Metro Melbourne,2015,Vacant Land,2446,203000,211770,4.64,126.9,FALSE,FALSE
Whittlesea City,Metro Melbourne,2016,Vacant Land,2988,221000,229700,8.87,138.1,FALSE,FALSE
Whittlesea City,Metro Melbourne,2017,Vacant Land,3312,255250,267903,15.5,159.5,FALSE,FALSE
Whittlesea City,Metro Melbourne,2018,Vacant Land,1732,318000,322497,24.58,198.8,FALSE,FALSE
Whittlesea City,Metro Melbourne,2019,Vacant Land,1225,300000,311014,-5.66,187.5,FALSE,FALSE
Whittlesea City,Metro Melbourne,2020,Vacant Land,2656,300000,305393,0,187.5,FALSE,FALSE
Whittlesea City,Metro Melbourne,2021,Vacant Land,4509,315000,321008,5,196.9,FALSE,FALSE
Whittlesea City,Metro Melbourne,2022,Vacant Land,1712,350000,358701,11.11,218.8,FALSE,FALSE
Whittlesea City,Metro Melbourne,2023,Vacant Land,1011,347000,379538,-0.86,216.9,FALSE,FALSE
Whittlesea City,Metro Melbourne,2024,Vacant Land,951,354000,356453,2.02,221.2,FALSE,FALSE
Whittlesea City,Metro Melbourne,2025,Vacant Land,79,374000,406136,5.65,233.8,FALSE,TRUE
Wodonga City,Regional Victoria,2004,House,653,233000,245093,,100,FALSE,FALSE
Wodonga City,Regional Victoria,2005,House,668,240000,259095,3,103,FALSE,FALSE
Wodonga City,Regional Victoria,2006,House,643,258000,273366,7.5,110.7,FALSE,FALSE
Wodonga City,Regional Victoria,2007,House,680,257000,283519,-0.39,110.3,FALSE,FALSE
Wodonga City,Regional Victoria,2008,House,540,260000,276297,1.17,111.6,FALSE,FALSE
Wodonga City,Regional Victoria,2009,House,618,255500,276317,-1.73,109.7,FALSE,FALSE
Wodonga City,Regional Victoria,2010,House,481,278000,292652,8.81,119.3,FALSE,FALSE
Wodonga City,Regional Victoria,2011,House,519,284000,295742,2.16,121.9,FALSE,FALSE
Wodonga City,Regional Victoria,2012,House,543,269000,285280,-5.28,115.5,FALSE,FALSE
Wodonga City,Regional Victoria,2013,House,653,285000,299602,5.95,122.3,FALSE,FALSE
Wodonga City,Regional Victoria,2014,House,681,305000,312846,7.02,130.9,FALSE,FALSE
Wodonga City,Regional Victoria,2015,House,686,310000,319355,1.64,133,FALSE,FALSE
Wodonga City,Regional Victoria,2016,House,636,320000,330405,3.23,137.3,FALSE,FALSE
Wodonga City,Regional Victoria,2017,House,736,340000,349267,6.25,145.9,FALSE,FALSE
Wodonga City,Regional Victoria,2018,House,714,350000,360243,2.94,150.2,FALSE,FALSE
Wodonga City,Regional Victoria,2019,House,643,352000,371251,0.57,151.1,FALSE,FALSE
Wodonga City,Regional Victoria,2020,House,741,372000,397137,5.68,159.7,FALSE,FALSE
Wodonga City,Regional Victoria,2021,House,916,448000,477667,20.43,192.3,FALSE,FALSE
Wodonga City,Regional Victoria,2022,House,723,533190,564944,19.02,228.8,FALSE,FALSE
Wodonga City,Regional Victoria,2023,House,631,560000,580570,5.03,240.3,FALSE,FALSE
Wodonga City,Regional Victoria,2024,House,763,575000,583604,2.68,246.8,FALSE,FALSE
Wodonga City,Regional Victoria,2025,House,132,600000,618719,4.35,257.5,FALSE,TRUE
Wodonga City,Regional Victoria,2004,Unit/Apartment,133,159000,170182,,100,FALSE,FALSE
Wodonga City,Regional Victoria,2005,Unit/Apartment,145,172000,182952,8.18,108.2,FALSE,FALSE
Wodonga City,Regional Victoria,2006,Unit/Apartment,137,177000,188142,2.91,111.3,FALSE,FALSE
Wodonga City,Regional Victoria,2007,Unit/Apartment,160,182875,196415,3.32,115,FALSE,FALSE
Wodonga City,Regional Victoria,2008,Unit/Apartment,122,178000,184527,-2.67,111.9,FALSE,FALSE
Wodonga City,Regional Victoria,2009,Unit/Apartment,143,180000,189405,1.12,113.2,FALSE,FALSE
Wodonga City,Regional Victoria,2010,Unit/Apartment,121,186500,209531,3.61,117.3,FALSE,FALSE
Wodonga City,Regional Victoria,2011,Unit/Apartment,96,189875,194353,1.81,119.4,FALSE,FALSE
Wodonga City,Regional Victoria,2012,Unit/Apartment,115,188000,193376,-0.99,118.2,FALSE,FALSE
Wodonga City,Regional Victoria,2013,Unit/Apartment,121,188000,199192,0,118.2,FALSE,FALSE
Wodonga City,Regional Victoria,2014,Unit/Apartment,128,195500,207558,3.99,123,FALSE,FALSE
Wodonga City,Regional Victoria,2015,Unit/Apartment,146,190000,197905,-2.81,119.5,FALSE,FALSE
Wodonga City,Regional Victoria,2016,Unit/Apartment,126,205000,221986,7.89,128.9,FALSE,FALSE
Wodonga City,Regional Victoria,2017,Unit/Apartment,103,215000,225150,4.88,135.2,FALSE,FALSE
Wodonga City,Regional Victoria,2018,Unit/Apartment,122,215000,221177,0,135.2,FALSE,FALSE
Wodonga City,Regional Victoria,2019,Unit/Apartment,118,229000,239795,6.51,144,FALSE,FALSE
Wodonga City,Regional Victoria,2020,Unit/Apartment,125,220000,230308,-3.93,138.4,FALSE,FALSE
Wodonga City,Regional Victoria,2021,Unit/Apartment,163,285000,293237,29.55,179.2,FALSE,FALSE
Wodonga City,Regional Victoria,2022,Unit/Apartment,123,330000,326482,15.79,207.5,FALSE,FALSE
Wodonga City,Regional Victoria,2023,Unit/Apartment,128,355000,372723,7.58,223.3,FALSE,FALSE
Wodonga City,Regional Victoria,2024,Unit/Apartment,144,374750,396351,5.56,235.7,FALSE,FALSE
Wodonga City,Regional Victoria,2025,Unit/Apartment,22,383750,386409,2.4,241.4,FALSE,TRUE
Wodonga City,Regional Victoria,2004,Vacant Land,97,120000,117631,,100,FALSE,FALSE
Wodonga City,Regional Victoria,2005,Vacant Land,169,117500,121023,-2.08,97.9,FALSE,FALSE
Wodonga City,Regional Victoria,2006,Vacant Land,176,116500,120991,-0.85,97.1,FALSE,FALSE
Wodonga City,Regional Victoria,2007,Vacant Land,181,125000,129041,7.3,104.2,FALSE,FALSE
Wodonga City,Regional Victoria,2008,Vacant Land,157,120000,125654,-4,100,FALSE,FALSE
Wodonga City,Regional Victoria,2009,Vacant Land,430,109625,111451,-8.65,91.4,FALSE,FALSE
Wodonga City,Regional Victoria,2010,Vacant Land,272,111825,118156,2.01,93.2,FALSE,FALSE
Wodonga City,Regional Victoria,2011,Vacant Land,264,110000,117066,-1.63,91.7,FALSE,FALSE
Wodonga City,Regional Victoria,2012,Vacant Land,245,112500,117101,2.27,93.8,FALSE,FALSE
Wodonga City,Regional Victoria,2013,Vacant Land,295,117000,124396,4,97.5,FALSE,FALSE
Wodonga City,Regional Victoria,2014,Vacant Land,373,118000,120835,0.85,98.3,FALSE,FALSE
Wodonga City,Regional Victoria,2015,Vacant Land,331,128000,133925,8.47,106.7,FALSE,FALSE
Wodonga City,Regional Victoria,2016,Vacant Land,358,135000,144902,5.47,112.5,FALSE,FALSE
Wodonga City,Regional Victoria,2017,Vacant Land,419,140000,146334,3.7,116.7,FALSE,FALSE
Wodonga City,Regional Victoria,2018,Vacant Land,327,145000,157933,3.57,120.8,FALSE,FALSE
Wodonga City,Regional Victoria,2019,Vacant Land,321,148000,161369,2.07,123.3,FALSE,FALSE
Wodonga City,Regional Victoria,2020,Vacant Land,603,146000,166277,-1.35,121.7,FALSE,FALSE
Wodonga City,Regional Victoria,2021,Vacant Land,425,175000,197598,19.86,145.8,FALSE,FALSE
Wodonga City,Regional Victoria,2022,Vacant Land,220,225000,228415,28.57,187.5,FALSE,FALSE
Wodonga City,Regional Victoria,2023,Vacant Land,270,225000,252935,0,187.5,FALSE,FALSE
Wodonga City,Regional Victoria,2024,Vacant Land,330,220000,224396,-2.22,183.3,FALSE,FALSE
Wodonga City,Regional Victoria,2025,Vacant Land,32,232500,291296,5.68,193.8,FALSE,TRUE
Wyndham City,Metro Melbourne,2004,House,2170,231000,253005,,100,FALSE,FALSE
Wyndham City,Metro Melbourne,2005,House,2291,240000,260623,3.9,103.9,FALSE,FALSE
Wyndham City,Metro Melbourne,2006,House,2142,259000,276161,7.92,112.1,FALSE,FALSE
Wyndham City,Metro Melbourne,2007,House,3001,269000,294272,3.86,116.5,FALSE,FALSE
Wyndham City,Metro Melbourne,2008,House,2735,282000,308761,4.83,122.1,FALSE,FALSE
Wyndham City,Metro Melbourne,2009,House,3299,309000,329327,9.57,133.8,FALSE,FALSE
Wyndham City,Metro Melbourne,2010,House,3496,350000,384000,13.27,151.5,FALSE,FALSE
Wyndham City,Metro Melbourne,2011,House,3014,360000,393903,2.86,155.8,FALSE,FALSE
Wyndham City,Metro Melbourne,2012,House,2805,353500,380339,-1.81,153,FALSE,FALSE
Wyndham City,Metro Melbourne,2013,House,3000,369000,390914,4.38,159.7,FALSE,FALSE
Wyndham City,Metro Melbourne,2014,House,3458,380000,406483,2.98,164.5,FALSE,FALSE
Wyndham City,Metro Melbourne,2015,House,4448,400000,430420,5.26,173.2,FALSE,FALSE
Wyndham City,Metro Melbourne,2016,House,4611,440000,469642,10,190.5,FALSE,FALSE
Wyndham City,Metro Melbourne,2017,House,5106,520000,545648,18.18,225.1,FALSE,FALSE
Wyndham City,Metro Melbourne,2018,House,3960,565000,587115,8.65,244.6,FALSE,FALSE
Wyndham City,Metro Melbourne,2019,House,3712,558450,579316,-1.16,241.8,FALSE,FALSE
Wyndham City,Metro Melbourne,2020,House,3518,577250,599099,3.37,249.9,FALSE,FALSE
Wyndham City,Metro Melbourne,2021,House,6113,620000,654035,7.41,268.4,FALSE,FALSE
Wyndham City,Metro Melbourne,2022,House,5302,655000,703408,5.65,283.5,FALSE,FALSE
Wyndham City,Metro Melbourne,2023,House,5183,656000,695802,0.15,284,FALSE,FALSE
Wyndham City,Metro Melbourne,2024,House,6158,660000,699323,0.61,285.7,FALSE,FALSE
Wyndham City,Metro Melbourne,2025,House,895,650000,681095,-1.52,281.4,FALSE,TRUE
Wyndham City,Metro Melbourne,2004,Unit/Apartment,292,195500,212739,,100,FALSE,FALSE
Wyndham City,Metro Melbourne,2005,Unit/Apartment,310,210000,234435,7.42,107.4,FALSE,FALSE
Wyndham City,Metro Melbourne,2006,Unit/Apartment,432,210000,218141,0,107.4,FALSE,FALSE
Wyndham City,Metro Melbourne,2007,Unit/Apartment,555,217000,236236,3.33,111,FALSE,FALSE
Wyndham City,Metro Melbourne,2008,Unit/Apartment,565,232000,241768,6.91,118.7,FALSE,FALSE
Wyndham City,Metro Melbourne,2009,Unit/Apartment,870,255000,257580,9.91,130.4,FALSE,FALSE
Wyndham City,Metro Melbourne,2010,Unit/Apartment,685,287000,307381,12.55,146.8,FALSE,FALSE
Wyndham City,Metro Melbourne,2011,Unit/Apartment,495,290000,291541,1.05,148.3,FALSE,FALSE
Wyndham City,Metro Melbourne,2012,Unit/Apartment,439,277000,283673,-4.48,141.7,FALSE,FALSE
Wyndham City,Metro Melbourne,2013,Unit/Apartment,519,278000,290164,0.36,142.2,FALSE,FALSE
Wyndham City,Metro Melbourne,2014,Unit/Apartment,592,295000,320041,6.12,150.9,FALSE,FALSE
Wyndham City,Metro Melbourne,2015,Unit/Apartment,725,312000,330371,5.76,159.6,FALSE,FALSE
Wyndham City,Metro Melbourne,2016,Unit/Apartment,932,335000,350527,7.37,171.4,FALSE,FALSE
Wyndham City,Metro Melbourne,2017,Unit/Apartment,1000,378500,379634,12.99,193.6,FALSE,FALSE
Wyndham City,Metro Melbourne,2018,Unit/Apartment,590,405000,413422,7,207.2,FALSE,FALSE
Wyndham City,Metro Melbourne,2019,Unit/Apartment,442,410750,421821,1.42,210.1,FALSE,FALSE
Wyndham City,Metro Melbourne,2020,Unit/Apartment,399,426008,447702,3.71,217.9,FALSE,FALSE
Wyndham City,Metro Melbourne,2021,Unit/Apartment,698,432000,445292,1.41,221,FALSE,FALSE
Wyndham City,Metro Melbourne,2022,Unit/Apartment,645,455000,472039,5.32,232.7,FALSE,FALSE
Wyndham City,Metro Melbourne,2023,Unit/Apartment,594,470000,480549,3.3,240.4,FALSE,FALSE
Wyndham City,Metro Melbourne,2024,Unit/Apartment,655,465000,478316,-1.06,237.9,FALSE,FALSE
Wyndham City,Metro Melbourne,2025,Unit/Apartment,86,472500,483865,1.61,241.7,FALSE,TRUE
Wyndham City,Metro Melbourne,2004,Vacant Land,2228,125000,132391,,100,FALSE,FALSE
Wyndham City,Metro Melbourne,2005,Vacant Land,2469,125000,131671,0,100,FALSE,FALSE
Wyndham City,Metro Melbourne,2006,Vacant Land,2995,128000,136324,2.4,102.4,FALSE,FALSE
Wyndham City,Metro Melbourne,2007,Vacant Land,4676,135000,143858,5.47,108,FALSE,FALSE
Wyndham City,Metro Melbourne,2008,Vacant Land,4115,145000,155949,7.41,116,FALSE,FALSE
Wyndham City,Metro Melbourne,2009,Vacant Land,6299,160000,168442,10.34,128,FALSE,FALSE
Wyndham City,Metro Melbourne,2010,Vacant Land,4954,190000,205526,18.75,152,FALSE,FALSE
Wyndham City,Metro Melbourne,2011,Vacant Land,2391,220000,229302,15.79,176,FALSE,FALSE
Wyndham City,Metro Melbourne,2012,Vacant Land,1672,220000,226751,0,176,FALSE,FALSE
Wyndham City,Metro Melbourne,2013,Vacant Land,2448,212250,225258,-3.52,169.8,FALSE,FALSE
Wyndham City,Metro Melbourne,2014,Vacant Land,3309,215000,225903,1.3,172,FALSE,FALSE
Wyndham City,Metro Melbourne,2015,Vacant Land,5118,224000,234005,4.19,179.2,FALSE,FALSE
Wyndham City,Metro Melbourne,2016,Vacant Land,6322,234000,246716,4.46,187.2,FALSE,FALSE
Wyndham City,Metro Melbourne,2017,Vacant Land,7877,275000,280141,17.52,220,FALSE,FALSE
Wyndham City,Metro Melbourne,2018,Vacant Land,4374,311500,317722,13.27,249.2,FALSE,FALSE
Wyndham City,Metro Melbourne,2019,Vacant Land,2509,310000,316970,-0.48,248,FALSE,FALSE
Wyndham City,Metro Melbourne,2020,Vacant Land,4229,305900,306919,-1.32,244.7,FALSE,FALSE
Wyndham City,Metro Melbourne,2021,Vacant Land,7352,322000,325929,5.26,257.6,FALSE,FALSE
Wyndham City,Metro Melbourne,2022,Vacant Land,3687,350000,353466,8.7,280,FALSE,FALSE
Wyndham City,Metro Melbourne,2023,Vacant Land,1629,350000,361374,0,280,FALSE,FALSE
Wyndham City,Metro Melbourne,2024,Vacant Land,2054,335000,342299,-4.29,268,FALSE,FALSE
Wyndham City,Metro Melbourne,2025,Vacant Land,153,365000,379019,8.96,292,FALSE,TRUE
Yarra City,Metro Melbourne,2004,House,1075,480000,525313,,100,FALSE,FALSE
Yarra City,Metro Melbourne,2005,House,1127,495000,544166,3.12,103.1,FALSE,FALSE
Yarra City,Metro Melbourne,2006,House,1064,541500,595578,9.39,112.8,FALSE,FALSE
Yarra City,Metro Melbourne,2007,House,1102,680000,775674,25.58,141.7,FALSE,FALSE
Yarra City,Metro Melbourne,2008,House,845,680000,766831,0,141.7,FALSE,FALSE
Yarra City,Metro Melbourne,2009,House,936,730000,813320,7.35,152.1,FALSE,FALSE
Yarra City,Metro Melbourne,2010,House,920,841750,959074,15.31,175.4,FALSE,FALSE
Yarra City,Metro Melbourne,2011,House,864,824500,932986,-2.05,171.8,FALSE,FALSE
Yarra City,Metro Melbourne,2012,House,870,815500,962681,-1.09,169.9,FALSE,FALSE
Yarra City,Metro Melbourne,2013,House,881,881000,1003015,8.03,183.5,FALSE,FALSE
Yarra City,Metro Melbourne,2014,House,916,970000,1114504,10.1,202.1,FALSE,FALSE
Yarra City,Metro Melbourne,2015,House,845,1110000,1226794,14.43,231.2,FALSE,FALSE
Yarra City,Metro Melbourne,2016,House,825,1250000,1398673,12.61,260.4,FALSE,FALSE
Yarra City,Metro Melbourne,2017,House,811,1371000,1544979,9.68,285.6,FALSE,FALSE
Yarra City,Metro Melbourne,2018,House,708,1350000,1515565,-1.53,281.2,FALSE,FALSE
Yarra City,Metro Melbourne,2019,House,697,1316335,1431366,-2.49,274.2,FALSE,FALSE
Yarra City,Metro Melbourne,2020,House,647,1405000,1574189,6.74,292.7,FALSE,FALSE
Yarra City,Metro Melbourne,2021,House,1102,1570000,1795801,11.74,327.1,FALSE,FALSE
Yarra City,Metro Melbourne,2022,House,871,1505260,1723305,-4.12,313.6,FALSE,FALSE
Yarra City,Metro Melbourne,2023,House,808,1455500,1660130,-3.31,303.2,FALSE,FALSE
Yarra City,Metro Melbourne,2024,House,901,1450000,1641527,-0.38,302.1,FALSE,FALSE
Yarra City,Metro Melbourne,2025,House,68,1308250,1475463,-9.78,272.6,FALSE,TRUE
Yarra City,Metro Melbourne,2004,Unit/Apartment,956,345625,377359,,100,FALSE,FALSE
Yarra City,Metro Melbourne,2005,Unit/Apartment,967,360000,384887,4.16,104.2,FALSE,FALSE
Yarra City,Metro Melbourne,2006,Unit/Apartment,1012,378000,405928,5,109.4,FALSE,FALSE
Yarra City,Metro Melbourne,2007,Unit/Apartment,1332,411500,450622,8.86,119.1,FALSE,FALSE
Yarra City,Metro Melbourne,2008,Unit/Apartment,1071,440188,475821,6.97,127.4,FALSE,FALSE
Yarra City,Metro Melbourne,2009,Unit/Apartment,1713,485000,525818,10.18,140.3,FALSE,FALSE
Yarra City,Metro Melbourne,2010,Unit/Apartment,1782,511000,555098,5.36,147.8,FALSE,FALSE
Yarra City,Metro Melbourne,2011,Unit/Apartment,1456,540000,595504,5.68,156.2,FALSE,FALSE
Yarra City,Metro Melbourne,2012,Unit/Apartment,1429,535000,573844,-0.93,154.8,FALSE,FALSE
Yarra City,Metro Melbourne,2013,Unit/Apartment,2126,535000,588340,0,154.8,FALSE,FALSE
Yarra City,Metro Melbourne,2014,Unit/Apartment,2218,570000,604649,6.54,164.9,FALSE,FALSE
Yarra City,Metro Melbourne,2015,Unit/Apartment,2172,570000,623265,0,164.9,FALSE,FALSE
Yarra City,Metro Melbourne,2016,Unit/Apartment,2004,582250,655558,2.15,168.5,FALSE,FALSE
Yarra City,Metro Melbourne,2017,Unit/Apartment,2164,615000,710160,5.62,177.9,FALSE,FALSE
Yarra City,Metro Melbourne,2018,Unit/Apartment,1684,640500,706776,4.15,185.3,FALSE,FALSE
Yarra City,Metro Melbourne,2019,Unit/Apartment,1256,625500,759053,-2.34,181,FALSE,FALSE
Yarra City,Metro Melbourne,2020,Unit/Apartment,1129,631000,719292,0.88,182.6,FALSE,FALSE
Yarra City,Metro Melbourne,2021,Unit/Apartment,1737,680000,817273,7.77,196.7,FALSE,FALSE
Yarra City,Metro Melbourne,2022,Unit/Apartment,1356,660000,797839,-2.94,191,FALSE,FALSE
Yarra City,Metro Melbourne,2023,Unit/Apartment,1453,631000,737636,-4.39,182.6,FALSE,FALSE
Yarra City,Metro Melbourne,2024,Unit/Apartment,1722,600000,719056,-4.91,173.6,FALSE,FALSE
Yarra City,Metro Melbourne,2025,Unit/Apartment,208,608750,687060,1.46,176.1,FALSE,TRUE
Yarra City,Metro Melbourne,2004,Vacant Land,1,51000,51000,,100,FALSE,FALSE
Yarra City,Metro Melbourne,2005,Vacant Land,3,295000,213268,478.43,578.4,FALSE,FALSE
Yarra City,Metro Melbourne,2006,Vacant Land,9,287763,286001,-2.45,564.2,FALSE,FALSE
Yarra City,Metro Melbourne,2007,Vacant Land,10,265000,258075,-7.91,519.6,FALSE,FALSE
Yarra City,Metro Melbourne,2008,Vacant Land,6,177500,201833,-33.02,348,FALSE,FALSE
Yarra City,Metro Melbourne,2009,Vacant Land,0,0,0,-100,0,FALSE,FALSE
Yarra City,Metro Melbourne,2010,Vacant Land,2,322000,322000,inf,631.4,FALSE,FALSE
Yarra City,Metro Melbourne,2011,Vacant Land,0,0,0,-100,0,FALSE,FALSE
Yarra City,Metro Melbourne,2012,Vacant Land,0,0,0,,0,FALSE,FALSE
Yarra City,Metro Melbourne,2013,Vacant Land,2,957500,957500,inf,1877.5,FALSE,FALSE
Yarra City,Metro Melbourne,2014,Vacant Land,0,0,0,-100,0,FALSE,FALSE
Yarra City,Metro Melbourne,2015,Vacant Land,3,1250000,1025333,inf,2451,FALSE,FALSE
Yarra City,Metro Melbourne,2016,Vacant Land,8,860750,759033,-31.14,1687.7,FALSE,FALSE
Yarra City,Metro Melbourne,2017,Vacant Land,3,755000,1551666,-12.29,1480.4,FALSE,FALSE
Yarra City,Metro Melbourne,2018,Vacant Land,3,1021200,922300,35.26,2002.4,FALSE,FALSE
Yarra City,Metro Melbourne,2019,Vacant Land,2,833500,833500,-18.38,1634.3,FALSE,FALSE
Yarra City,Metro Melbourne,2020,Vacant Land,2,642250,642250,-22.95,1259.3,FALSE,FALSE
Yarra City,Metro Melbourne,2021,Vacant Land,3,750000,757500,16.78,1470.6,FALSE,FALSE
Yarra City,Metro Melbourne,2022,Vacant Land,4,1470000,1337125,96,2882.4,FALSE,FALSE
Yarra City,Metro Melbourne,2023,Vacant Land,4,1730500,1395500,17.72,3393.1,FALSE,FALSE
Yarra City,Metro Melbourne,2024,Vacant Land,6,772500,1031666,-55.36,1514.7,FALSE,FALSE
Yarra City,Metro Melbourne,2025,Vacant Land,0,0,0,-100,0,FALSE,TRUE
Yarra Ranges Shire,Metro Melbourne,2004,House,2536,255000,271919,,100,FALSE,FALSE
Yarra Ranges Shire,Metro Melbourne,2005,House,2517,267000,283838,4.71,104.7,FALSE,FALSE
Yarra Ranges Shire,Metro Melbourne,2006,House,2357,280000,298675,4.87,109.8,FALSE,FALSE
Yarra Ranges Shire,Metro Melbourne,2007,House,2763,310000,328158,10.71,121.6,FALSE,FALSE
Yarra Ranges Shire,Metro Melbourne,2008,House,2215,336000,350940,8.39,131.8,FALSE,FALSE
Yarra Ranges Shire,Metro Melbourne,2009,House,2403,360000,370103,7.14,141.2,FALSE,FALSE
Yarra Ranges Shire,Metro Melbourne,2010,House,2307,416000,432849,15.56,163.1,FALSE,FALSE
Yarra Ranges Shire,Metro Melbourne,2011,House,2084,417750,429658,0.42,163.8,FALSE,FALSE
Yarra Ranges Shire,Metro Melbourne,2012,House,2066,405000,417622,-3.05,158.8,FALSE,FALSE
Yarra Ranges Shire,Metro Melbourne,2013,House,2207,425000,442296,4.94,166.7,FALSE,FALSE
Yarra Ranges Shire,Metro Melbourne,2014,House,2435,448000,464562,5.41,175.7,FALSE,FALSE
Yarra Ranges Shire,Metro Melbourne,2015,House,2532,505000,520397,12.72,198,FALSE,FALSE
Yarra Ranges Shire,Metro Melbourne,2016,House,2283,563000,574788,11.49,220.8,FALSE,FALSE
Yarra Ranges Shire,Metro Melbourne,2017,House,2342,660005,667758,17.23,258.8,FALSE,FALSE
Yarra Ranges Shire,Metro Melbourne,2018,House,2064,675000,695690,2.27,264.7,FALSE,FALSE
Yarra Ranges Shire,Metro Melbourne,2019,House,1974,650000,665250,-3.7,254.9,FALSE,FALSE
Yarra Ranges Shire,Metro Melbourne,2020,House,1812,690000,715110,6.15,270.6,FALSE,FALSE
Yarra Ranges Shire,Metro Melbourne,2021,House,2365,810000,848363,17.39,317.6,FALSE,FALSE
Yarra Ranges Shire,Metro Melbourne,2022,House,1880,840000,885059,3.7,329.4,FALSE,FALSE
Yarra Ranges Shire,Metro Melbourne,2023,House,1829,820000,855108,-2.38,321.6,FALSE,FALSE
Yarra Ranges Shire,Metro Melbourne,2024,House,1918,825000,882656,0.61,323.5,FALSE,FALSE
Yarra Ranges Shire,Metro Melbourne,2025,House,245,810000,842051,-1.82,317.6,FALSE,TRUE
Yarra Ranges Shire,Metro Melbourne,2004,Unit/Apartment,319,217000,233457,,100,FALSE,FALSE
Yarra Ranges Shire,Metro Melbourne,2005,Unit/Apartment,362,222250,228691,2.42,102.4,FALSE,FALSE
Yarra Ranges Shire,Metro Melbourne,2006,Unit/Apartment,348,230000,233681,3.49,106,FALSE,FALSE
Yarra Ranges Shire,Metro Melbourne,2007,Unit/Apartment,504,255000,259472,10.87,117.5,FALSE,FALSE
Yarra Ranges Shire,Metro Melbourne,2008,Unit/Apartment,404,289000,288475,13.33,133.2,FALSE,FALSE
Yarra Ranges Shire,Metro Melbourne,2009,Unit/Apartment,529,310000,308784,7.27,142.9,FALSE,FALSE
Yarra Ranges Shire,Metro Melbourne,2010,Unit/Apartment,446,338475,333223,9.19,156,FALSE,FALSE
Yarra Ranges Shire,Metro Melbourne,2011,Unit/Apartment,348,364000,357931,7.54,167.7,FALSE,FALSE
Yarra Ranges Shire,Metro Melbourne,2012,Unit/Apartment,343,345000,341103,-5.22,159,FALSE,FALSE
Yarra Ranges Shire,Metro Melbourne,2013,Unit/Apartment,382,355000,346729,2.9,163.6,FALSE,FALSE
Yarra Ranges Shire,Metro Melbourne,2014,Unit/Apartment,494,385000,379532,8.45,177.4,FALSE,FALSE
Yarra Ranges Shire,Metro Melbourne,2015,Unit/Apartment,525,410000,411664,6.49,188.9,FALSE,FALSE
Yarra Ranges Shire,Metro Melbourne,2016,Unit/Apartment,464,460000,454923,12.2,212,FALSE,FALSE
Yarra Ranges Shire,Metro Melbourne,2017,Unit/Apartment,458,516250,516145,12.23,237.9,FALSE,FALSE
Yarra Ranges Shire,Metro Melbourne,2018,Unit/Apartment,357,550000,539948,6.54,253.5,FALSE,FALSE
Yarra Ranges Shire,Metro Melbourne,2019,Unit/Apartment,368,545000,531128,-0.91,251.2,FALSE,FALSE
Yarra Ranges Shire,Metro Melbourne,2020,Unit/Apartment,456,581000,570669,6.61,267.7,FALSE,FALSE
Yarra Ranges Shire,Metro Melbourne,2021,Unit/Apartment,639,634000,622915,9.12,292.2,FALSE,FALSE
Yarra Ranges Shire,Metro Melbourne,2022,Unit/Apartment,499,660000,656902,4.1,304.1,FALSE,FALSE
Yarra Ranges Shire,Metro Melbourne,2023,Unit/Apartment,444,654500,648710,-0.83,301.6,FALSE,FALSE
Yarra Ranges Shire,Metro Melbourne,2024,Unit/Apartment,563,670000,675050,2.37,308.8,FALSE,FALSE
Yarra Ranges Shire,Metro Melbourne,2025,Unit/Apartment,82,686250,688892,2.43,316.2,FALSE,TRUE
Yarra Ranges Shire,Metro Melbourne,2004,Vacant Land,226,129988,135568,,100,FALSE,FALSE
Yarra Ranges Shire,Metro Melbourne,2005,Vacant Land,239,142000,148994,9.24,109.2,FALSE,FALSE
Yarra Ranges Shire,Metro Melbourne,2006,Vacant Land,290,150000,164940,5.63,115.4,FALSE,FALSE
Yarra Ranges Shire,Metro Melbourne,2007,Vacant Land,330,150000,164577,0,115.4,FALSE,FALSE
Yarra Ranges Shire,Metro Melbourne,2008,Vacant Land,233,160000,166580,6.67,123.1,FALSE,FALSE
Yarra Ranges Shire,Metro Melbourne,2009,Vacant Land,281,161000,175357,0.63,123.9,FALSE,FALSE
Yarra Ranges Shire,Metro Melbourne,2010,Vacant Land,221,175000,192170,8.7,134.6,FALSE,FALSE
Yarra Ranges Shire,Metro Melbourne,2011,Vacant Land,221,190000,198690,8.57,146.2,FALSE,FALSE
Yarra Ranges Shire,Metro Melbourne,2012,Vacant Land,201,195000,208129,2.63,150,FALSE,FALSE
Yarra Ranges Shire,Metro Melbourne,2013,Vacant Land,329,256500,235742,31.54,197.3,FALSE,FALSE
Yarra Ranges Shire,Metro Melbourne,2014,Vacant Land,370,261000,262018,1.75,200.8,FALSE,FALSE
Yarra Ranges Shire,Metro Melbourne,2015,Vacant Land,313,285500,282121,9.39,219.6,FALSE,FALSE
Yarra Ranges Shire,Metro Melbourne,2016,Vacant Land,273,352000,316581,23.29,270.8,FALSE,FALSE
Yarra Ranges Shire,Metro Melbourne,2017,Vacant Land,221,350000,329951,-0.57,269.3,FALSE,FALSE
Yarra Ranges Shire,Metro Melbourne,2018,Vacant Land,159,360000,366794,2.86,276.9,FALSE,FALSE
Yarra Ranges Shire,Metro Melbourne,2019,Vacant Land,205,410000,393856,13.89,315.4,FALSE,FALSE
Yarra Ranges Shire,Metro Melbourne,2020,Vacant Land,294,382500,393757,-6.71,294.3,FALSE,FALSE
Yarra Ranges Shire,Metro Melbourne,2021,Vacant Land,270,485500,471019,26.93,373.5,FALSE,FALSE
Yarra Ranges Shire,Metro Melbourne,2022,Vacant Land,119,470000,466953,-3.19,361.6,FALSE,FALSE
Yarra Ranges Shire,Metro Melbourne,2023,Vacant Land,135,462000,469356,-1.7,355.4,FALSE,FALSE
Yarra Ranges Shire,Metro Melbourne,2024,Vacant Land,108,400000,433647,-13.42,307.7,FALSE,FALSE
Yarra Ranges Shire,Metro Melbourne,2025,Vacant Land,10,346000,363450,-13.5,266.2,FALSE,TRUE
Yarriambiack Shire,Regional Victoria,2004,House,145,63200,70660,,100,FALSE,FALSE
Yarriambiack Shire,Regional Victoria,2005,House,140,65000,76509,2.85,102.8,FALSE,FALSE
Yarriambiack Shire,Regional Victoria,2006,House,142,78750,84824,21.15,124.6,FALSE,FALSE
Yarriambiack Shire,Regional Victoria,2007,House,144,75000,86503,-4.76,118.7,FALSE,FALSE
Yarriambiack Shire,Regional Victoria,2008,House,133,80000,91628,6.67,126.6,FALSE,FALSE
Yarriambiack Shire,Regional Victoria,2009,House,121,82000,89533,2.5,129.7,FALSE,FALSE
Yarriambiack Shire,Regional Victoria,2010,House,110,85000,99038,3.66,134.5,FALSE,FALSE
Yarriambiack Shire,Regional Victoria,2011,House,114,100000,109389,17.65,158.2,FALSE,FALSE
Yarriambiack Shire,Regional Victoria,2012,House,132,100000,105117,0,158.2,FALSE,FALSE
Yarriambiack Shire,Regional Victoria,2013,House,130,90000,105512,-10,142.4,FALSE,FALSE
Yarriambiack Shire,Regional Victoria,2014,House,126,105000,112778,16.67,166.1,FALSE,FALSE
Yarriambiack Shire,Regional Victoria,2015,House,129,90000,104928,-14.29,142.4,FALSE,FALSE
Yarriambiack Shire,Regional Victoria,2016,House,135,93000,106858,3.33,147.2,FALSE,FALSE
Yarriambiack Shire,Regional Victoria,2017,House,133,100000,109313,7.53,158.2,FALSE,FALSE
Yarriambiack Shire,Regional Victoria,2018,House,159,102000,116636,2,161.4,FALSE,FALSE
Yarriambiack Shire,Regional Victoria,2019,House,125,108000,120007,5.88,170.9,FALSE,FALSE
Yarriambiack Shire,Regional Victoria,2020,House,149,129000,139153,19.44,204.1,FALSE,FALSE
Yarriambiack Shire,Regional Victoria,2021,House,157,159000,167303,23.26,251.6,FALSE,FALSE
Yarriambiack Shire,Regional Victoria,2022,House,150,200000,216030,25.79,316.5,FALSE,FALSE
Yarriambiack Shire,Regional Victoria,2023,House,99,210000,212571,5,332.3,FALSE,FALSE
Yarriambiack Shire,Regional Victoria,2024,House,136,199500,214684,-5,315.7,FALSE,FALSE
Yarriambiack Shire,Regional Victoria,2025,House,15,200000,224766,0.25,316.5,FALSE,TRUE
Yarriambiack Shire,Regional Victoria,2004,Unit/Apartment,1,105000,105000,,100,FALSE,FALSE
Yarriambiack Shire,Regional Victoria,2005,Unit/Apartment,4,75000,87750,-28.57,71.4,FALSE,FALSE
Yarriambiack Shire,Regional Victoria,2006,Unit/Apartment,0,0,0,-100,0,FALSE,FALSE
Yarriambiack Shire,Regional Victoria,2007,Unit/Apartment,1,30000,30000,inf,28.6,FALSE,FALSE
Yarriambiack Shire,Regional Victoria,2008,Unit/Apartment,3,130000,124666,333.33,123.8,FALSE,FALSE
Yarriambiack Shire,Regional Victoria,2009,Unit/Apartment,4,112500,113562,-13.46,107.1,FALSE,FALSE
Yarriambiack Shire,Regional Victoria,2010,Unit/Apartment,4,144500,153750,28.44,137.6,FALSE,FALSE
Yarriambiack Shire,Regional Victoria,2011,Unit/Apartment,4,182750,187500,26.47,174,FALSE,FALSE
Yarriambiack Shire,Regional Victoria,2012,Unit/Apartment,2,127500,127500,-30.23,121.4,FALSE,FALSE
Yarriambiack Shire,Regional Victoria,2013,Unit/Apartment,1,145000,145000,13.73,138.1,FALSE,FALSE
Yarriambiack Shire,Regional Victoria,2014,Unit/Apartment,0,0,0,-100,0,FALSE,FALSE
Yarriambiack Shire,Regional Victoria,2015,Unit/Apartment,1,135000,135000,inf,128.6,FALSE,FALSE
Yarriambiack Shire,Regional Victoria,2016,Unit/Apartment,3,151000,179833,11.85,143.8,FALSE,FALSE
Yarriambiack Shire,Regional Victoria,2017,Unit/Apartment,2,140750,140750,-6.79,134,FALSE,FALSE
Yarriambiack Shire,Regional Victoria,2018,Unit/Apartment,2,172500,172500,22.56,164.3,FALSE,FALSE
Yarriambiack Shire,Regional Victoria,2019,Unit/Apartment,4,122000,131000,-29.28,116.2,FALSE,FALSE
Yarriambiack Shire,Regional Victoria,2020,Unit/Apartment,1,156000,156000,27.87,148.6,FALSE,FALSE
Yarriambiack Shire,Regional Victoria,2021,Unit/Apartment,0,0,0,-100,0,FALSE,FALSE
Yarriambiack Shire,Regional Victoria,2022,Unit/Apartment,1,285000,285000,inf,271.4,FALSE,FALSE
Yarriambiack Shire,Regional Victoria,2023,Unit/Apartment,0,0,0,-100,0,FALSE,FALSE
Yarriambiack Shire,Regional Victoria,2024,Unit/Apartment,3,210000,209166,inf,200,FALSE,FALSE
Yarriambiack Shire,Regional Victoria,2025,Unit/Apartment,1,235000,235000,11.9,223.8,FALSE,TRUE
Yarriambiack Shire,Regional Victoria,2004,Vacant Land,64,19950,24730,,100,FALSE,FALSE
Yarriambiack Shire,Regional Victoria,2005,Vacant Land,38,14500,25313,-27.32,72.7,FALSE,FALSE
Yarriambiack Shire,Regional Victoria,2006,Vacant Land,39,23000,29894,58.62,115.3,FALSE,FALSE
Yarriambiack Shire,Regional Victoria,2007,Vacant Land,33,31500,37719,36.96,157.9,FALSE,FALSE
Yarriambiack Shire,Regional Victoria,2008,Vacant Land,37,13500,24010,-57.14,67.7,FALSE,FALSE
Yarriambiack Shire,Regional Victoria,2009,Vacant Land,40,9101,23068,-32.59,45.6,FALSE,FALSE
Yarriambiack Shire,Regional Victoria,2010,Vacant Land,38,22750,39718,149.97,114,FALSE,FALSE
Yarriambiack Shire,Regional Victoria,2011,Vacant Land,29,36000,52408,58.24,180.5,FALSE,FALSE
Yarriambiack Shire,Regional Victoria,2012,Vacant Land,35,27000,31267,-25,135.3,FALSE,FALSE
Yarriambiack Shire,Regional Victoria,2013,Vacant Land,17,22000,28576,-18.52,110.3,FALSE,FALSE
Yarriambiack Shire,Regional Victoria,2014,Vacant Land,18,23000,31302,4.55,115.3,FALSE,FALSE
Yarriambiack Shire,Regional Victoria,2015,Vacant Land,17,21000,32617,-8.7,105.3,FALSE,FALSE
Yarriambiack Shire,Regional Victoria,2016,Vacant Land,19,17500,24033,-16.67,87.7,FALSE,FALSE
Yarriambiack Shire,Regional Victoria,2017,Vacant Land,22,16000,25977,-8.57,80.2,FALSE,FALSE
Yarriambiack Shire,Regional Victoria,2018,Vacant Land,27,16500,19445,3.12,82.7,FALSE,FALSE
Yarriambiack Shire,Regional Victoria,2019,Vacant Land,29,16300,27320,-1.21,81.7,FALSE,FALSE
Yarriambiack Shire,Regional Victoria,2020,Vacant Land,27,24000,24738,47.24,120.3,FALSE,FALSE
Yarriambiack Shire,Regional Victoria,2021,Vacant Land,36,26750,39830,11.46,134.1,FALSE,FALSE
Yarriambiack Shire,Regional Victoria,2022,Vacant Land,48,39500,43338,47.66,198,FALSE,FALSE
Yarriambiack Shire,Regional Victoria,2023,Vacant Land,28,35000,39408,-11.39,175.4,FALSE,FALSE
Yarriambiack Shire,Regional Victoria,2024,Vacant Land,32,45000,54265,28.57,225.6,FALSE,FALSE
Yarriambiack Shire,Regional Victoria,2025,Vacant Land,0,0,0,-100,0,FALSE,TRUE
